"Feature","Gene","Probe","Summed_Counts"
"16s-unprocessed","16s","unprocessed",0
"LELOBEKK-04286","LELOBEKK","04286",4
"LELOBEKKtfaE-2","LELOBEKKtfaE","2",0
"MS2-fwd-11","MS2","fwd",4
"YFP-1","YFP","1",0
"aaeA-1","aaeA","1",1134
"aaeB-1","aaeB","1",793
"aaeR-2","aaeR","2",327
"aaeX-4","aaeX","4",69
"aas-5","aas","5",327
"aat-1","aat","1",138
"abgA-1","abgA","1",0
"abgB-5","abgB","5",71
"abgR-2","abgR","2",63
"abgT-4","abgT","4",85
"abrB-1","abrB","1",27
"accA-4","accA","4",1417
"accB-2","accB","2",774
"accC-5","accC","5",2748
"accD-3","accD","3",859
"aceA-5","aceA","5",2854
"aceB-1","aceB","1",2327
"aceE-1","aceE","1",5365
"aceF-5","aceF","5",145
"aceK-5","aceK","5",268
"ackA-4","ackA","4",1584
"acnA-3","acnA","3",1929
"acnB-5","acnB","5",2030
"acpH-4","acpH","4",2
"acpP-1","acpP","1",6745
"acpS-4","acpS","4",99
"acpT-4","acpT","4",10
"acrA-5","acrA","5",899
"acrB-5","acrB","5",1073
"acrD-3","acrD","3",222
"acrE-2","acrE","2",17
"acrF-2","acrF","2",79
"acrR-2","acrR","2",139
"acs-3","acs","3",56
"actP-4","actP","4",39
"ada-1","ada","1",0
"add-1","add","1",17
"ade-5","ade","5",60
"adhE-2","adhE","2",1477
"adhP-1","adhP","1",1398
"adiA-2","adiA","2",88
"adiC-1","adiC","1",35
"adiY-4","adiY","4",37
"adk-1","adk","1",0
"aegA-1","aegA","1",91
"aer-1","aer","1",209
"aes-5","aes","5",229
"afuB-5","afuB","5",243
"afuC-1","afuC","1",0
"agaA-1","agaA","1",0
"agaB-4","agaB","4",30
"agaC-5","agaC","5",20
"agaD-5","agaD","5",47
"agaI-2","agaI","2",48
"agaR-1","agaR","1",58
"agaS-1","agaS","1",0
"agaV-2","agaV","2",40
"agaW-4","agaW","4",23
"agp-1","agp","1",130
"ahpC-5","ahpC","5",13419
"ahpF-1","ahpF","1",4638
"aidB-2","aidB","2",106
"ais-5","ais","5",32
"alaS-2","alaS","2",3307
"alaw-1","alaw","1",0
"aldA-4","aldA","4",288
"aldB-2","aldB","2",21
"alkA-1","alkA","1",0
"alkB-2","alkB","2",433
"allA-2","allA","2",8
"allB-1","allB","1",11
"allC-1","allC","1",39
"allD-5","allD","5",25
"allR-1","allR","1",799
"alpA-4","alpA","4",4
"alr-5","alr","5",1033
"alsA-1","alsA","1",31
"alsB-5","alsB","5",65
"alsC-3","alsC","3",7
"alsE-3","alsE","3",6
"alsK-2","alsK","2",33
"alx-1","alx","1",344
"amiA-4","amiA","4",2335
"amiB-3","amiB","3",1207
"amiC-3","amiC","3",174
"amn-3","amn","3",518
"ampC-4","ampC","4",100
"ampD-2","ampD","2",102
"ampE-2","ampE","2",43
"ampG-4","ampG","4",340
"ampH-1","ampH","1",184
"amtB-4","amtB","4",16
"amyA-3","amyA","3",330
"anmK-3","anmK","3",380
"ansA-1","ansA","1",714
"ansB-5","ansB","5",428
"ansP-5","ansP","5",2
"apaG-5","apaG","5",878
"apaH-5","apaH","5",332
"aphA-2","aphA","2",220
"appA-5","appA","5",171
"appB-3","appB","3",42
"appC-3","appC","3",50
"appY-3","appY","3",2
"apt-1","apt","1",0
"aqpZ-3","aqpZ","3",94
"araA-1","araA","1",0
"araB-1","araB","1",0
"araD-1","araD","1",0
"araE-1","araE","1",0
"araF-4","araF","4",378
"araG-2","araG","2",169
"araH-3","araH","3",15
"araJ-5","araJ","5",87
"arcA-2","arcA","2",3366
"arcB-2","arcB","2",651
"argA-3","argA","3",88
"argB-1","argB","1",0
"argC-2","argC","2",50
"argD-4","argD","4",118
"argE-3","argE","3",148
"argF-3","argF","3",449
"argG-2","argG","2",286
"argH-1","argH","1",0
"argI-5","argI","5",1
"argK-2","argK","2",1
"argO-5","argO","5",2
"argP-5","argP","5",3
"argR-1","argR","1",615
"argS-1","argS","1",1757
"argT-5","argT","5",503
"arnA-2","arnA","2",321
"arnB-5","arnB","5",216
"arnC-3","arnC","3",138
"arnT-5","arnT","5",131
"aroA-3","aroA","3",643
"aroB-2","aroB","2",1688
"aroC-1","aroC","1",0
"aroD-2","aroD","2",88
"aroE-3","aroE","3",897
"aroF-1","aroF","1",3219
"aroG-1","aroG","1",617
"aroH-4","aroH","4",144
"aroK-1","aroK","1",2606
"aroL-5","aroL","5",16
"aroM-4","aroM","4",2056
"aroP-2","aroP","2",373
"arpA-5","arpA","5",56
"arpB-10","arpB","10",35
"arsB-2","arsB","2",583
"arsC-4","arsC","4",632
"arsR-2","arsR","2",42
"artI-3","artI","3",350
"artJ-2","artJ","2",81
"artM-5","artM","5",468
"artP-2","artP","2",13
"artQ-5","artQ","5",395
"ascB-1","ascB","1",177
"ascF-2","ascF","2",27
"ascG-1","ascG","1",166
"asd-1","asd","1",558
"aslA-2","aslA","2",48
"aslB-4","aslB","4",246
"asmA-3","asmA","3",1198
"asnA-5","asnA","5",204
"asnB-5","asnB","5",755
"asnC-5","asnC","5",58
"asnS-4","asnS","4",3391
"aspA-4","aspA","4",241
"aspC-1","aspC","1",1661
"aspS-5","aspS","5",2677
"aspv-1","aspv","1",0
"asr-4","asr","4",4
"astA-2","astA","2",87
"astB-2","astB","2",105
"astC-1","astC","1",121
"astD-3","astD","3",126
"astE-1","astE","1",38
"atoA-1","atoA","1",0
"atoB-2","atoB","2",20
"atoC-5","atoC","5",102
"atoD-2","atoD","2",3
"atoE-2","atoE","2",30
"atoS-4","atoS","4",69
"atpA-3","atpA","3",1039
"atpB-5","atpB","5",96
"atpC-3","atpC","3",17
"atpD-2","atpD","2",361
"atpE-4","atpE","4",784
"atpF-1","atpF","1",0
"atpG-4","atpG","4",2
"atpH-5","atpH","5",782
"atpI-5","atpI","5",32
"avtA-2","avtA","2",1312
"azoR-3","azoR","3",2892
"bacA-1","bacA","1",128
"baeR-1","baeR","1",0
"baeS-2","baeS","2",58
"barA-1","barA","1",239
"basR-1","basR","1",140
"basS-5","basS","5",131
"bax-4","bax","4",4009
"bcp-2","bcp","2",540
"bcr-3","bcr","3",196
"bcsA-2","bcsA","2",23
"bcsB-2","bcsB","2",90
"bcsC-1","bcsC","1",4
"bcsE-5","bcsE","5",863
"bcsF-2","bcsF","2",110
"bcsG-1","bcsG","1",334
"bcsZ-1","bcsZ","1",0
"bdm-5","bdm","5",90
"betA-5","betA","5",790
"betB-1","betB","1",6
"betI-5","betI","5",17
"betT-1","betT","1",1753
"bfd-2","bfd","2",537
"bfr-3","bfr","3",1764
"bglA-3","bglA","3",583
"bglB-1","bglB","1",24
"bglF-4","bglF","4",25
"bglG-2","bglG","2",16
"bglH-5","bglH","5",25
"bglJ-5","bglJ","5",47
"bglX-5","bglX","5",306
"bioA-1","bioA","1",144
"bioB-2","bioB","2",1
"bioC-4","bioC","4",2
"bioD-4","bioD","4",54
"bioF-4","bioF","4",2
"bioH-3","bioH","3",77
"bipA-2","bipA","2",11250
"birA-1","birA","1",1290
"bisC-5","bisC","5",273
"blc-5","blc","5",150
"blr-5","blr","5",226
"bolA-4","bolA","4",294
"brnQ-4","brnQ","4",57
"bssR-3","bssR","3",1331
"bssS-1","bssS","1",1441
"btuB-2","btuB","2",491
"btuC-3","btuC","3",194
"btuD-4","btuD","4",198
"btuE-4","btuE","4",80
"btuF-5","btuF","5",79
"btuR-4","btuR","4",178
"cadA-4","cadA","4",41
"cadB-5","cadB","5",51
"cadC-3","cadC","3",55
"caiA-5","caiA","5",137
"caiB-4","caiB","4",397
"caiC-5","caiC","5",331
"caiD-1","caiD","1",13
"caiE-4","caiE","4",16
"caiF-3","caiF","3",102
"caiT-3","caiT","3",23
"camR-1","camR","1",0
"can-5","can","5",115
"carA-4","carA","4",12
"carB-4","carB","4",430
"cbl-1","cbl","1",184
"cbpA-2","cbpA","2",253
"cbpM-1","cbpM","1",9
"cbrA-2","cbrA","2",75
"cbrC-1","cbrC","1",149
"cca-5","cca","5",43
"cchA-1","cchA","1",0
"cchB-5","cchB","5",17
"ccmA-4","ccmA","4",108
"ccmB-1","ccmB","1",0
"ccmC-1","ccmC","1",0
"ccmD-1","ccmD","1",0
"ccmE-3","ccmE","3",129
"ccmF-1","ccmF","1",0
"ccmG-2","ccmG","2",50
"ccmH-2","ccmH","2",14
"cdaR-5","cdaR","5",10
"cdd-4","cdd","4",516
"cdh-1","cdh","1",175
"cdsA-1","cdsA","1",1969
"cedA-1","cedA","1",192
"cfa-5","cfa","5",2983
"chaA-4","chaA","4",301
"chaB-2","chaB","2",5
"chaC-1","chaC","1",709
"chbA-5","chbA","5",62
"chbB-1","chbB","1",42
"chbC-1","chbC","1",178
"chbF-1","chbF","1",49
"chbG-2","chbG","2",209
"chbR-1","chbR","1",81
"cheA-3","cheA","3",99
"cheB-3","cheB","3",61
"cheR-1","cheR","1",0
"cheW-2","cheW","2",4
"cheY-1","cheY","1",0
"cheZ-3","cheZ","3",63
"chiA-5","chiA","5",127
"cho-3","cho","3",644
"chpA-3","chpA","3",64
"chpB-4","chpB","4",1
"chpR-5","chpR","5",811
"chpS-1","chpS","1",0
"cirA-1","cirA","1",567
"citA-2","citA","2",312
"citB-4","citB","4",249
"citC-2","citC","2",14
"citD-1","citD","1",0
"citE-1","citE","1",0
"citF-1","citF","1",0
"citG-1","citG","1",0
"citT-3","citT","3",35
"citX-4","citX","4",2
"clcA-5","clcA","5",425
"clcB-5","clcB","5",254
"cld-5","cld","5",2136
"clpA-3","clpA","3",3789
"clpB-5","clpB","5",4964
"clpP-3","clpP","3",3720
"clpS-3","clpS","3",12
"clpX-4","clpX","4",6543
"cls-4","cls","4",390
"cmk-1","cmk","1",932
"cmr-1","cmr","1",155
"cmtA-3","cmtA","3",43
"cmtB-5","cmtB","5",15
"coaA-1","coaA","1",286
"coaD-2","coaD","2",13
"coaE-1","coaE","1",341
"cobB-1","cobB","1",496
"cobC-1","cobC","1",94
"cobS-1","cobS","1",80
"cobT-3","cobT","3",176
"cobU-5","cobU","5",287
"codA-1","codA","1",0
"codB-2","codB","2",32
"cof-5","cof","5",191
"copA-2","copA","2",2491
"corA-4","corA","4",338
"cpdA-1","cpdA","1",0
"cpdB-4","cpdB","4",39
"cpsB-4","cpsB","4",80
"cpsG-3","cpsG","3",51
"cpxA-5","cpxA","5",957
"cpxP-2","cpxP","2",81
"cpxR-4","cpxR","4",877
"crcA-1","crcA","1",28
"crcB-3","crcB","3",402
"creA-5","creA","5",11
"creB-3","creB","3",14
"creC-2","creC","2",295
"creD-4","creD","4",73
"crl-3","crl","3",1418
"crp-1","crp","1",0
"crr-1","crr","1",4356
"csdA-3","csdA","3",56
"csgA-2","csgA","2",2
"csgB-3","csgB","3",23
"csgC-1","csgC","1",24
"csgD-3","csgD","3",108
"csgE-5","csgE","5",28
"csgF-3","csgF","3",30
"csgG-4","csgG","4",62
"csiE-3","csiE","3",472
"csiR-3","csiR","3",20
"cspA-3","cspA","3",5256
"cspB-3","cspB","3",929
"cspC-1","cspC","1",0
"cspD-5","cspD","5",11
"cspE-1","cspE","1",0
"cspF-4","cspF","4",24
"cspG-3","cspG","3",12341
"cspH-1","cspH","1",0
"cspI-3","cspI","3",61
"csrA-1","csrA","1",335
"csrb-1","csrb","1",1
"cstA-5","cstA","5",250
"cueO-5","cueO","5",904
"cueR-1","cueR","1",0
"cusA-4","cusA","4",98
"cusB-1","cusB","1",46
"cusC-3","cusC","3",26
"cusF-1","cusF","1",45
"cusR-5","cusR","5",318
"cusS-3","cusS","3",162
"cutA-1","cutA","1",203
"cutC-1","cutC","1",297
"cvpA-1","cvpA","1",92
"cvrA-4","cvrA","4",476
"cyaA-4","cyaA","4",1776
"cyaY-1","cyaY","1",0
"cybB-4","cybB","4",157
"cybC-4","cybC","4",127
"cycA-4","cycA","4",882
"cydA-1","cydA","1",580
"cydB-2","cydB","2",1954
"cydC-4","cydC","4",555
"cydD-2","cydD","2",687
"cynR-3","cynR","3",165
"cynS-4","cynS","4",118
"cynT-3","cynT","3",48
"cynX-1","cynX","1",0
"cyoA-5","cyoA","5",5671
"cyoB-5","cyoB","5",5186
"cyoC-1","cyoC","1",3439
"cyoD-3","cyoD","3",97
"cyoE-1","cyoE","1",0
"cysA-4","cysA","4",32
"cysB-5","cysB","5",2872
"cysC-1","cysC","1",0
"cysD-3","cysD","3",103
"cysE-1","cysE","1",202
"cysG-3","cysG","3",207
"cysH-3","cysH","3",102
"cysI-2","cysI","2",77
"cysJ-5","cysJ","5",99
"cysK-4","cysK","4",1092
"cysM-1","cysM","1",0
"cysN-4","cysN","4",50
"cysP-5","cysP","5",76
"cysQ-3","cysQ","3",10
"cysS-4","cysS","4",515
"cysU-1","cysU","1",0
"cysW-1","cysW","1",0
"cysZ-3","cysZ","3",361
"cytR-1","cytR","1",483
"dacA-4","dacA","4",1554
"dacB-2","dacB","2",842
"dacC-2","dacC","2",646
"dacD-3","dacD","3",453
"dadA-3","dadA","3",200
"dadX-2","dadX","2",66
"dam-4","dam","4",683
"damX-5","damX","5",2353
"dapA-1","dapA","1",4212
"dapB-4","dapB","4",50
"dapD-1","dapD","1",347
"dapE-1","dapE","1",281
"dapF-1","dapF","1",0
"dbpA-1","dbpA","1",405
"dcd-4","dcd","4",477
"dcm-3","dcm","3",31
"dcp-5","dcp","5",415
"dcrB-5","dcrB","5",1226
"dctA-4","dctA","4",565
"dcuA-4","dcuA","4",374
"dcuB-1","dcuB","1",44
"dcuC-2","dcuC","2",24
"dcuD-1","dcuD","1",50
"dcuR-3","dcuR","3",271
"dcuS-1","dcuS","1",247
"dcyD-5","dcyD","5",543
"ddlA-4","ddlA","4",572
"ddlB-5","ddlB","5",104
"ddpA-3","ddpA","3",31
"ddpB-1","ddpB","1",17
"ddpC-4","ddpC","4",72
"ddpD-1","ddpD","1",41
"ddpF-2","ddpF","2",16
"ddpX-2","ddpX","2",48
"deaD-2","deaD","2",26773
"dedA-1","dedA","1",1317
"dedD-1","dedD","1",0
"def-2","def","2",2386
"degP-2","degP","2",661
"degQ-5","degQ","5",360
"degS-2","degS","2",313
"deoA-5","deoA","5",42
"deoB-5","deoB","5",291
"deoC-2","deoC","2",106
"deoD-1","deoD","1",1052
"deoR-1","deoR","1",7
"der-3","der","3",1088
"dfp-4","dfp","4",1647
"dgkA-1","dgkA","1",0
"dgoA-1","dgoA","1",0
"dgoD-5","dgoD","5",167
"dgoK-1","dgoK","1",216
"dgoR-4","dgoR","4",37
"dgoT-1","dgoT","1",0
"dgsA-5","dgsA","5",514
"dgt-1","dgt","1",198
"dhaK-1","dhaK","1",166
"dhaL-1","dhaL","1",138
"dhaM-3","dhaM","3",169
"dhaR-2","dhaR","2",225
"diaA-4","diaA","4",591
"dicA-2","dicA","2",196
"dicB-1","dicB","1",1
"dicC-5","dicC","5",40
"dinB-3","dinB","3",2
"dinD-1","dinD","1",237
"dinF-4","dinF","4",338
"dinG-5","dinG","5",1000
"dinI-5","dinI","5",129
"dinJ-5","dinJ","5",1191
"dipZ-2","dipZ","2",261
"djlA-5","djlA","5",17
"djlB-2","djlB","2",56
"djlC-1","djlC","1",78
"dkgA-1","dkgA","1",383
"dkgB-3","dkgB","3",255
"dksA-4","dksA","4",24
"dld-1","dld","1",485
"dmsA-3","dmsA","3",149
"dmsB-4","dmsB","4",186
"dmsC-2","dmsC","2",3
"dmsD-1","dmsD","1",674
"dnaA-3","dnaA","3",14343
"dnaB-5","dnaB","5",1562
"dnaC-4","dnaC","4",1136
"dnaE-4","dnaE","4",373
"dnaG-2","dnaG","2",5785
"dnaJ-2","dnaJ","2",5333
"dnaK-4","dnaK","4",8170
"dnaN-3","dnaN","3",298
"dnaQ-2","dnaQ","2",171
"dnaT-1","dnaT","1",0
"dnaX-2","dnaX","2",3869
"dos-5","dos","5",70
"dppA-3","dppA","3",726
"dppB-4","dppB","4",8
"dppC-1","dppC","1",80
"dppD-4","dppD","4",99
"dppF-5","dppF","5",26
"dps-5","dps","5",782
"dsbA-2","dsbA","2",828
"dsbB-1","dsbB","1",579
"dsbC-5","dsbC","5",1357
"dsbG-3","dsbG","3",304
"dsdA-5","dsdA","5",177
"dsdC-3","dsdC","3",111
"dsdX-5","dsdX","5",51
"dsrB-3","dsrB","3",60
"dtd-1","dtd","1",80
"dusA-4","dusA","4",1069
"dusB-5","dusB","5",257
"dusC-3","dusC","3",107
"dut-2","dut","2",54
"dxr-3","dxr","3",180
"dxs-3","dxs","3",211
"eaeH-4","eaeH","4",18
"eamA-2","eamA","2",183
"ebgA-3","ebgA","3",137
"ebgC-5","ebgC","5",34
"ebgR-5","ebgR","5",389
"ecfK-5","ecfK","5",1902
"ecnA-1","ecnA","1",0
"ecnB-1","ecnB","1",0
"eco-1","eco","1",212
"ecpD-1","ecpD","1",34
"eda-1","eda","1",39
"edd-1","edd","1",229
"efeU-3","efeU","3",7
"efp-5","efp","5",1072
"elaA-5","elaA","5",198
"elaB-3","elaB","3",176
"elaC-4","elaC","4",288
"elaD-1","elaD","1",61
"elbA-4","elbA","4",3
"elbB-4","elbB","4",558
"emrA-1","emrA","1",1234
"emrB-2","emrB","2",67
"emrD-5","emrD","5",446
"emrE-3","emrE","3",148
"emrK-1","emrK","1",49
"emrY-3","emrY","3",23
"emtA-4","emtA","4",192
"endA-5","endA","5",18
"eno-2","eno","2",6736
"entA-3","entA","3",54
"entB-3","entB","3",8
"entC-5","entC","5",269
"entD-5","entD","5",189
"entE-4","entE","4",25
"entF-3","entF","3",198
"envC-3","envC","3",988
"envR-2","envR","2",46
"envY-5","envY","5",51
"envZ-4","envZ","4",11
"epd-5","epd","5",1102
"eptA-3","eptA","3",23
"eptB-2","eptB","2",573
"era-3","era","3",1936
"erfK-3","erfK","3",420
"essD-4","essD","4",29
"essQ-5","essQ","5",180
"etk-3","etk","3",95
"etp-5","etp","5",62
"eutA-4","eutA","4",13
"eutB-5","eutB","5",1
"eutC-5","eutC","5",35
"eutE-2","eutE","2",27
"eutG-5","eutG","5",13
"eutH-5","eutH","5",33
"eutI-1","eutI","1",4
"eutJ-1","eutJ","1",0
"eutL-1","eutL","1",0
"eutP-3","eutP","3",14
"eutQ-5","eutQ","5",1
"eutT-1","eutT","1",0
"evgA-4","evgA","4",949
"evgS-4","evgS","4",478
"exbB-5","exbB","5",3079
"exbD-2","exbD","2",3819
"exoX-3","exoX","3",434
"exuR-5","exuR","5",2038
"exuT-1","exuT","1",106
"fabA-4","fabA","4",1525
"fabB-5","fabB","5",1319
"fabD-5","fabD","5",66
"fabF-3","fabF","3",4303
"fabG-1","fabG","1",1654
"fabH-5","fabH","5",61
"fabI-1","fabI","1",0
"fabR-3","fabR","3",527
"fabZ-2","fabZ","2",2801
"fadA-1","fadA","1",0
"fadB-1","fadB","1",44
"fadD-3","fadD","3",448
"fadE-1","fadE","1",2223
"fadH-3","fadH","3",17
"fadJ-5","fadJ","5",405
"fadK-3","fadK","3",63
"fadL-4","fadL","4",267
"fadR-2","fadR","2",1004
"fbaA-4","fbaA","4",1884
"fbaB-1","fbaB","1",1027
"fbp-3","fbp","3",368
"fcl-1","fcl","1",0
"fdhD-4","fdhD","4",612
"fdhE-3","fdhE","3",319
"fdhF-1","fdhF","1",182
"fdnG-3","fdnG","3",85
"fdnH-5","fdnH","5",14
"fdnI-3","fdnI","3",40
"fdoG-5","fdoG","5",2632
"fdoH-1","fdoH","1",243
"fdoI-4","fdoI","4",596
"fdrA-5","fdrA","5",84
"fdx-2","fdx","2",1358
"feaB-1","feaB","1",130
"feaR-1","feaR","1",80
"fecA-1","fecA","1",346
"fecB-5","fecB","5",118
"fecC-1","fecC","1",0
"fecD-1","fecD","1",0
"fecE-2","fecE","2",26
"fecI-5","fecI","5",627
"fecR-1","fecR","1",0
"feoA-4","feoA","4",53
"feoB-2","feoB","2",1361
"fepA-1","fepA","1",829
"fepB-1","fepB","1",434
"fepC-3","fepC","3",199
"fepD-1","fepD","1",0
"fepE-1","fepE","1",77
"fepG-1","fepG","1",0
"fes-5","fes","5",10
"ffh-5","ffh","5",3670
"ffs-1","ffs","1",0
"fhlA-2","fhlA","2",296
"fhuA-4","fhuA","4",1949
"fhuB-5","fhuB","5",364
"fhuC-1","fhuC","1",0
"fhuD-3","fhuD","3",26
"fhuE-1","fhuE","1",249
"fhuF-3","fhuF","3",2264
"fic-4","fic","4",21
"fieF-3","fieF","3",1023
"fimA-4","fimA","4",3033
"fimB-3","fimB","3",50
"fimC-5","fimC","5",2034
"fimD-2","fimD","2",768
"fimE-3","fimE","3",50
"fimF-4","fimF","4",22
"fimG-1","fimG","1",11
"fimH-2","fimH","2",149
"fimI-4","fimI","4",5663
"fimZ-1","fimZ","1",24
"fis-1","fis","1",7353
"fiu-2","fiu","2",317
"fixA-1","fixA","1",17
"fixB-1","fixB","1",0
"fixC-5","fixC","5",29
"fixX-2","fixX","2",17
"fklB-1","fklB","1",73
"fkpA-1","fkpA","1",1407
"fkpB-2","fkpB","2",169
"fldA-4","fldA","4",1655
"fldB-4","fldB","4",180
"flgA-1","flgA","1",35
"flgB-3","flgB","3",33
"flgC-2","flgC","2",53
"flgD-2","flgD","2",12
"flgE-1","flgE","1",70
"flgF-1","flgF","1",0
"flgG-1","flgG","1",46
"flgH-5","flgH","5",59
"flgI-3","flgI","3",6
"flgJ-5","flgJ","5",48
"flgK-1","flgK","1",67
"flgL-3","flgL","3",61
"flgM-1","flgM","1",0
"flgN-1","flgN","1",68
"flhA-5","flhA","5",83
"flhB-1","flhB","1",17
"flhC-2","flhC","2",183
"flhD-5","flhD","5",39
"flhE-1","flhE","1",0
"fliA-2","fliA","2",48
"fliC-5","fliC","5",482
"fliD-1","fliD","1",190
"fliE-1","fliE","1",0
"fliF-2","fliF","2",23
"fliG-4","fliG","4",56
"fliH-2","fliH","2",4
"fliI-5","fliI","5",4
"fliJ-1","fliJ","1",49
"fliK-2","fliK","2",1
"fliL-3","fliL","3",36
"fliM-1","fliM","1",3
"fliN-3","fliN","3",18
"fliO-2","fliO","2",20
"fliP-4","fliP","4",22
"fliQ-1","fliQ","1",0
"fliR-2","fliR","2",44
"fliS-2","fliS","2",95
"fliT-1","fliT","1",92
"fliY-3","fliY","3",1239
"fliZ-3","fliZ","3",71
"flk-2","flk","2",188
"flu-2","flu","2",38
"flxA-2","flxA","2",22
"fmt-2","fmt","2",289
"fnr-5","fnr","5",356
"focA-1","focA","1",210
"focB-1","focB","1",33
"folA-1","folA","1",0
"folB-1","folB","1",38
"folC-5","folC","5",231
"folD-4","folD","4",339
"folE-2","folE","2",1426
"folK-3","folK","3",664
"folM-2","folM","2",193
"folP-5","folP","5",199
"folX-5","folX","5",312
"fpr-2","fpr","2",266
"frc-5","frc","5",50
"frdA-4","frdA","4",104
"frdB-2","frdB","2",117
"frdC-5","frdC","5",157
"frdD-1","frdD","1",0
"fre-1","fre","1",0
"frlA-1","frlA","1",13
"frlB-2","frlB","2",64
"frlC-2","frlC","2",61
"frlD-1","frlD","1",0
"frlR-4","frlR","4",110
"frmA-3","frmA","3",927
"frmB-1","frmB","1",1029
"frmR-1","frmR","1",18
"frr-4","frr","4",3495
"frsA-1","frsA","1",625
"fruA-4","fruA","4",673
"fruB-4","fruB","4",202
"fruK-2","fruK","2",19
"fruR-5","fruR","5",168
"frvA-1","frvA","1",0
"frvB-2","frvB","2",3
"frvR-3","frvR","3",40
"frvX-5","frvX","5",76
"frwB-1","frwB","1",0
"frwC-1","frwC","1",3
"frwD-1","frwD","1",0
"fsaA-3","fsaA","3",41
"fsaB-5","fsaB","5",15
"fsr-4","fsr","4",242
"ftn-5","ftn","5",581
"ftsA-5","ftsA","5",701
"ftsB-4","ftsB","4",619
"ftsE-3","ftsE","3",39
"ftsH-2","ftsH","2",15027
"ftsI-2","ftsI","2",718
"ftsK-5","ftsK","5",1672
"ftsL-1","ftsL","1",20
"ftsN-1","ftsN","1",0
"ftsQ-3","ftsQ","3",91
"ftsW-1","ftsW","1",186
"ftsX-2","ftsX","2",994
"ftsY-4","ftsY","4",396
"ftsZ-1","ftsZ","1",0
"fucA-2","fucA","2",35
"fucI-3","fucI","3",5
"fucK-1","fucK","1",62
"fucO-1","fucO","1",72
"fucP-4","fucP","4",20
"fucR-2","fucR","2",119
"fucU-2","fucU","2",37
"fumA-4","fumA","4",426
"fumB-1","fumB","1",4
"fumC-4","fumC","4",262
"fur-1","fur","1",1901
"fusA-2","fusA","2",4468
"fxsA-1","fxsA","1",2222
"gabD-4","gabD","4",4
"gabP-3","gabP","3",24
"gabT-1","gabT","1",5
"gadA-4","gadA","4",14
"gadB-3","gadB","3",368
"gadC-1","gadC","1",168
"gadE-2","gadE","2",1
"gadW-2","gadW","2",358
"gadX-3","gadX","3",311
"galE-3","galE","3",204
"galF-4","galF","4",679
"galM-3","galM","3",5
"galP-5","galP","5",149
"galR-1","galR","1",327
"galS-2","galS","2",1324
"galU-5","galU","5",724
"gapA-3","gapA","3",7149
"gapC-4","gapC","4",1898
"garD-1","garD","1",71
"garK-5","garK","5",53
"garL-3","garL","3",23
"garP-3","garP","3",29
"garR-5","garR","5",25
"gatA-1","gatA","1",41
"gatB-2","gatB","2",25
"gatC-1","gatC","1",32
"gatD-5","gatD","5",60
"gatR-12","gatR","12",63
"gatY-1","gatY","1",0
"gatZ-4","gatZ","4",261
"gcd-2","gcd","2",4255
"gcl-1","gcl","1",32
"gcvA-4","gcvA","4",1640
"gcvH-3","gcvH","3",171
"gcvP-1","gcvP","1",122
"gcvR-1","gcvR","1",472
"gcvT-3","gcvT","3",58
"gdhA-2","gdhA","2",311
"gfcD-3","gfcD","3",238
"ggt-5","ggt","5",193
"ghrB-3","ghrB","3",375
"gidA-3","gidA","3",5398
"gidB-4","gidB","4",1828
"glcA-2","glcA","2",62
"glcB-2","glcB","2",120
"glcC-5","glcC","5",574
"glcD-5","glcD","5",12
"glcE-5","glcE","5",33
"glcF-1","glcF","1",4
"glcG-1","glcG","1",0
"gldA-1","gldA","1",48
"glf-1","glf","1",84
"glgA-1","glgA","1",281
"glgB-5","glgB","5",503
"glgC-5","glgC","5",289
"glgP-1","glgP","1",185
"glgS-5","glgS","5",15
"glgX-3","glgX","3",219
"glk-3","glk","3",1425
"glmM-1","glmM","1",1208
"glmS-1","glmS","1",504
"glmU-4","glmU","4",296
"glnA-1","glnA","1",0
"glnB-4","glnB","4",19
"glnD-3","glnD","3",286
"glnE-2","glnE","2",532
"glnG-3","glnG","3",292
"glnH-5","glnH","5",1548
"glnK-1","glnK","1",0
"glnL-3","glnL","3",1796
"glnP-4","glnP","4",803
"glnQ-4","glnQ","4",79
"glnS-5","glnS","5",1807
"gloA-3","gloA","3",26
"gloB-1","gloB","1",267
"glpA-3","glpA","3",50
"glpB-4","glpB","4",1
"glpC-4","glpC","4",38
"glpD-2","glpD","2",12728
"glpE-2","glpE","2",40
"glpF-5","glpF","5",851
"glpG-2","glpG","2",165
"glpK-3","glpK","3",721
"glpQ-2","glpQ","2",158
"glpR-5","glpR","5",3816
"glpT-5","glpT","5",99
"glpX-4","glpX","4",24
"gltA-4","gltA","4",2630
"gltB-3","gltB","3",1597
"gltD-1","gltD","1",0
"gltF-1","gltF","1",39
"gltI-1","gltI","1",1215
"gltJ-4","gltJ","4",453
"gltK-1","gltK","1",365
"gltL-1","gltL","1",0
"gltP-4","gltP","4",117
"gltS-2","gltS","2",93
"gltX-3","gltX","3",1425
"glvC-14","glvC","14",63
"glvG-2","glvG","2",46
"glxK-3","glxK","3",83
"glxR-2","glxR","2",10
"glyA-5","glyA","5",990
"glyQ-1","glyQ","1",0
"glyS-3","glyS","3",434
"gmd-1","gmd","1",49
"gmhB-5","gmhB","5",428
"gmk-3","gmk","3",2635
"gmr-3","gmr","3",226
"gnd-1","gnd","1",1519
"gnsA-5","gnsA","5",310
"gnsB-5","gnsB","5",39
"gntK-1","gntK","1",811
"gntP-3","gntP","3",64
"gntR-5","gntR","5",1156
"gntT-4","gntT","4",726
"gntU-4","gntU","4",796
"gntX-2","gntX","2",100
"gntY-3","gntY","3",83
"gor-5","gor","5",1572
"gph-3","gph","3",300
"gpmA-2","gpmA","2",2223
"gpmI-2","gpmI","2",1118
"gpp-1","gpp","1",872
"gpsA-1","gpsA","1",501
"greA-4","greA","4",1400
"greB-1","greB","1",71
"groL-5","groL","5",11461
"groS-4","groS","4",1347
"grpE-4","grpE","4",1360
"grxA-4","grxA","4",1767
"grxB-5","grxB","5",1047
"grxC-3","grxC","3",9
"grxD-2","grxD","2",1148
"gshA-4","gshA","4",1518
"gshB-5","gshB","5",930
"gsk-2","gsk","2",1382
"gspA-4","gspA","4",40
"gspC-2","gspC","2",49
"gspD-3","gspD","3",117
"gspE-2","gspE","2",69
"gspF-1","gspF","1",27
"gspG-1","gspG","1",26
"gspH-5","gspH","5",24
"gspI-3","gspI","3",33
"gspJ-3","gspJ","3",56
"gspK-2","gspK","2",74
"gspL-1","gspL","1",84
"gspM-1","gspM","1",78
"gspO-1","gspO","1",89
"gss-1","gss","1",1203
"gst-1","gst","1",4
"guaA-5","guaA","5",2024
"guaB-2","guaB","2",15301
"guaC-1","guaC","1",1280
"guaD-3","guaD","3",50
"gudD-5","gudD","5",69
"gudP-5","gudP","5",41
"gudX-2","gudX","2",66
"gutM-4","gutM","4",34
"gutQ-1","gutQ","1",7
"gyrA-4","gyrA","4",3567
"gyrB-3","gyrB","3",2900
"hcaB-2","hcaB","2",7
"hcaC-1","hcaC","1",157
"hcaD-4","hcaD","4",37
"hcaE-3","hcaE","3",44
"hcaF-2","hcaF","2",315
"hcaR-1","hcaR","1",118
"hcaT-1","hcaT","1",336
"hchA-3","hchA","3",256
"hcp-5","hcp","5",32
"hcr-3","hcr","3",1
"hda-2","hda","2",384
"hdeA-1","hdeA","1",214
"hdeB-5","hdeB","5",33
"hdeD-1","hdeD","1",17
"hdfR-2","hdfR","2",338
"hdhA-4","hdhA","4",373
"helD-1","helD","1",534
"hemA-1","hemA","1",0
"hemB-5","hemB","5",2019
"hemC-4","hemC","4",932
"hemD-1","hemD","1",3
"hemE-1","hemE","1",1
"hemF-4","hemF","4",541
"hemG-3","hemG","3",485
"hemH-3","hemH","3",2231
"hemL-1","hemL","1",167
"hemN-4","hemN","4",48
"hemX-4","hemX","4",702
"hemY-4","hemY","4",690
"hepA-1","hepA","1",1656
"hflC-2","hflC","2",8
"hflD-1","hflD","1",0
"hflK-1","hflK","1",0
"hflX-2","hflX","2",2981
"hfq-4","hfq","4",3377
"hha-2","hha","2",308
"hinT-4","hinT","4",252
"hipA-3","hipA","3",270
"hipB-3","hipB","3",139
"hisA-1","hisA","1",0
"hisB-2","hisB","2",199
"hisC-3","hisC","3",72
"hisD-4","hisD","4",7
"hisF-1","hisF","1",29
"hisG-2","hisG","2",8
"hisH-1","hisH","1",2
"hisI-2","hisI","2",73
"hisJ-2","hisJ","2",747
"hisL-1","hisL","1",0
"hisM-2","hisM","2",316
"hisP-1","hisP","1",0
"hisQ-2","hisQ","2",221
"hisS-3","hisS","3",97
"hlpA-1","hlpA","1",0
"hlyE-2","hlyE","2",30
"hmp-4","hmp","4",210
"hns-2","hns","2",4188
"hofB-3","hofB","3",383
"hofC-2","hofC","2",4
"hofQ-1","hofQ","1",22
"hokA-2","hokA","2",4
"hokB-1","hokB","1",0
"hokC-1","hokC","1",0
"hokD-1","hokD","1",0
"hokE-4","hokE","4",100
"holA-4","holA","4",379
"holB-5","holB","5",1175
"holC-3","holC","3",172
"holD-1","holD","1",0
"holE-5","holE","5",126
"hpf-2","hpf","2",495
"hpt-3","hpt","3",588
"hrpA-5","hrpA","5",912
"hrpB-3","hrpB","3",552
"hscA-1","hscA","1",2496
"hscB-5","hscB","5",2263
"hscC-4","hscC","4",101
"hsdM-4","hsdM","4",98
"hsdR-3","hsdR","3",314
"hsdS-5","hsdS","5",216
"hslJ-2","hslJ","2",1404
"hslO-4","hslO","4",1310
"hslR-2","hslR","2",2608
"hslU-3","hslU","3",1746
"hslV-1","hslV","1",4988
"hspQ-4","hspQ","4",974
"hsrA-3","hsrA","3",120
"htgA-5","htgA","5",139
"htpG-2","htpG","2",2316
"htpX-5","htpX","5",308
"htrC-4","htrC","4",25
"htrE-1","htrE","1",25
"htrG-4","htrG","4",945
"htrL-1","htrL","1",422
"hupA-1","hupA","1",476
"hupB-4","hupB","4",2872
"hyaA-2","hyaA","2",15
"hyaB-5","hyaB","5",57
"hyaC-4","hyaC","4",240
"hyaD-5","hyaD","5",3
"hyaE-1","hyaE","1",0
"hyaF-4","hyaF","4",77
"hybA-1","hybA","1",0
"hybB-1","hybB","1",189
"hybC-2","hybC","2",446
"hybD-4","hybD","4",72
"hybE-3","hybE","3",39
"hybF-3","hybF","3",223
"hybG-1","hybG","1",11
"hybO-4","hybO","4",1279
"hycA-4","hycA","4",3
"hycB-2","hycB","2",1
"hycC-1","hycC","1",31
"hycD-1","hycD","1",0
"hycE-3","hycE","3",30
"hycF-1","hycF","1",0
"hycG-3","hycG","3",36
"hycH-4","hycH","4",97
"hycI-4","hycI","4",56
"hydN-1","hydN","1",0
"hyfA-1","hyfA","1",203
"hyfB-4","hyfB","4",114
"hyfC-1","hyfC","1",0
"hyfD-5","hyfD","5",6
"hyfE-1","hyfE","1",0
"hyfF-2","hyfF","2",106
"hyfG-5","hyfG","5",12
"hyfH-5","hyfH","5",3
"hyfI-5","hyfI","5",2
"hyfJ-1","hyfJ","1",83
"hyfR-5","hyfR","5",45
"hyi-1","hyi","1",66
"hypA-2","hypA","2",6
"hypB-1","hypB","1",166
"hypC-4","hypC","4",5
"hypD-2","hypD","2",22
"hypE-1","hypE","1",0
"hypF-5","hypF","5",3
"hyuA-1","hyuA","1",46
"iaaA-2","iaaA","2",134
"iadA-1","iadA","1",0
"iap-1","iap","1",521
"ibpA-2","ibpA","2",6428
"ibpB-2","ibpB","2",347
"icd-4","icd","4",2452
"icdC-3","icdC","3",2821
"iclR-4","iclR","4",263
"idi-5","idi","5",196
"idnD-1","idnD","1",32
"idnK-3","idnK","3",52
"idnO-3","idnO","3",63
"idnR-1","idnR","1",67
"idnT-3","idnT","3",123
"ihfA-5","ihfA","5",5543
"ihfB-4","ihfB","4",965
"ileS-1","ileS","1",1140
"ilvA-3","ilvA","3",33
"ilvB-2","ilvB","2",162
"ilvC-5","ilvC","5",211
"ilvD-1","ilvD","1",0
"ilvE-2","ilvE","2",10
"ilvG-2","ilvG","2",207
"ilvH-1","ilvH","1",129
"ilvI-4","ilvI","4",232
"ilvL-1","ilvL","1",0
"ilvM-2","ilvM","2",176
"ilvN-4","ilvN","4",150
"ilvY-1","ilvY","1",0
"imp-4","imp","4",2581
"inaA-3","inaA","3",311
"infA-1","infA","1",2002
"infB-3","infB","3",9212
"infC-3","infC","3",949
"insA-7-1","insA","7",0
"insC-2-3","insC","2",130
"insD-2-5","insD","2",26
"insE-4-3","insE","4",2034
"insF-4-4","insF","4",642
"insG-5","insG","5",101
"insH-1-1","insH","1",3734
"insI-1-1","insI","1",548
"insJ-2","insJ","2",1182
"insK-5","insK","5",540
"insL-3-4","insL","3",6495
"insM-1","insM","1",81
"insN-2-4","insN","2",424
"insO-2-5","insO","2",151
"intA-3","intA","3",328
"intB-2","intB","2",249
"intD-2","intD","2",382
"intE-1","intE","1",53
"intF-5","intF","5",799
"intG-5","intG","5",83
"intQ-5","intQ","5",82
"intR-1","intR","1",23
"intS-2","intS","2",86
"intZ-5","intZ","5",27
"iraP-1","iraP","1",57
"iscA-1","iscA","1",3641
"iscR-2","iscR","2",9698
"iscS-5","iscS","5",551
"iscU-4","iscU","4",3751
"ispA-3","ispA","3",1
"ispB-5","ispB","5",847
"ispD-1","ispD","1",0
"ispE-5","ispE","5",1225
"ispF-2","ispF","2",443
"ispG-1","ispG","1",0
"ispH-4","ispH","4",376
"ispU-3","ispU","3",2376
"ivbL-1","ivbL","1",0
"ivy-4","ivy","4",188
"kanR-1","kanR","1",0
"katE-2","katE","2",845
"katG-5","katG","5",8168
"kbaY-2","kbaY","2",10
"kbaZ-5","kbaZ","5",4
"kbl-2","kbl","2",927
"kch-2","kch","2",129
"kdgK-4","kdgK","4",18
"kdgR-1","kdgR","1",202
"kdgT-5","kdgT","5",78
"kdpA-2","kdpA","2",20
"kdpB-3","kdpB","3",1
"kdpC-1","kdpC","1",0
"kdpD-2","kdpD","2",259
"kdpE-2","kdpE","2",1
"kdpF-2","kdpF","2",5
"kdsA-1","kdsA","1",4767
"kdsB-2","kdsB","2",385
"kdsC-4","kdsC","4",917
"kdsD-1","kdsD","1",1347
"kdtA-5","kdtA","5",452
"kduD-1","kduD","1",0
"kduI-4","kduI","4",109
"kefA-3","kefA","3",925
"kefB-4","kefB","4",495
"kefC-2","kefC","2",180
"kefF-2","kefF","2",22
"kefG-5","kefG","5",470
"kgtP-4","kgtP","4",7930
"kil-1","kil","1",3
"kptA-5","kptA","5",42
"ksgA-5","ksgA","5",186
"lafU-2","lafU","2",37
"lamB-1","lamB","1",63
"lar-1","lar","1",0
"ldcA-1","ldcA","1",4
"ldcC-3","ldcC","3",359
"ldhA-5","ldhA","5",1669
"ldrB-1","ldrB","1",0
"ldrC-3","ldrC","3",30
"ldrD-1","ldrD","1",0
"lepA-2","lepA","2",5078
"lepB-2","lepB","2",857
"leuA-4","leuA","4",92
"leuB-4","leuB","4",145
"leuC-2","leuC","2",232
"leuD-1","leuD","1",0
"leuL-3","leuL","3",12
"leuO-3","leuO","3",33
"leuS-3","leuS","3",3105
"lfhA-5","lfhA","5",46
"lgt-4","lgt","4",177
"lhr-5","lhr","5",81
"ligA-2","ligA","2",324
"ligB-1","ligB","1",135
"ligT-1","ligT","1",0
"lipA-1","lipA","1",0
"lipB-4","lipB","4",1767
"lit-1","lit","1",46
"livF-4","livF","4",25
"livG-1","livG","1",60
"livH-5","livH","5",188
"livJ-3","livJ","3",219
"livK-3","livK","3",146
"livM-5","livM","5",8
"lldD-2","lldD","2",221
"lldP-5","lldP","5",151
"lldR-2","lldR","2",4
"lnt-3","lnt","3",48
"lolA-2","lolA","2",740
"lolB-5","lolB","5",1059
"lolC-3","lolC","3",596
"lolD-3","lolD","3",1328
"lolE-1","lolE","1",516
"lomR-5","lomR","5",7
"lon-5","lon","5",2594
"lpcA-2","lpcA","2",212
"lpd-1","lpd","1",4477
"lplA-1","lplA","1",149
"lpp-2","lpp","2",68
"lpxA-1","lpxA","1",1835
"lpxB-5","lpxB","5",202
"lpxC-2","lpxC","2",5361
"lpxD-4","lpxD","4",755
"lpxH-5","lpxH","5",103
"lpxK-4","lpxK","4",25
"lpxL-1","lpxL","1",644
"lpxM-4","lpxM","4",777
"lpxP-2","lpxP","2",3348
"lrhA-1","lrhA","1",2708
"lrp-2","lrp","2",974
"lspA-3","lspA","3",177
"lsrA-5","lsrA","5",22
"lsrB-2","lsrB","2",68
"lsrC-1","lsrC","1",0
"lsrD-1","lsrD","1",65
"lsrF-3","lsrF","3",88
"lsrG-2","lsrG","2",18
"lsrK-4","lsrK","4",204
"lsrR-5","lsrR","5",25
"ltaE-5","ltaE","5",298
"luxS-1","luxS","1",891
"lysA-2","lysA","2",79
"lysC-1","lysC","1",26
"lysP-1","lysP","1",461
"lysR-3","lysR","3",3
"lysS-1","lysS","1",1028
"lysU-5","lysU","5",1395
"lyxK-3","lyxK","3",28
"mCherry-1","mCherry","1",0
"maa-2","maa","2",2056
"macA-3","macA","3",341
"macB-1","macB","1",338
"maeB-4","maeB","4",364
"mak-4","mak","4",123
"malF-2","malF","2",81
"malG-1","malG","1",36
"malI-3","malI","3",1
"malK-2","malK","2",8
"malM-4","malM","4",86
"malP-1","malP","1",171
"malQ-5","malQ","5",1
"malS-5","malS","5",63
"malT-2","malT","2",217
"malX-2","malX","2",107
"malY-2","malY","2",322
"malZ-5","malZ","5",247
"manA-3","manA","3",80
"manX-4","manX","4",110
"manY-5","manY","5",186
"manZ-3","manZ","3",438
"maoC-5","maoC","5",48
"map-3","map","3",903
"marA-3","marA","3",153
"marB-3","marB","3",99
"marC-4","marC","4",1
"marR-3","marR","3",5372
"mazG-1","mazG","1",808
"mcrA-3","mcrA","3",65
"mcrB-5","mcrB","5",67
"mcrC-4","mcrC","4",46
"mdaB-1","mdaB","1",170
"mdh-1","mdh","1",136
"mdlA-2","mdlA","2",598
"mdlB-2","mdlB","2",588
"mdoB-3","mdoB","3",299
"mdoC-2","mdoC","2",78
"mdoD-5","mdoD","5",314
"mdoG-4","mdoG","4",2470
"mdoH-1","mdoH","1",945
"mdtA-1","mdtA","1",194
"mdtB-5","mdtB","5",173
"mdtC-5","mdtC","5",71
"mdtD-3","mdtD","3",1
"mdtE-1","mdtE","1",0
"mdtF-3","mdtF","3",109
"mdtG-5","mdtG","5",1016
"mdtH-1","mdtH","1",0
"mdtI-4","mdtI","4",1331
"mdtJ-2","mdtJ","2",1081
"mdtK-4","mdtK","4",635
"mdtL-5","mdtL","5",22
"mdtQ-12","mdtQ","12",62
"melA-5","melA","5",80
"melB-3","melB","3",177
"melR-2","melR","2",75
"menA-5","menA","5",340
"menB-1","menB","1",0
"menC-1","menC","1",0
"menD-3","menD","3",15
"menE-5","menE","5",86
"menF-5","menF","5",184
"mepA-1","mepA","1",62
"metA-4","metA","4",35
"metB-5","metB","5",9
"metC-3","metC","3",129
"metE-3","metE","3",226
"metF-5","metF","5",88
"metG-4","metG","4",1608
"metH-1","metH","1",93
"metI-1","metI","1",137
"metJ-4","metJ","4",19
"metK-1","metK","1",380
"metL-1","metL","1",0
"metN-1","metN","1",0
"metQ-1","metQ","1",255
"metR-4","metR","4",2
"mfd-4","mfd","4",1074
"mglA-2","mglA","2",99
"mglB-1","mglB","1",828
"mglC-5","mglC","5",52
"mgsA-3","mgsA","3",81
"mgtA-5","mgtA","5",425
"mhpA-5","mhpA","5",25
"mhpB-4","mhpB","4",1
"mhpC-5","mhpC","5",12
"mhpD-1","mhpD","1",41
"mhpE-5","mhpE","5",13
"mhpF-3","mhpF","3",53
"mhpR-3","mhpR","3",64
"mhpT-1","mhpT","1",0
"miaA-1","miaA","1",1009
"miaB-3","miaB","3",2148
"minC-2","minC","2",553
"minD-4","minD","4",928
"minE-3","minE","3",79
"mioC-3","mioC","3",2685
"mipA-1","mipA","1",1070
"mlrA-1","mlrA","1",0
"mltA-5","mltA","5",766
"mltB-3","mltB","3",2
"mltC-3","mltC","3",774
"mltD-1","mltD","1",1054
"mmuM-1","mmuM","1",0
"mmuP-5","mmuP","5",91
"mngA-1","mngA","1",39
"mngB-2","mngB","2",189
"mngR-2","mngR","2",286
"mnmA-5","mnmA","5",455
"mnmC-1","mnmC","1",439
"mnmE-3","mnmE","3",336
"mntH-3","mntH","3",4745
"mntR-4","mntR","4",25
"moaA-4","moaA","4",2335
"moaB-1","moaB","1",137
"moaC-1","moaC","1",15
"moaD-1","moaD","1",0
"moaE-4","moaE","4",12
"mobA-5","mobA","5",93
"mobB-1","mobB","1",137
"modA-5","modA","5",568
"modB-3","modB","3",450
"modC-5","modC","5",76
"modE-5","modE","5",14
"modF-1","modF","1",147
"moeA-3","moeA","3",586
"moeB-3","moeB","3",177
"mog-4","mog","4",8
"mokB-1","mokB","1",14
"mokC-3","mokC","3",12
"molR-16","molR","16",188
"motA-1","motA","1",14
"motB-3","motB","3",73
"mpaA-2","mpaA","2",5
"mpl-3","mpl","3",120
"mppA-1","mppA","1",287
"mprA-2","mprA","2",13
"mqo-5","mqo","5",45
"mqsR-4","mqsR","4",1514
"mraW-5","mraW","5",1
"mraY-1","mraY","1",93
"mraZ-2","mraZ","2",1140
"mrcA-3","mrcA","3",129
"mrcB-3","mrcB","3",652
"mrdA-4","mrdA","4",559
"mrdB-1","mrdB","1",922
"mreB-3","mreB","3",1
"mreC-2","mreC","2",2498
"mreD-4","mreD","4",288
"mrp-3","mrp","3",1141
"mrr-5","mrr","5",392
"ms2-rev-6","ms2","rev",4
"msbA-4","msbA","4",3150
"mscL-2","mscL","2",346
"mscS-4","mscS","4",769
"msrA-1","msrA","1",249
"msrB-2","msrB","2",1856
"msyB-3","msyB","3",41
"mtgA-3","mtgA","3",166
"mtlA-5","mtlA","5",12
"mtlD-3","mtlD","3",225
"mtlR-5","mtlR","5",188
"mtn-1","mtn","1",0
"mtr-4","mtr","4",139
"mug-2","mug","2",202
"mukB-2","mukB","2",160
"mukE-3","mukE","3",550
"mukF-1","mukF","1",573
"murA-1","murA","1",527
"murB-2","murB","2",723
"murC-3","murC","3",72
"murD-5","murD","5",41
"murE-5","murE","5",294
"murF-5","murF","5",108
"murG-5","murG","5",214
"murI-2","murI","2",1598
"murP-2","murP","2",1
"mutH-2","mutH","2",1157
"mutL-5","mutL","5",402
"mutM-1","mutM","1",169
"mutS-5","mutS","5",487
"mutT-4","mutT","4",2
"mutY-3","mutY","3",276
"mviM-1","mviM","1",6
"nac-1","nac","1",318
"nadA-1","nadA","1",160
"nadB-2","nadB","2",4
"nadC-1","nadC","1",655
"nadD-1","nadD","1",80
"nadE-3","nadE","3",215
"nadK-4","nadK","4",385
"nadR-2","nadR","2",430
"nagA-1","nagA","1",2633
"nagB-3","nagB","3",2266
"nagC-2","nagC","2",2018
"nagD-4","nagD","4",675
"nagE-4","nagE","4",964
"nagK-2","nagK","2",820
"nagZ-1","nagZ","1",694
"nanA-1","nanA","1",22
"nanE-4","nanE","4",2
"nanK-1","nanK","1",0
"nanR-5","nanR","5",97
"nanT-2","nanT","2",71
"napA-1","napA","1",46
"napB-1","napB","1",8
"napC-2","napC","2",8
"napD-2","napD","2",49
"napF-5","napF","5",20
"napG-1","napG","1",1
"napH-1","napH","1",0
"narG-5","narG","5",5
"narH-1","narH","1",0
"narI-1","narI","1",0
"narJ-3","narJ","3",44
"narK-3","narK","3",10
"narL-2","narL","2",50
"narP-1","narP","1",24
"narQ-1","narQ","1",417
"narU-1","narU","1",144
"narV-5","narV","5",25
"narW-1","narW","1",13
"narX-5","narX","5",504
"narY-1","narY","1",1
"narZ-4","narZ","4",238
"ndh-5","ndh","5",1260
"ndk-5","ndk","5",421
"nei-5","nei","5",149
"nemA-4","nemA","4",76
"nepI-1","nepI","1",227
"nfi-1","nfi","1",0
"nfnB-4","nfnB","4",663
"nfo-1","nfo","1",327
"nfrA-4","nfrA","4",376
"nfrB-5","nfrB","5",185
"nfsA-4","nfsA","4",199
"nhaA-1","nhaA","1",812
"nhaB-4","nhaB","4",1527
"nhaR-1","nhaR","1",924
"nhoA-4","nhoA","4",30
"nikA-1","nikA","1",252
"nikB-4","nikB","4",8
"nikC-1","nikC","1",12
"nikD-1","nikD","1",0
"nikE-5","nikE","5",2
"nikR-3","nikR","3",24
"ninE-5","ninE","5",24
"nirB-4","nirB","4",205
"nirC-1","nirC","1",0
"nirD-1","nirD","1",0
"nlpA-5","nlpA","5",61
"nlpB-4","nlpB","4",2430
"nlpC-4","nlpC","4",18
"nlpD-4","nlpD","4",5525
"nlpE-5","nlpE","5",889
"nlpI-3","nlpI","3",18713
"nmpC-2","nmpC","2",60
"norR-4","norR","4",134
"norV-1","norV","1",154
"norW-1","norW","1",0
"npr-4","npr","4",9
"nrdA-3","nrdA","3",112
"nrdB-5","nrdB","5",188
"nrdD-1","nrdD","1",199
"nrdE-4","nrdE","4",260
"nrdF-1","nrdF","1",58
"nrdG-2","nrdG","2",231
"nrdH-1","nrdH","1",0
"nrdI-1","nrdI","1",0
"nrdR-2","nrdR","2",2978
"nrfA-5","nrfA","5",81
"nrfB-2","nrfB","2",7
"nrfC-1","nrfC","1",0
"nrfD-4","nrfD","4",15
"nrfE-1","nrfE","1",14
"nrfF-1","nrfF","1",0
"nrfG-1","nrfG","1",22
"nsrR-3","nsrR","3",1988
"nth-1","nth","1",53
"nudB-2","nudB","2",4963
"nudC-3","nudC","3",432
"nudD-3","nudD","3",15
"nudE-4","nudE","4",623
"nudF-1","nudF","1",45
"nudG-3","nudG","3",44
"nudH-4","nudH","4",1054
"nudI-2","nudI","2",51
"nudJ-1","nudJ","1",368
"nudK-3","nudK","3",220
"nuoA-3","nuoA","3",1264
"nuoB-1","nuoB","1",674
"nuoC-2","nuoC","2",2027
"nuoE-1","nuoE","1",0
"nuoF-1","nuoF","1",685
"nuoG-3","nuoG","3",14
"nuoH-4","nuoH","4",20
"nuoI-1","nuoI","1",0
"nuoJ-3","nuoJ","3",5
"nuoK-1","nuoK","1",32
"nuoL-1","nuoL","1",0
"nuoM-2","nuoM","2",118
"nuoN-4","nuoN","4",110
"nupC-2","nupC","2",229
"nupG-3","nupG","3",84
"nusA-2","nusA","2",6761
"nusB-1","nusB","1",0
"nusG-4","nusG","4",9686
"obgE-4","obgE","4",7065
"ogrK-1","ogrK","1",0
"ogt-3","ogt","3",178
"ompA-4","ompA","4",1619
"ompC-3","ompC","3",3545
"ompF-3","ompF","3",308
"ompG-3","ompG","3",51
"ompL-5","ompL","5",18
"ompN-1","ompN","1",42
"ompR-5","ompR","5",472
"ompT-5","ompT","5",143
"ompW-5","ompW","5",199
"ompX-5","ompX","5",1974
"oppA-3","oppA","3",3344
"oppB-4","oppB","4",1313
"oppC-5","oppC","5",427
"oppD-3","oppD","3",1133
"oppF-3","oppF","3",6
"orn-4","orn","4",56
"osmB-3","osmB","3",1
"osmC-3","osmC","3",598
"osmE-2","osmE","2",104
"osmY-4","osmY","4",1774
"otsA-4","otsA","4",602
"otsB-1","otsB","1",704
"oxc-3","oxc","3",46
"oxyR-1","oxyR","1",833
"paaA-2","paaA","2",23
"paaB-2","paaB","2",19
"paaC-5","paaC","5",13
"paaD-1","paaD","1",0
"paaE-4","paaE","4",25
"paaF-1","paaF","1",0
"paaG-1","paaG","1",48
"paaH-1","paaH","1",52
"paaI-5","paaI","5",10
"paaJ-4","paaJ","4",157
"paaK-4","paaK","4",189
"paaX-4","paaX","4",349
"paaY-5","paaY","5",164
"pabA-3","pabA","3",256
"pabB-1","pabB","1",255
"pabC-4","pabC","4",505
"pal-5","pal","5",21
"panB-1","panB","1",56
"panC-4","panC","4",1159
"panD-5","panD","5",138
"panE-3","panE","3",512
"panF-4","panF","4",33
"parC-1","parC","1",1472
"parE-4","parE","4",1256
"pbl-1","pbl","1",6
"pbpC-1","pbpC","1",37
"pbpG-4","pbpG","4",546
"pck-2","pck","2",962
"pcm-4","pcm","4",79
"pcnB-3","pcnB","3",4189
"pdhR-1","pdhR","1",2
"pdxA-5","pdxA","5",786
"pdxB-5","pdxB","5",779
"pdxH-2","pdxH","2",2666
"pdxJ-1","pdxJ","1",203
"pdxK-1","pdxK","1",51
"pdxY-1","pdxY","1",0
"pepA-1","pepA","1",49
"pepB-1","pepB","1",0
"pepD-1","pepD","1",1521
"pepE-5","pepE","5",9
"pepN-1","pepN","1",1435
"pepP-5","pepP","5",2541
"pepQ-5","pepQ","5",1210
"pepT-2","pepT","2",156
"perR-5","perR","5",220
"pfkA-2","pfkA","2",784
"pfkB-2","pfkB","2",369
"pflA-1","pflA","1",43
"pflB-3","pflB","3",2376
"pflC-3","pflC","3",53
"pflD-2","pflD","2",47
"pgaA-1","pgaA","1",59
"pgaB-1","pgaB","1",31
"pgaC-1","pgaC","1",28
"pgaD-2","pgaD","2",41
"pgi-2","pgi","2",845
"pgk-1","pgk","1",6194
"pgl-1","pgl","1",116
"pgm-3","pgm","3",1896
"pgpA-2","pgpA","2",475
"pgpB-3","pgpB","3",822
"pgsA-1","pgsA","1",543
"pheA-2","pheA","2",270
"pheL-1","pheL","1",0
"pheP-3","pheP","3",12
"pheT-2","pheT","2",1613
"phnA-5","phnA","5",1270
"phnB-4","phnB","4",12
"phnC-2","phnC","2",3
"phnD-1","phnD","1",5
"phnE-1","phnE","1",0
"phnF-4","phnF","4",13
"phnG-1","phnG","1",0
"phnH-1","phnH","1",0
"phnI-1","phnI","1",0
"phnJ-4","phnJ","4",2
"phnK-1","phnK","1",0
"phnL-1","phnL","1",0
"phnM-3","phnM","3",16
"phnN-1","phnN","1",0
"phnO-1","phnO","1",0
"phnP-3","phnP","3",41
"phoA-5","phoA","5",2
"phoB-1","phoB","1",0
"phoE-3","phoE","3",43
"phoH-1","phoH","1",1960
"phoP-2","phoP","2",1411
"phoQ-3","phoQ","3",1346
"phoR-3","phoR","3",1546
"phoU-5","phoU","5",110
"php-5","php","5",15
"phr-3","phr","3",771
"pin-1","pin","1",0
"pinH-5","pinH","5",23
"pinQ-2","pinQ","2",2391
"pinR-2","pinR","2",803
"pioO-2","pioO","2",39
"pitA-3","pitA","3",741
"pitB-2","pitB","2",7
"pldA-4","pldA","4",357
"pldB-5","pldB","5",619
"plsB-5","plsB","5",1096
"plsC-5","plsC","5",507
"plsX-2","plsX","2",2856
"pmbA-4","pmbA","4",8
"pmrD-3","pmrD","3",170
"pncA-3","pncA","3",243
"pncB-4","pncB","4",1124
"pnp-1","pnp","1",4318
"pntA-1","pntA","1",207
"pntB-2","pntB","2",523
"pnuC-2","pnuC","2",163
"polA-5","polA","5",301
"polB-2","polB","2",364
"potA-3","potA","3",1993
"potB-4","potB","4",333
"potC-3","potC","3",50
"potD-5","potD","5",881
"potE-2","potE","2",138
"potF-1","potF","1",475
"potG-3","potG","3",226
"potH-4","potH","4",114
"potI-1","potI","1",0
"poxA-4","poxA","4",294
"poxB-4","poxB","4",333
"ppa-3","ppa","3",107
"ppc-3","ppc","3",10
"ppdA-1","ppdA","1",0
"ppdB-3","ppdB","3",91
"ppdC-1","ppdC","1",0
"ppdD-2","ppdD","2",44
"pphA-5","pphA","5",697
"pphB-5","pphB","5",45
"ppiA-4","ppiA","4",307
"ppiB-2","ppiB","2",14
"ppiC-1","ppiC","1",0
"ppiD-4","ppiD","4",2115
"ppk-3","ppk","3",539
"pppA-2","pppA","2",101
"pps-2","pps","2",104
"ppx-3","ppx","3",680
"pqiA-1","pqiA","1",307
"pqiB-5","pqiB","5",333
"pqqL-5","pqqL","5",31
"prc-1","prc","1",1275
"prfA-1","prfA","1",11558
"prfB-1","prfB","1",4058
"prfC-2","prfC","2",766
"prfH-4","prfH","4",244
"priA-3","priA","3",7
"priB-1","priB","1",2
"priC-1","priC","1",0
"prkB-1","prkB","1",388
"prlC-1","prlC","1",1626
"prmA-5","prmA","5",5
"prmB-5","prmB","5",930
"prmC-3","prmC","3",1266
"proA-3","proA","3",972
"proB-3","proB","3",182
"proC-3","proC","3",308
"proP-1","proP","1",7184
"proQ-3","proQ","3",754
"proS-4","proS","4",812
"proV-2","proV","2",485
"proW-3","proW","3",124
"proX-4","proX","4",288
"proY-5","proY","5",582
"prpB-4","prpB","4",36
"prpC-1","prpC","1",15
"prpD-1","prpD","1",1
"prpE-3","prpE","3",3
"prpR-3","prpR","3",44
"prsA-1","prsA","1",2289
"psd-1","psd","1",2026
"psiE-1","psiE","1",198
"psiF-3","psiF","3",204
"pspA-1","pspA","1",4570
"pspB-1","pspB","1",48
"pspC-2","pspC","2",91
"pspD-1","pspD","1",0
"pspE-5","pspE","5",513
"pspF-3","pspF","3",176
"pssA-5","pssA","5",307
"pstA-2","pstA","2",348
"pstB-5","pstB","5",127
"pstC-5","pstC","5",582
"pstS-5","pstS","5",537
"pta-5","pta","5",3248
"pth-4","pth","4",745
"ptrA-5","ptrA","5",592
"ptrB-3","ptrB","3",549
"ptsA-3","ptsA","3",6
"ptsG-5","ptsG","5",712
"ptsH-5","ptsH","5",61
"ptsI-1","ptsI","1",4252
"ptsN-2","ptsN","2",1566
"ptsP-4","ptsP","4",1142
"purA-5","purA","5",14583
"purB-2","purB","2",1403
"purC-5","purC","5",24
"purD-2","purD","2",1
"purE-3","purE","3",141
"purF-1","purF","1",15
"purH-4","purH","4",219
"purK-3","purK","3",281
"purL-2","purL","2",451
"purM-5","purM","5",190
"purN-1","purN","1",34
"purR-4","purR","4",1600
"purT-1","purT","1",3
"purU-5","purU","5",1010
"putA-2","putA","2",80
"putP-1","putP","1",137
"puuA-2","puuA","2",79
"puuB-5","puuB","5",1070
"puuC-5","puuC","5",1684
"puuD-1","puuD","1",4763
"puuE-5","puuE","5",4
"puuP-5","puuP","5",736
"puuR-5","puuR","5",972
"pykA-2","pykA","2",309
"pykF-2","pykF","2",4858
"pyrB-3","pyrB","3",89
"pyrC-5","pyrC","5",1209
"pyrD-5","pyrD","5",365
"pyrE-4","pyrE","4",43
"pyrF-1","pyrF","1",1
"pyrG-5","pyrG","5",11891
"pyrH-1","pyrH","1",372
"pyrI-3","pyrI","3",136
"pyrL-1","pyrL","1",0
"qor-5","qor","5",152
"qseB-2","qseB","2",3
"qseC-5","qseC","5",3
"queA-2","queA","2",631
"queC-3","queC","3",371
"queF-3","queF","3",425
"racC-5","racC","5",95
"racR-4","racR","4",1621
"radA-4","radA","4",66
"raiA-1","raiA","1",581
"rarA-2","rarA","2",2
"rarD-1","rarD","1",85
"ravA-2","ravA","2",180
"rbbA-1","rbbA","1",2
"rbfA-1","rbfA","1",0
"rbn-5","rbn","5",24
"rbsA-1","rbsA","1",190
"rbsB-3","rbsB","3",317
"rbsC-1","rbsC","1",140
"rbsD-5","rbsD","5",86
"rbsK-3","rbsK","3",729
"rbsR-1","rbsR","1",188
"rcsA-5","rcsA","5",47
"rcsB-4","rcsB","4",1504
"rcsC-4","rcsC","4",408
"rcsD-1","rcsD","1",1434
"rcsF-5","rcsF","5",334
"rdgC-3","rdgC","3",152
"recA-5","recA","5",1057
"recB-1","recB","1",442
"recC-5","recC","5",200
"recD-3","recD","3",139
"recE-3","recE","3",246
"recF-1","recF","1",931
"recG-2","recG","2",284
"recJ-4","recJ","4",13
"recN-2","recN","2",377
"recO-3","recO","3",592
"recQ-4","recQ","4",1409
"recR-3","recR","3",122
"recT-2","recT","2",49
"recX-4","recX","4",161
"relA-4","relA","4",326
"relB-2","relB","2",1437
"relE-5","relE","5",842
"rem-3","rem","3",925
"rep-3","rep","3",890
"rfaB-2","rfaB","2",60
"rfaC-2","rfaC","2",665
"rfaD-2","rfaD","2",1429
"rfaE-5","rfaE","5",207
"rfaF-1","rfaF","1",764
"rfaG-4","rfaG","4",337
"rfaH-5","rfaH","5",303
"rfaI-2","rfaI","2",50
"rfaJ-2","rfaJ","2",30
"rfaK-3","rfaK","3",10
"rfaL-2","rfaL","2",97
"rfaP-5","rfaP","5",282
"rfaQ-1","rfaQ","1",514
"rfaS-2","rfaS","2",74
"rfaY-1","rfaY","1",25
"rfaZ-3","rfaZ","3",16
"rfbA-1","rfbA","1",407
"rfbB-2","rfbB","2",531
"rfbC-4","rfbC","4",227
"rfbD-4","rfbD","4",1117
"rfbX-2","rfbX","2",104
"rfe-4","rfe","4",1929
"rffA-2","rffA","2",58
"rffC-1","rffC","1",0
"rffD-5","rffD","5",709
"rffE-1","rffE","1",1149
"rffG-5","rffG","5",104
"rffH-1","rffH","1",221
"rffM-1","rffM","1",105
"rffT-5","rffT","5",70
"rhaA-1","rhaA","1",0
"rhaB-1","rhaB","1",25
"rhaD-5","rhaD","5",9
"rhaM-4","rhaM","4",2
"rhaR-2","rhaR","2",18
"rhaS-3","rhaS","3",17
"rhaT-3","rhaT","3",32
"rhlB-2","rhlB","2",3775
"rhlE-5","rhlE","5",263
"rho-3","rho","3",10947
"rhoL-1","rhoL","1",0
"rhsA-3","rhsA","3",90
"rhsB-4","rhsB","4",241
"rhsC-2","rhsC","2",322
"rhsD-5","rhsD","5",84
"rhsE-1","rhsE","1",71
"rhtA-4","rhtA","4",45
"rhtB-2","rhtB","2",53
"rhtC-5","rhtC","5",628
"ribA-4","ribA","4",519
"ribB-5","ribB","5",2704
"ribC-4","ribC","4",392
"ribD-4","ribD","4",952
"ribE-3","ribE","3",1111
"ribF-3","ribF","3",914
"rihA-5","rihA","5",58
"rihB-2","rihB","2",44
"rihC-3","rihC","3",55
"rimI-5","rimI","5",455
"rimJ-4","rimJ","4",214
"rimK-1","rimK","1",0
"rimL-2","rimL","2",414
"rimM-5","rimM","5",60
"rlmB-4","rlmB","4",1
"rlmL-3","rlmL","3",1107
"rlpA-5","rlpA","5",16
"rlpB-2","rlpB","2",540
"rluA-5","rluA","5",393
"rluB-4","rluB","4",1524
"rluC-3","rluC","3",25
"rluD-3","rluD","3",1513
"rluE-2","rluE","2",2423
"rluF-4","rluF","4",288
"rmf-5","rmf","5",13
"rmuC-1","rmuC","1",0
"rna-4","rna","4",444
"rnb-1","rnb","1",1390
"rnc-3","rnc","3",1767
"rnd-5","rnd","5",380
"rne-5","rne","5",2023
"rng-4","rng","4",166
"rnhA-4","rnhA","4",6
"rnhB-5","rnhB","5",676
"rnk-2","rnk","2",86
"rnpA-2","rnpA","2",624
"rnr-1","rnr","1",152
"rnt-3","rnt","3",522
"rob-1","rob","1",0
"rof-3","rof","3",484
"rpe-4","rpe","4",876
"rph-1","rph","1",0
"rpiA-3","rpiA","3",3
"rpiB-3","rpiB","3",18
"rpiR-1","rpiR","1",162
"rplA-1","rplA","1",13378
"rplB-3","rplB","3",143
"rplC-3","rplC","3",4340
"rplD-2","rplD","2",4326
"rplE-3","rplE","3",10165
"rplF-3","rplF","3",7155
"rplI-2","rplI","2",7412
"rplJ-2","rplJ","2",1420
"rplK-4","rplK","4",1
"rplL-3","rplL","3",31558
"rplM-1","rplM","1",0
"rplN-4","rplN","4",1584
"rplO-1","rplO","1",3132
"rplP-4","rplP","4",310
"rplQ-4","rplQ","4",6227
"rplR-2","rplR","2",15705
"rplS-1","rplS","1",3134
"rplT-4","rplT","4",10701
"rplU-2","rplU","2",520
"rplV-5","rplV","5",1708
"rplW-1","rplW","1",1270
"rplX-1","rplX","1",6278
"rplY-3","rplY","3",255
"rpmA-5","rpmA","5",175
"rpmB-1","rpmB","1",386
"rpmC-2","rpmC","2",370
"rpmD-2","rpmD","2",5718
"rpmE-2","rpmE","2",249
"rpmF-4","rpmF","4",111
"rpmG-2","rpmG","2",3529
"rpmH-1","rpmH","1",0
"rpmI-4","rpmI","4",300
"rpmJ-1","rpmJ","1",1
"rpoA-2","rpoA","2",6655
"rpoB-1","rpoB","1",10747
"rpoC-5","rpoC","5",1766
"rpoD-1","rpoD","1",2979
"rpoE-4","rpoE","4",1885
"rpoH-3","rpoH","3",1
"rpoN-3","rpoN","3",1321
"rpoS-1","rpoS","1",1475
"rpoZ-3","rpoZ","3",26
"rpsA-3","rpsA","3",21234
"rpsB-5","rpsB","5",279
"rpsC-2","rpsC","2",579
"rpsD-1","rpsD","1",3094
"rpsE-2","rpsE","2",17650
"rpsF-5","rpsF","5",1230
"rpsG-5","rpsG","5",1231
"rpsH-3","rpsH","3",1649
"rpsI-1","rpsI","1",9060
"rpsJ-3","rpsJ","3",111
"rpsK-2","rpsK","2",8552
"rpsM-5","rpsM","5",7
"rpsN-3","rpsN","3",4757
"rpsO-3","rpsO","3",1
"rpsP-1","rpsP","1",0
"rpsQ-3","rpsQ","3",642
"rpsR-4","rpsR","4",593
"rpsS-1","rpsS","1",42
"rpsT-2","rpsT","2",1218
"rpsU-3","rpsU","3",1622
"rraA-5","rraA","5",1071
"rraB-5","rraB","5",1075
"rrfB-1","rrfB","1",0
"rrmA-1","rrmA","1",489
"rrmJ-4","rrmJ","4",3010
"rrsa1-1","rrsa1","1",0
"rrsa2-1","rrsa2","1",0
"rsd-1","rsd","1",336
"rseA-3","rseA","3",2632
"rseB-2","rseB","2",4892
"rseC-4","rseC","4",1
"rseP-4","rseP","4",1798
"rsgA-5","rsgA","5",1826
"rsmB-5","rsmB","5",263
"rsmC-4","rsmC","4",586
"rspA-1","rspA","1",68
"rspB-4","rspB","4",64
"rssA-4","rssA","4",1409
"rssB-2","rssB","2",673
"rstA-4","rstA","4",320
"rstB-3","rstB","3",190
"rsuA-4","rsuA","4",3130
"rsxA-4","rsxA","4",578
"rsxB-4","rsxB","4",59
"rsxC-5","rsxC","5",1208
"rsxD-4","rsxD","4",1
"rsxE-3","rsxE","3",124
"rsxG-1","rsxG","1",0
"rtcA-1","rtcA","1",7
"rtcB-1","rtcB","1",593
"rtcR-4","rtcR","4",3
"rtn-1","rtn","1",291
"rumA-4","rumA","4",484
"rumB-1","rumB","1",41
"rusA-1","rusA","1",4
"rutF-2","rutF","2",1
"ruvA-1","ruvA","1",747
"ruvB-4","ruvB","4",1069
"ruvC-3","ruvC","3",502
"rzpR-1","rzpR","1",0
"sanA-3","sanA","3",146
"sapA-5","sapA","5",120
"sapB-4","sapB","4",254
"sapC-1","sapC","1",0
"sapD-1","sapD","1",273
"sapF-5","sapF","5",64
"sbcB-2","sbcB","2",423
"sbcC-2","sbcC","2",296
"sbcD-5","sbcD","5",365
"sbmA-3","sbmA","3",479
"sbmC-4","sbmC","4",344
"sbp-1","sbp","1",237
"sdaA-5","sdaA","5",817
"sdaB-5","sdaB","5",111
"sdaC-1","sdaC","1",221
"sdhA-2","sdhA","2",1181
"sdhB-3","sdhB","3",909
"sdhC-5","sdhC","5",2222
"sdhD-2","sdhD","2",15
"sdiA-4","sdiA","4",697
"secA-5","secA","5",2750
"secB-4","secB","4",1057
"secD-3","secD","3",1733
"secE-3","secE","3",92
"secF-1","secF","1",416
"secG-2","secG","2",3240
"secM-3","secM","3",125
"secY-2","secY","2",2085
"selA-5","selA","5",337
"selB-2","selB","2",9
"selD-4","selD","4",39
"seqA-5","seqA","5",1094
"serA-5","serA","5",1450
"serB-2","serB","2",132
"serC-2","serC","2",1431
"serS-1","serS","1",1304
"serV-1","serV","1",2
"setA-5","setA","5",178
"setB-2","setB","2",186
"setC-4","setC","4",28
"sfcA-5","sfcA","5",1416
"sfmA-3","sfmA","3",23
"sfmC-2","sfmC","2",20
"sfmD-1","sfmD","1",46
"sfmF-5","sfmF","5",69
"sfmH-2","sfmH","2",34
"sfsA-4","sfsA","4",465
"sfsB-5","sfsB","5",13
"sgbE-1","sgbE","1",0
"sgbH-1","sgbH","1",0
"sgbU-3","sgbU","3",45
"sgcA-2","sgcA","2",24
"sgcB-5","sgcB","5",99
"sgcC-1","sgcC","1",125
"sgcE-4","sgcE","4",66
"sgcQ-5","sgcQ","5",98
"sgcR-5","sgcR","5",93
"sgcX-3","sgcX","3",31
"sgrR-1","sgrR","1",495
"shiA-1","shiA","1",200
"sieB-4","sieB","4",56
"sirA-2","sirA","2",355
"sixA-4","sixA","4",188
"slp-5","slp","5",160
"slt-4","slt","4",205
"slyA-2","slyA","2",853
"slyB-2","slyB","2",725
"slyD-4","slyD","4",1273
"slyX-1","slyX","1",0
"smf-2","smf","2",251
"smg-2","smg","2",1677
"smpA-1","smpA","1",163
"smpB-1","smpB","1",537
"smtA-4","smtA","4",906
"sodA-1","sodA","1",1398
"sodB-5","sodB","5",3576
"sodC-4","sodC","4",5
"sohA-3","sohA","3",1401
"sohB-3","sohB","3",778
"solA-4","solA","4",85
"soxR-1","soxR","1",0
"soxS-2","soxS","2",125
"speA-4","speA","4",2500
"speB-4","speB","4",81
"speC-3","speC","3",290
"speD-1","speD","1",810
"speE-4","speE","4",860
"speF-1","speF","1",66
"speG-3","speG","3",1012
"spoT-1","spoT","1",13672
"spoU-1","spoU","1",32
"sppA-2","sppA","2",268
"spr-5","spr","5",816
"sprT-1","sprT","1",45
"spy-4","spy","4",29
"sra-5","sra","5",613
"srlA-5","srlA","5",6
"srlB-2","srlB","2",4
"srlD-3","srlD","3",7
"srlE-2","srlE","2",26
"srlR-1","srlR","1",113
"srmB-4","srmB","4",1151
"ssb-1","ssb","1",453
"sscR-2","sscR","2",26
"sseA-1","sseA","1",428
"sseB-1","sseB","1",199
"ssnA-3","ssnA","3",34
"sspA-2","sspA","2",30
"sspB-1","sspB","1",0
"sstT-1","sstT","1",404
"ssuA-5","ssuA","5",10
"ssuB-3","ssuB","3",31
"ssuC-4","ssuC","4",17
"ssuD-1","ssuD","1",0
"ssuE-1","ssuE","1",0
"stfE-1","stfE","1",2
"stfQ-2","stfQ","2",80
"stfR-5","stfR","5",35
"sthA-3","sthA","3",4373
"stpA-5","stpA","5",13
"sucA-3","sucA","3",30
"sucB-3","sucB","3",17
"sucC-2","sucC","2",168
"sucD-5","sucD","5",140
"sufA-2","sufA","2",1267
"sufB-3","sufB","3",2352
"sufC-5","sufC","5",816
"sufD-2","sufD","2",1935
"sufE-1","sufE","1",56
"sufI-3","sufI","3",49
"sufS-2","sufS","2",471
"sugE-1","sugE","1",0
"suhB-5","suhB","5",2884
"sulA-5","sulA","5",773
"surA-5","surA","5",1649
"surE-3","surE","3",286
"sxy-4","sxy","4",131
"syd-5","syd","5",489
"tadA-5","tadA","5",53
"tag-3","tag","3",202
"talA-5","talA","5",845
"talB-5","talB","5",3691
"tam-4","tam","4",4
"tap-1","tap","1",27
"tar-4","tar","4",69
"tas-4","tas","4",191
"tatA-3","tatA","3",317
"tatB-2","tatB","2",73
"tatC-3","tatC","3",686
"tatD-5","tatD","5",13
"tatE-5","tatE","5",1
"tauA-3","tauA","3",28
"tauB-1","tauB","1",0
"tauC-1","tauC","1",41
"tauD-2","tauD","2",65
"tbpA-5","tbpA","5",399
"tdcA-3","tdcA","3",39
"tdcB-1","tdcB","1",38
"tdcC-3","tdcC","3",82
"tdcD-2","tdcD","2",10
"tdcE-4","tdcE","4",47
"tdcF-2","tdcF","2",1
"tdcG-1","tdcG","1",87
"tdcR-3","tdcR","3",1
"tdh-3","tdh","3",327
"tdk-2","tdk","2",147
"tehA-5","tehA","5",31
"tehB-5","tehB","5",646
"tesA-5","tesA","5",161
"tesB-1","tesB","1",76
"tetR-1","tetR","1",0
"tfaE-1","tfaE","1",122
"tfaS-2","tfaS","2",2
"tfaX-1","tfaX","1",0
"tff-1","tff","1",1
"tgt-5","tgt","5",1559
"thiC-1","thiC","1",455
"thiD-3","thiD","3",49
"thiE-1","thiE","1",0
"thiF-1","thiF","1",487
"thiG-2","thiG","2",13
"thiH-5","thiH","5",47
"thiI-2","thiI","2",1910
"thiK-1","thiK","1",0
"thiL-1","thiL","1",1302
"thiM-1","thiM","1",9
"thiP-1","thiP","1",0
"thiQ-4","thiQ","4",2
"thiS-1","thiS","1",0
"thrA-3","thrA","3",401
"thrB-2","thrB","2",7
"thrC-5","thrC","5",40
"thrS-1","thrS","1",4474
"thyA-3","thyA","3",1489
"tig-1","tig","1",6164
"tilS-1","tilS","1",0
"tktA-4","tktA","4",1387
"tktB-2","tktB","2",870
"tldD-4","tldD","4",235
"tmRNA-1","tmRNA","1",0
"tmk-2","tmk","2",2
"tnaA-3","tnaA","3",22
"tnaB-2","tnaB","2",19
"tnaC-2","tnaC","2",4
"tolA-1","tolA","1",792
"tolB-4","tolB","4",1401
"tolC-1","tolC","1",1707
"tolQ-2","tolQ","2",2782
"tolR-4","tolR","4",291
"tonB-2","tonB","2",646
"topA-5","topA","5",3414
"topB-3","topB","3",31
"torA-2","torA","2",166
"torC-3","torC","3",102
"torD-5","torD","5",17
"torI-4","torI","4",25
"torR-5","torR","5",136
"torS-1","torS","1",270
"torT-3","torT","3",22
"torY-4","torY","4",65
"torZ-2","torZ","2",82
"tpiA-3","tpiA","3",911
"tppB-1","tppB","1",468
"tpr-1","tpr","1",0
"tpx-1","tpx","1",1
"tqsA-1","tqsA","1",82
"traY-2","traY","2",2
"treA-2","treA","2",233
"treB-4","treB","4",51
"treC-3","treC","3",16
"treF-1","treF","1",187
"treR-1","treR","1",334
"trg-1","trg","1",561
"trkA-1","trkA","1",794
"trkD-4","trkD","4",255
"trkG-3","trkG","3",194
"trkH-4","trkH","4",814
"trmA-2","trmA","2",621
"trmD-3","trmD","3",388
"trmI-4","trmI","4",625
"trpB-1","trpB","1",0
"trpC-5","trpC","5",207
"trpD-2","trpD","2",2
"trpE-1","trpE","1",0
"trpH-5","trpH","5",344
"trpR-4","trpR","4",13
"trpS-4","trpS","4",583
"truA-4","truA","4",1648
"truB-2","truB","2",3745
"truC-3","truC","3",363
"truD-2","truD","2",717
"trxB-1","trxB","1",1829
"trxC-5","trxC","5",3114
"tsf-3","tsf","3",200
"tsgA-1","tsgA","1",0
"tsr-5","tsr","5",104
"tsx-3","tsx","3",101
"ttcA-3","ttcA","3",288
"ttdA-4","ttdA","4",18
"ttdB-1","ttdB","1",19
"ttk-3","ttk","3",1736
"tufA-5","tufA","5",748
"tufB-2","tufB","2",731
"tus-3","tus","3",160
"tynA-2","tynA","2",90
"tyrA-4","tyrA","4",1136
"tyrB-5","tyrB","5",461
"tyrP-1","tyrP","1",809
"tyrR-3","tyrR","3",1237
"tyrS-1","tyrS","1",1879
"tyrT-1","tyrT","1",1
"ubiA-1","ubiA","1",420
"ubiB-1","ubiB","1",606
"ubiC-4","ubiC","4",723
"ubiD-2","ubiD","2",1537
"ubiE-1","ubiE","1",663
"ubiF-3","ubiF","3",261
"ubiG-1","ubiG","1",643
"ubiH-1","ubiH","1",0
"ubiX-2","ubiX","2",308
"ucpA-2","ucpA","2",317
"udk-5","udk","5",151
"udp-2","udp","2",239
"ugd-4","ugd","4",42
"ugpA-1","ugpA","1",42
"ugpB-1","ugpB","1",1
"ugpC-1","ugpC","1",0
"ugpE-3","ugpE","3",11
"ugpQ-4","ugpQ","4",101
"uhpA-1","uhpA","1",0
"uhpB-2","uhpB","2",30
"uhpC-2","uhpC","2",67
"uhpT-1","uhpT","1",27
"uidB-3","uidB","3",31
"uidC-5","uidC","5",42
"uidR-4","uidR","4",739
"ulaA-2","ulaA","2",16
"ulaB-3","ulaB","3",3
"ulaC-1","ulaC","1",0
"ulaD-2","ulaD","2",1
"ulaE-5","ulaE","5",30
"ulaF-3","ulaF","3",64
"ulaG-5","ulaG","5",248
"ulaR-5","ulaR","5",366
"umuC-1","umuC","1",185
"umuD-5","umuD","5",132
"ung-1","ung","1",3
"upp-2","upp","2",621
"uraA-2","uraA","2",290
"usg-5","usg","5",243
"ushA-1","ushA","1",301
"uspA-1","uspA","1",472
"uspB-5","uspB","5",429
"uspE-1","uspE","1",3071
"uspF-3","uspF","3",127
"uspG-3","uspG","3",424
"uup-5","uup","5",776
"uvrA-4","uvrA","4",4113
"uvrB-5","uvrB","5",2172
"uvrC-4","uvrC","4",1168
"uvrD-5","uvrD","5",274
"uvrY-5","uvrY","5",868
"uxaA-1","uxaA","1",52
"uxaB-1","uxaB","1",266
"uxaC-1","uxaC","1",211
"uxuA-1","uxuA","1",341
"uxuB-4","uxuB","4",132
"uxuR-4","uxuR","4",398
"vacJ-3","vacJ","3",69
"valS-4","valS","4",3813
"vapC-1","vapC","1",0
"viaA-5","viaA","5",129
"visC-5","visC","5",449
"vsr-2","vsr","2",567
"wbbH-2","wbbH","2",42
"wbbI-3","wbbI","3",89
"wbbJ-5","wbbJ","5",35
"wbbK-4","wbbK","4",24
"wbbL-2","wbbL","2",28
"wcaA-1","wcaA","1",25
"wcaB-5","wcaB","5",12
"wcaC-2","wcaC","2",44
"wcaD-3","wcaD","3",28
"wcaE-1","wcaE","1",66
"wcaF-1","wcaF","1",12
"wcaI-1","wcaI","1",91
"wcaJ-4","wcaJ","4",23
"wcaK-4","wcaK","4",47
"wcaL-2","wcaL","2",11
"wcaM-3","wcaM","3",131
"wrbA-5","wrbA","5",13
"wza-5","wza","5",24
"wzb-5","wzb","5",24
"wzc-2","wzc","2",33
"wzxC-1","wzxC","1",36
"wzxE-1","wzxE","1",39
"wzyE-1","wzyE","1",7
"wzzE-1","wzzE","1",81
"xapA-4","xapA","4",51
"xapB-3","xapB","3",67
"xapR-4","xapR","4",97
"xdhA-1","xdhA","1",232
"xdhB-3","xdhB","3",55
"xdhC-4","xdhC","4",4
"xdhD-1","xdhD","1",102
"xerC-5","xerC","5",527
"xerD-1","xerD","1",311
"xni-1","xni","1",268
"xseA-5","xseA","5",234
"xseB-3","xseB","3",67
"xthA-1","xthA","1",327
"xylA-2","xylA","2",81
"xylB-4","xylB","4",21
"xylE-5","xylE","5",50
"xylF-5","xylF","5",34
"xylG-4","xylG","4",29
"xylH-5","xylH","5",29
"xylR-5","xylR","5",116
"yaaA-3","yaaA","3",705
"yaaH-5","yaaH","5",242
"yaaI-5","yaaI","5",57
"yaaJ-4","yaaJ","4",265
"yaaU-5","yaaU","5",68
"yaaW-3","yaaW","3",39
"yaaX-1","yaaX","1",50
"yaaY-1","yaaY","1",2
"yabI-4","yabI","4",900
"yabP-5","yabP","5",669
"yacC-2","yacC","2",24
"yacF-4","yacF","4",75
"yacG-4","yacG","4",227
"yacH-1","yacH","1",12
"yacL-1","yacL","1",0
"yadB-5","yadB","5",335
"yadC-5","yadC","5",71
"yadD-2","yadD","2",227
"yadE-1","yadE","1",325
"yadG-2","yadG","2",1414
"yadH-2","yadH","2",12
"yadI-1","yadI","1",374
"yadK-5","yadK","5",42
"yadL-2","yadL","2",50
"yadM-3","yadM","3",48
"yadN-2","yadN","2",62
"yadR-1","yadR","1",1973
"yadS-1","yadS","1",17
"yaeB-2","yaeB","2",48
"yaeF-2","yaeF","2",274
"yaeH-4","yaeH","4",159
"yaeI-3","yaeI","3",156
"yaeJ-1","yaeJ","1",0
"yaeP-1","yaeP","1",37
"yaeQ-5","yaeQ","5",408
"yaeR-4","yaeR","4",192
"yafC-4","yafC","4",117
"yafD-3","yafD","3",1331
"yafE-1","yafE","1",479
"yafF-1","yafF","1",47
"yafJ-3","yafJ","3",7
"yafK-3","yafK","3",5416
"yafL-2","yafL","2",35
"yafM-2","yafM","2",75
"yafN-3","yafN","3",128
"yafO-4","yafO","4",504
"yafP-4","yafP","4",226
"yafQ-3","yafQ","3",6075
"yafS-3","yafS","3",163
"yafT-3","yafT","3",85
"yafU-4","yafU","4",30
"yafV-1","yafV","1",0
"yafW-1","yafW","1",2
"yafX-5","yafX","5",3
"yafY-1","yafY","1",0
"yafZ-4","yafZ","4",54
"yagA-2","yagA","2",44
"yagB-1","yagB","1",67
"yagE-5","yagE","5",1
"yagF-4","yagF","4",5
"yagG-3","yagG","3",2
"yagH-4","yagH","4",1
"yagI-5","yagI","5",1
"yagJ-4","yagJ","4",342
"yagK-2","yagK","2",122
"yagL-4","yagL","4",62
"yagM-2","yagM","2",27
"yagN-3","yagN","3",256
"yagP-2","yagP","2",15
"yagQ-1","yagQ","1",0
"yagR-1","yagR","1",34
"yagS-5","yagS","5",3
"yagT-3","yagT","3",17
"yagU-1","yagU","1",145
"yagV-3","yagV","3",296
"yagW-2","yagW","2",131
"yagX-5","yagX","5",56
"yagY-5","yagY","5",9
"yagZ-3","yagZ","3",13
"yahA-1","yahA","1",145
"yahB-5","yahB","5",78
"yahC-5","yahC","5",33
"yahD-4","yahD","4",95
"yahE-3","yahE","3",27
"yahF-2","yahF","2",39
"yahG-1","yahG","1",0
"yahH-1","yahH","1",0
"yahI-3","yahI","3",46
"yahJ-3","yahJ","3",1
"yahK-2","yahK","2",245
"yahL-4","yahL","4",64
"yahM-4","yahM","4",180
"yahN-5","yahN","5",11
"yahO-1","yahO","1",0
"yaiA-4","yaiA","4",679
"yaiC-3","yaiC","3",1
"yaiE-2","yaiE","2",22
"yaiI-1","yaiI","1",0
"yaiL-3","yaiL","3",318
"yaiO-5","yaiO","5",82
"yaiP-5","yaiP","5",43
"yaiS-5","yaiS","5",35
"yaiT-11","yaiT","11",255
"yaiV-1","yaiV","1",28
"yaiW-1","yaiW","1",189
"yaiX-4","yaiX","4",233
"yaiY-1","yaiY","1",0
"yaiZ-3","yaiZ","3",2
"yajC-2","yajC","2",92
"yajD-5","yajD","5",289
"yajG-4","yajG","4",53
"yajI-5","yajI","5",42
"yajL-2","yajL","2",315
"yajO-4","yajO","4",189
"yajQ-2","yajQ","2",761
"yajR-5","yajR","5",275
"ybaA-4","ybaA","4",249
"ybaB-1","ybaB","1",1750
"ybaE-1","ybaE","1",66
"ybaJ-2","ybaJ","2",1709
"ybaK-5","ybaK","5",79
"ybaL-5","ybaL","5",290
"ybaM-3","ybaM","3",3
"ybaN-4","ybaN","4",293
"ybaO-3","ybaO","3",143
"ybaP-1","ybaP","1",0
"ybaQ-3","ybaQ","3",134
"ybaS-2","ybaS","2",210
"ybaT-4","ybaT","4",395
"ybaV-4","ybaV","4",19
"ybaW-5","ybaW","5",102
"ybaY-5","ybaY","5",66
"ybaZ-1","ybaZ","1",238
"ybbA-1","ybbA","1",0
"ybbB-2","ybbB","2",213
"ybbC-5","ybbC","5",89
"ybbD-4","ybbD","4",53
"ybbJ-1","ybbJ","1",18
"ybbK-5","ybbK","5",778
"ybbL-5","ybbL","5",201
"ybbM-1","ybbM","1",60
"ybbN-3","ybbN","3",484
"ybbO-3","ybbO","3",70
"ybbP-4","ybbP","4",118
"ybbS-4","ybbS","4",26
"ybbV-1","ybbV","1",39
"ybbW-4","ybbW","4",18
"ybbY-5","ybbY","5",56
"ybcF-1","ybcF","1",5
"ybcH-4","ybcH","4",105
"ybcI-5","ybcI","5",42
"ybcJ-4","ybcJ","4",57
"ybcK-5","ybcK","5",82
"ybcL-4","ybcL","4",70
"ybcM-3","ybcM","3",101
"ybcN-3","ybcN","3",38
"ybcO-4","ybcO","4",6
"ybcQ-5","ybcQ","5",19
"ybcS-2","ybcS","2",69
"ybcY-5","ybcY","5",46
"ybdA-1","ybdA","1",0
"ybdB-3","ybdB","3",10
"ybdD-5","ybdD","5",116
"ybdF-2","ybdF","2",19
"ybdG-1","ybdG","1",347
"ybdH-4","ybdH","4",294
"ybdJ-2","ybdJ","2",6
"ybdK-1","ybdK","1",228
"ybdL-1","ybdL","1",110
"ybdM-3","ybdM","3",98
"ybdN-4","ybdN","4",80
"ybdO-3","ybdO","3",99
"ybdR-2","ybdR","2",697
"ybdZ-1","ybdZ","1",0
"ybeA-1","ybeA","1",0
"ybeB-4","ybeB","4",1281
"ybeD-3","ybeD","3",6263
"ybeF-4","ybeF","4",476
"ybeL-1","ybeL","1",0
"ybeM-4","ybeM","4",6
"ybeQ-2","ybeQ","2",45
"ybeR-4","ybeR","4",38
"ybeT-1","ybeT","1",15
"ybeU-1","ybeU","1",125
"ybeX-4","ybeX","4",5523
"ybeY-1","ybeY","1",0
"ybeZ-2","ybeZ","2",2299
"ybfA-5","ybfA","5",269
"ybfB-3","ybfB","3",1
"ybfC-5","ybfC","5",30
"ybfD-4","ybfD","4",62
"ybfE-3","ybfE","3",1998
"ybfF-4","ybfF","4",327
"ybfG-14","ybfG","14",63
"ybfL-1","ybfL","1",65
"ybfM-1","ybfM","1",82
"ybfN-4","ybfN","4",60
"ybfO-1","ybfO","1",93
"ybfP-5","ybfP","5",71
"ybfQ-2","ybfQ","2",19
"ybgA-3","ybgA","3",672
"ybgC-5","ybgC","5",2433
"ybgD-1","ybgD","1",43
"ybgE-1","ybgE","1",0
"ybgF-2","ybgF","2",1128
"ybgH-1","ybgH","1",194
"ybgI-4","ybgI","4",48
"ybgJ-1","ybgJ","1",0
"ybgK-4","ybgK","4",6
"ybgL-3","ybgL","3",33
"ybgO-1","ybgO","1",59
"ybgP-3","ybgP","3",42
"ybgQ-1","ybgQ","1",47
"ybgS-3","ybgS","3",193
"ybgT-1","ybgT","1",0
"ybhA-2","ybhA","2",235
"ybhB-1","ybhB","1",240
"ybhC-2","ybhC","2",80
"ybhD-5","ybhD","5",33
"ybhF-5","ybhF","5",535
"ybhG-1","ybhG","1",493
"ybhH-1","ybhH","1",27
"ybhI-5","ybhI","5",65
"ybhJ-2","ybhJ","2",45
"ybhK-3","ybhK","3",463
"ybhL-4","ybhL","4",19
"ybhM-1","ybhM","1",96
"ybhN-5","ybhN","5",120
"ybhO-1","ybhO","1",104
"ybhP-4","ybhP","4",23
"ybhQ-4","ybhQ","4",2
"ybhR-5","ybhR","5",11
"ybhS-2","ybhS","2",20
"ybhT-3","ybhT","3",349
"ybiA-1","ybiA","1",26
"ybiB-4","ybiB","4",23
"ybiC-1","ybiC","1",181
"ybiH-4","ybiH","4",35
"ybiI-1","ybiI","1",0
"ybiJ-3","ybiJ","3",17
"ybiM-1","ybiM","1",0
"ybiN-1","ybiN","1",195
"ybiO-1","ybiO","1",51
"ybiP-1","ybiP","1",2328
"ybiR-2","ybiR","2",755
"ybiS-5","ybiS","5",5000
"ybiT-2","ybiT","2",1120
"ybiU-2","ybiU","2",12
"ybiV-3","ybiV","3",673
"ybiW-1","ybiW","1",84
"ybiX-4","ybiX","4",86
"ybiY-3","ybiY","3",23
"ybjC-5","ybjC","5",14
"ybjD-2","ybjD","2",165
"ybjE-2","ybjE","2",140
"ybjG-1","ybjG","1",37
"ybjH-1","ybjH","1",0
"ybjI-5","ybjI","5",124
"ybjJ-1","ybjJ","1",0
"ybjK-2","ybjK","2",13
"ybjL-1","ybjL","1",6875
"ybjM-1","ybjM","1",0
"ybjN-5","ybjN","5",745
"ybjO-1","ybjO","1",100
"ybjP-3","ybjP","3",175
"ybjQ-1","ybjQ","1",0
"ybjR-1","ybjR","1",0
"ybjS-1","ybjS","1",258
"ybjT-2","ybjT","2",231
"ybjX-3","ybjX","3",722
"ycaC-1","ycaC","1",80
"ycaD-4","ycaD","4",35
"ycaI-3","ycaI","3",271
"ycaJ-3","ycaJ","3",320
"ycaK-4","ycaK","4",60
"ycaL-5","ycaL","5",102
"ycaM-4","ycaM","4",191
"ycaN-5","ycaN","5",93
"ycaO-3","ycaO","3",913
"ycaP-5","ycaP","5",252
"ycaQ-5","ycaQ","5",244
"ycaR-2","ycaR","2",277
"ycbB-1","ycbB","1",372
"ycbC-3","ycbC","3",82
"ycbF-4","ycbF","4",77
"ycbG-1","ycbG","1",316
"ycbJ-2","ycbJ","2",526
"ycbK-2","ycbK","2",6278
"ycbL-3","ycbL","3",1089
"ycbQ-4","ycbQ","4",51
"ycbR-5","ycbR","5",51
"ycbS-5","ycbS","5",59
"ycbT-3","ycbT","3",140
"ycbU-1","ycbU","1",50
"ycbV-1","ycbV","1",92
"ycbW-3","ycbW","3",146
"ycbX-1","ycbX","1",77
"ycbZ-5","ycbZ","5",2693
"yccA-2","yccA","2",1535
"yccE-5","yccE","5",55
"yccF-3","yccF","3",571
"yccJ-2","yccJ","2",725
"yccK-3","yccK","3",538
"yccM-4","yccM","4",39
"yccS-1","yccS","1",573
"yccT-5","yccT","5",162
"yccU-1","yccU","1",85
"yccW-5","yccW","5",841
"yccX-1","yccX","1",161
"yccZ-2","yccZ","2",136
"ycdB-1","ycdB","1",225
"ycdC-2","ycdC","2",56
"ycdG-1","ycdG","1",0
"ycdI-1","ycdI","1",0
"ycdK-1","ycdK","1",0
"ycdL-1","ycdL","1",0
"ycdM-4","ycdM","4",3
"ycdO-4","ycdO","4",944
"ycdT-3","ycdT","3",79
"ycdU-4","ycdU","4",53
"ycdW-4","ycdW","4",389
"ycdX-3","ycdX","3",295
"ycdY-3","ycdY","3",641
"ycdZ-4","ycdZ","4",1247
"yceA-5","yceA","5",430
"yceB-5","yceB","5",803
"yceD-2","yceD","2",614
"yceF-5","yceF","5",457
"yceG-2","yceG","2",727
"yceH-4","yceH","4",321
"yceI-2","yceI","2",84
"yceJ-1","yceJ","1",0
"yceK-1","yceK","1",0
"yceN-5","yceN","5",107
"yceO-3","yceO","3",31
"yceQ-4","yceQ","4",14
"ycfD-3","ycfD","3",1023
"ycfH-2","ycfH","2",1327
"ycfJ-5","ycfJ","5",69
"ycfK-1","ycfK","1",28
"ycfL-1","ycfL","1",457
"ycfM-1","ycfM","1",42
"ycfP-1","ycfP","1",569
"ycfQ-5","ycfQ","5",854
"ycfR-1","ycfR","1",1
"ycfS-4","ycfS","4",69
"ycfT-1","ycfT","1",27
"ycfZ-5","ycfZ","5",38
"ycgB-2","ycgB","2",523
"ycgE-3","ycgE","3",3262
"ycgF-5","ycgF","5",449
"ycgG-1","ycgG","1",230
"ycgH-3","ycgH","3",101
"ycgI-3","ycgI","3",16
"ycgJ-5","ycgJ","5",126
"ycgK-3","ycgK","3",14
"ycgL-1","ycgL","1",304
"ycgM-4","ycgM","4",90
"ycgN-2","ycgN","2",128
"ycgR-3","ycgR","3",23
"ycgV-3","ycgV","3",178
"ycgX-5","ycgX","5",107
"ycgY-2","ycgY","2",56
"ycgZ-3","ycgZ","3",740
"ychA-4","ychA","4",3701
"ychE-4","ychE","4",367
"ychF-1","ychF","1",336
"ychG-4","ychG","4",48
"ychH-1","ychH","1",4
"ychJ-5","ychJ","5",623
"ychM-2","ychM","2",8
"ychN-1","ychN","1",0
"ychO-5","ychO","5",530
"ychQ-5","ychQ","5",2295
"ychS-1","ychS","1",56
"yciA-3","yciA","3",378
"yciB-2","yciB","2",1272
"yciC-4","yciC","4",446
"yciE-5","yciE","5",65
"yciF-4","yciF","4",50
"yciG-1","yciG","1",2
"yciH-1","yciH","1",23
"yciI-4","yciI","4",84
"yciK-4","yciK","4",155
"yciM-2","yciM","2",2016
"yciN-2","yciN","2",40
"yciO-4","yciO","4",361
"yciQ-3","yciQ","3",367
"yciS-1","yciS","1",1024
"yciT-1","yciT","1",425
"yciU-3","yciU","3",145
"yciW-5","yciW","5",145
"yciX-3","yciX","3",853
"ycjD-4","ycjD","4",21
"ycjF-4","ycjF","4",104
"ycjG-1","ycjG","1",896
"ycjM-4","ycjM","4",282
"ycjN-5","ycjN","5",99
"ycjO-3","ycjO","3",7
"ycjP-1","ycjP","1",0
"ycjQ-1","ycjQ","1",0
"ycjR-1","ycjR","1",47
"ycjS-2","ycjS","2",30
"ycjT-5","ycjT","5",75
"ycjU-4","ycjU","4",9
"ycjV-5","ycjV","5",45
"ycjW-1","ycjW","1",86
"ycjX-2","ycjX","2",1676
"ycjY-3","ycjY","3",78
"ycjZ-2","ycjZ","2",216
"ydaC-2","ydaC","2",10
"ydaE-3","ydaE","3",109
"ydaF-2","ydaF","2",520
"ydaG-5","ydaG","5",185
"ydaL-5","ydaL","5",172
"ydaM-1","ydaM","1",69
"ydaN-1","ydaN","1",804
"ydaQ-1","ydaQ","1",0
"ydaS-4","ydaS","4",78
"ydaT-5","ydaT","5",90
"ydaU-3","ydaU","3",76
"ydaV-4","ydaV","4",69
"ydaW-5","ydaW","5",2
"ydaY-2","ydaY","2",332
"ydbA-12","ydbA","12",670
"ydbC-1","ydbC","1",203
"ydbD-5","ydbD","5",54
"ydbH-2","ydbH","2",155
"ydbJ-4","ydbJ","4",346
"ydbK-5","ydbK","5",252
"ydbL-5","ydbL","5",153
"ydcA-1","ydcA","1",62
"ydcC-2","ydcC","2",71
"ydcD-3","ydcD","3",47
"ydcE-5","ydcE","5",104
"ydcF-2","ydcF","2",232
"ydcH-3","ydcH","3",123
"ydcI-5","ydcI","5",873
"ydcJ-5","ydcJ","5",6
"ydcK-2","ydcK","2",132
"ydcL-4","ydcL","4",757
"ydcM-1","ydcM","1",1025
"ydcN-1","ydcN","1",538
"ydcO-2","ydcO","2",90
"ydcP-3","ydcP","3",674
"ydcQ-3","ydcQ","3",4131
"ydcR-2","ydcR","2",3345
"ydcS-1","ydcS","1",187
"ydcT-5","ydcT","5",122
"ydcU-2","ydcU","2",17
"ydcV-2","ydcV","2",2
"ydcW-3","ydcW","3",134
"ydcX-1","ydcX","1",76
"ydcY-5","ydcY","5",3
"ydcZ-1","ydcZ","1",0
"yddA-1","yddA","1",30
"yddB-3","yddB","3",27
"yddE-2","yddE","2",13
"yddG-3","yddG","3",77
"yddH-2","yddH","2",55
"yddJ-2","yddJ","2",23
"yddK-1","yddK","1",79
"yddL-2","yddL","2",12
"yddM-1","yddM","1",307
"yddV-2","yddV","2",62
"yddW-4","yddW","4",85
"ydeA-5","ydeA","5",850
"ydeE-1","ydeE","1",158
"ydeH-1","ydeH","1",139
"ydeI-1","ydeI","1",0
"ydeJ-5","ydeJ","5",36
"ydeK-1","ydeK","1",23
"ydeM-3","ydeM","3",41
"ydeN-3","ydeN","3",39
"ydeO-5","ydeO","5",41
"ydeP-4","ydeP","4",62
"ydeQ-1","ydeQ","1",42
"ydeR-2","ydeR","2",24
"ydeS-2","ydeS","2",54
"ydeT-1","ydeT","1",31
"ydeU-2","ydeU","2",171
"ydfA-4","ydfA","4",51
"ydfB-2","ydfB","2",108
"ydfC-5","ydfC","5",3
"ydfD-3","ydfD","3",11
"ydfE-5","ydfE","5",126
"ydfG-5","ydfG","5",521
"ydfH-5","ydfH","5",1088
"ydfI-5","ydfI","5",73
"ydfJ-3","ydfJ","3",187
"ydfK-3","ydfK","3",170
"ydfO-1","ydfO","1",1
"ydfP-3","ydfP","3",155
"ydfQ-2","ydfQ","2",233
"ydfR-5","ydfR","5",230
"ydfT-5","ydfT","5",323
"ydfU-3","ydfU","3",276
"ydfV-2","ydfV","2",33
"ydfW-4","ydfW","4",51
"ydfX-1","ydfX","1",30
"ydfZ-1","ydfZ","1",0
"ydgA-3","ydgA","3",596
"ydgC-1","ydgC","1",262
"ydgD-3","ydgD","3",207
"ydgH-4","ydgH","4",232
"ydgI-1","ydgI","1",0
"ydgJ-5","ydgJ","5",403
"ydgK-1","ydgK","1",555
"ydgT-3","ydgT","3",162
"ydhA-4","ydhA","4",593
"ydhB-5","ydhB","5",162
"ydhC-3","ydhC","3",712
"ydhF-4","ydhF","4",4
"ydhI-3","ydhI","3",11
"ydhJ-3","ydhJ","3",999
"ydhK-4","ydhK","4",617
"ydhL-1","ydhL","1",2
"ydhM-1","ydhM","1",134
"ydhO-1","ydhO","1",108
"ydhP-3","ydhP","3",30
"ydhQ-4","ydhQ","4",920
"ydhR-5","ydhR","5",987
"ydhS-1","ydhS","1",616
"ydhT-2","ydhT","2",1
"ydhU-1","ydhU","1",56
"ydhV-4","ydhV","4",76
"ydhW-2","ydhW","2",58
"ydhX-2","ydhX","2",53
"ydhY-1","ydhY","1",49
"ydhZ-4","ydhZ","4",26
"ydiA-2","ydiA","2",85
"ydiB-2","ydiB","2",44
"ydiE-2","ydiE","2",48
"ydiF-1","ydiF","1",24
"ydiH-4","ydiH","4",38
"ydiI-4","ydiI","4",371
"ydiJ-4","ydiJ","4",507
"ydiK-3","ydiK","3",219
"ydiL-3","ydiL","3",23
"ydiM-4","ydiM","4",20
"ydiN-3","ydiN","3",24
"ydiO-3","ydiO","3",166
"ydiP-1","ydiP","1",63
"ydiQ-4","ydiQ","4",73
"ydiR-3","ydiR","3",36
"ydiS-2","ydiS","2",65
"ydiT-1","ydiT","1",28
"ydiU-5","ydiU","5",502
"ydiV-3","ydiV","3",280
"ydiY-1","ydiY","1",568
"ydiZ-5","ydiZ","5",327
"ydjA-1","ydjA","1",1037
"ydjE-5","ydjE","5",90
"ydjF-3","ydjF","3",148
"ydjG-2","ydjG","2",41
"ydjH-4","ydjH","4",57
"ydjI-2","ydjI","2",57
"ydjJ-1","ydjJ","1",35
"ydjK-2","ydjK","2",50
"ydjL-3","ydjL","3",93
"ydjM-3","ydjM","3",4
"ydjN-2","ydjN","2",760
"ydjO-1","ydjO","1",99
"ydjR-4","ydjR","4",55
"ydjX-5","ydjX","5",84
"ydjY-1","ydjY","1",155
"ydjZ-3","ydjZ","3",257
"yeaB-1","yeaB","1",73
"yeaC-1","yeaC","1",1825
"yeaD-2","yeaD","2",251
"yeaE-4","yeaE","4",24
"yeaG-2","yeaG","2",693
"yeaH-4","yeaH","4",664
"yeaI-4","yeaI","4",51
"yeaJ-5","yeaJ","5",450
"yeaK-5","yeaK","5",618
"yeaL-4","yeaL","4",240
"yeaM-2","yeaM","2",352
"yeaN-5","yeaN","5",84
"yeaO-1","yeaO","1",0
"yeaP-4","yeaP","4",1489
"yeaQ-5","yeaQ","5",1494
"yeaR-5","yeaR","5",1335
"yeaS-1","yeaS","1",231
"yeaT-4","yeaT","4",79
"yeaU-1","yeaU","1",0
"yeaV-2","yeaV","2",42
"yeaW-3","yeaW","3",13
"yeaX-4","yeaX","4",109
"yeaY-4","yeaY","4",566
"yeaZ-2","yeaZ","2",258
"yebA-2","yebA","2",3225
"yebB-2","yebB","2",35
"yebC-3","yebC","3",584
"yebE-1","yebE","1",83
"yebF-3","yebF","3",545
"yebG-4","yebG","4",1128
"yebK-2","yebK","2",261
"yebN-2","yebN","2",33
"yebO-3","yebO","3",289
"yebQ-1","yebQ","1",231
"yebR-1","yebR","1",106
"yebS-3","yebS","3",331
"yebT-1","yebT","1",637
"yebU-2","yebU","2",502
"yebV-5","yebV","5",1146
"yebW-2","yebW","2",1882
"yebY-2","yebY","2",670
"yebZ-2","yebZ","2",223
"yecA-3","yecA","3",734
"yecC-2","yecC","2",384
"yecD-3","yecD","3",188
"yecE-1","yecE","1",2
"yecF-2","yecF","2",151
"yecG-1","yecG","1",151
"yecH-5","yecH","5",15
"yecI-4","yecI","4",153
"yecJ-2","yecJ","2",1064
"yecM-5","yecM","5",174
"yecN-4","yecN","4",21
"yecO-5","yecO","5",258
"yecP-1","yecP","1",912
"yecR-3","yecR","3",220
"yecS-4","yecS","4",299
"yecT-3","yecT","3",171
"yedA-1","yedA","1",232
"yedD-3","yedD","3",77
"yedE-1","yedE","1",325
"yedF-4","yedF","4",4
"yedI-2","yedI","2",565
"yedJ-1","yedJ","1",154
"yedK-1","yedK","1",110
"yedL-3","yedL","3",14
"yedM-2","yedM","2",2
"yedN-3","yedN","3",12
"yedP-1","yedP","1",177
"yedQ-3","yedQ","3",741
"yedR-5","yedR","5",230
"yedS-4","yedS","4",52
"yedV-3","yedV","3",107
"yedW-3","yedW","3",203
"yedX-3","yedX","3",19
"yedY-4","yedY","4",233
"yedZ-4","yedZ","4",387
"yeeA-4","yeeA","4",325
"yeeD-5","yeeD","5",213
"yeeE-5","yeeE","5",334
"yeeF-3","yeeF","3",847
"yeeI-3","yeeI","3",167
"yeeJ-4","yeeJ","4",74
"yeeL-12","yeeL","12",85
"yeeN-3","yeeN","3",326
"yeeO-1","yeeO","1",167
"yeeP-4","yeeP","4",8
"yeeR-5","yeeR","5",45
"yeeS-1","yeeS","1",21
"yeeT-1","yeeT","1",0
"yeeU-1","yeeU","1",0
"yeeV-1","yeeV","1",0
"yeeW-2","yeeW","2",46
"yeeX-4","yeeX","4",891
"yeeY-5","yeeY","5",1602
"yeeZ-4","yeeZ","4",2595
"yefM-3","yefM","3",2175
"yegD-5","yegD","5",9
"yegE-4","yegE","4",352
"yegH-1","yegH","1",262
"yegI-2","yegI","2",85
"yegJ-4","yegJ","4",43
"yegK-5","yegK","5",26
"yegL-3","yegL","3",124
"yegP-1","yegP","1",65
"yegQ-1","yegQ","1",1553
"yegR-4","yegR","4",8
"yegS-4","yegS","4",69
"yegT-4","yegT","4",121
"yegU-3","yegU","3",1
"yegV-1","yegV","1",47
"yegW-3","yegW","3",1065
"yegX-4","yegX","4",402
"yegZ-4","yegZ","4",35
"yehA-3","yehA","3",31
"yehB-2","yehB","2",35
"yehC-2","yehC","2",46
"yehD-2","yehD","2",43
"yehE-1","yehE","1",38
"yehI-4","yehI","4",74
"yehK-4","yehK","4",58
"yehL-2","yehL","2",8
"yehM-3","yehM","3",65
"yehP-5","yehP","5",36
"yehQ-2","yehQ","2",39
"yehR-4","yehR","4",62
"yehS-2","yehS","2",389
"yehT-1","yehT","1",217
"yehU-5","yehU","5",73
"yehW-5","yehW","5",164
"yehX-4","yehX","4",57
"yehY-1","yehY","1",0
"yehZ-3","yehZ","3",298
"yeiA-3","yeiA","3",64
"yeiB-3","yeiB","3",415
"yeiC-1","yeiC","1",47
"yeiE-2","yeiE","2",50
"yeiG-1","yeiG","1",19
"yeiH-3","yeiH","3",598
"yeiI-5","yeiI","5",328
"yeiJ-2","yeiJ","2",48
"yeiL-1","yeiL","1",30
"yeiM-5","yeiM","5",94
"yeiN-1","yeiN","1",62
"yeiP-5","yeiP","5",491
"yeiQ-4","yeiQ","4",174
"yeiR-5","yeiR","5",109
"yeiS-3","yeiS","3",24
"yeiT-5","yeiT","5",50
"yeiU-2","yeiU","2",151
"yeiW-1","yeiW","1",0
"yejA-5","yejA","5",384
"yejB-5","yejB","5",252
"yejE-3","yejE","3",247
"yejF-2","yejF","2",22
"yejG-5","yejG","5",2058
"yejH-3","yejH","3",473
"yejK-5","yejK","5",865
"yejL-3","yejL","3",164
"yejM-5","yejM","5",1112
"yejO-5","yejO","5",421
"yfaA-2","yfaA","2",221
"yfaD-5","yfaD","5",50
"yfaE-5","yfaE","5",16
"yfaH-5","yfaH","5",33
"yfaL-3","yfaL","3",130
"yfaP-3","yfaP","3",87
"yfaQ-3","yfaQ","3",25
"yfaS-1","yfaS","1",53
"yfaT-3","yfaT","3",111
"yfaU-4","yfaU","4",1
"yfaV-2","yfaV","2",16
"yfaW-5","yfaW","5",8
"yfaX-4","yfaX","4",54
"yfaY-4","yfaY","4",117
"yfaZ-1","yfaZ","1",0
"yfbB-1","yfbB","1",464
"yfbH-2","yfbH","2",39
"yfbJ-4","yfbJ","4",41
"yfbK-2","yfbK","2",55
"yfbL-5","yfbL","5",37
"yfbM-1","yfbM","1",32
"yfbN-4","yfbN","4",63
"yfbO-2","yfbO","2",17
"yfbP-3","yfbP","3",88
"yfbQ-3","yfbQ","3",1098
"yfbR-3","yfbR","3",245
"yfbS-2","yfbS","2",214
"yfbT-3","yfbT","3",25
"yfbU-3","yfbU","3",729
"yfbV-1","yfbV","1",361
"yfbW-5","yfbW","5",5
"yfcA-5","yfcA","5",143
"yfcC-1","yfcC","1",163
"yfcD-1","yfcD","1",0
"yfcE-1","yfcE","1",32
"yfcF-3","yfcF","3",89
"yfcG-3","yfcG","3",60
"yfcH-2","yfcH","2",345
"yfcI-2","yfcI","2",61
"yfcJ-4","yfcJ","4",60
"yfcL-4","yfcL","4",296
"yfcM-1","yfcM","1",130
"yfcN-1","yfcN","1",34
"yfcO-3","yfcO","3",485
"yfcP-2","yfcP","2",53
"yfcQ-2","yfcQ","2",19
"yfcR-5","yfcR","5",49
"yfcS-4","yfcS","4",35
"yfcU-3","yfcU","3",212
"yfcV-2","yfcV","2",76
"yfcY-1","yfcY","1",470
"yfcZ-2","yfcZ","2",1
"yfdC-2","yfdC","2",43
"yfdE-5","yfdE","5",44
"yfdF-4","yfdF","4",25
"yfdG-4","yfdG","4",394
"yfdH-4","yfdH","4",534
"yfdI-1","yfdI","1",84
"yfdK-2","yfdK","2",42
"yfdL-1","yfdL","1",12
"yfdM-4","yfdM","4",10
"yfdN-1","yfdN","1",0
"yfdO-3","yfdO","3",41
"yfdP-5","yfdP","5",50
"yfdQ-3","yfdQ","3",60
"yfdR-5","yfdR","5",27
"yfdS-2","yfdS","2",20
"yfdT-1","yfdT","1",32
"yfdV-5","yfdV","5",23
"yfdX-4","yfdX","4",77
"yfdY-2","yfdY","2",154
"yfdZ-1","yfdZ","1",0
"yfeA-5","yfeA","5",733
"yfeC-3","yfeC","3",25
"yfeD-1","yfeD","1",33
"yfeG-2","yfeG","2",7
"yfeH-1","yfeH","1",125
"yfeK-5","yfeK","5",111
"yfeN-4","yfeN","4",54
"yfeO-2","yfeO","2",45
"yfeR-1","yfeR","1",48
"yfeS-2","yfeS","2",116
"yfeT-2","yfeT","2",63
"yfeU-1","yfeU","1",0
"yfeW-3","yfeW","3",71
"yfeX-1","yfeX","1",0
"yfeY-4","yfeY","4",404
"yfeZ-5","yfeZ","5",181
"yffB-4","yffB","4",43
"yffI-3","yffI","3",36
"yffL-1","yffL","1",126
"yffM-5","yffM","5",1
"yffN-3","yffN","3",17
"yffO-5","yffO","5",95
"yffP-1","yffP","1",0
"yffQ-1","yffQ","1",42
"yffR-3","yffR","3",115
"yffS-3","yffS","3",122
"yfgA-3","yfgA","3",1825
"yfgB-2","yfgB","2",2096
"yfgC-3","yfgC","3",277
"yfgD-4","yfgD","4",435
"yfgF-3","yfgF","3",48
"yfgG-4","yfgG","4",27
"yfgH-5","yfgH","5",238
"yfgI-5","yfgI","5",134
"yfgJ-2","yfgJ","2",209
"yfgL-2","yfgL","2",3687
"yfgM-4","yfgM","4",251
"yfgO-3","yfgO","3",387
"yfhA-2","yfhA","2",1036
"yfhB-1","yfhB","1",178
"yfhD-2","yfhD","2",307
"yfhG-4","yfhG","4",3
"yfhH-5","yfhH","5",597
"yfhJ-4","yfhJ","4",682
"yfhK-1","yfhK","1",511
"yfhL-1","yfhL","1",609
"yfhM-4","yfhM","4",410
"yfhQ-1","yfhQ","1",4
"yfhR-5","yfhR","5",44
"yfiB-1","yfiB","1",591
"yfiC-4","yfiC","4",555
"yfiD-3","yfiD","3",3557
"yfiE-1","yfiE","1",536
"yfiF-5","yfiF","5",28
"yfiH-5","yfiH","5",95
"yfiK-1","yfiK","1",63
"yfiL-2","yfiL","2",144
"yfiM-1","yfiM","1",0
"yfiN-2","yfiN","2",1135
"yfiO-4","yfiO","4",961
"yfiP-4","yfiP","4",1471
"yfiQ-1","yfiQ","1",1994
"yfiR-3","yfiR","3",1297
"yfjD-4","yfjD","4",664
"yfjF-1","yfjF","1",0
"yfjG-2","yfjG","2",412
"yfjH-3","yfjH","3",101
"yfjI-2","yfjI","2",200
"yfjJ-5","yfjJ","5",32
"yfjK-3","yfjK","3",189
"yfjL-1","yfjL","1",427
"yfjM-2","yfjM","2",240
"yfjN-5","yfjN","5",1570
"yfjO-5","yfjO","5",3163
"yfjP-5","yfjP","5",43
"yfjQ-3","yfjQ","3",38
"yfjR-1","yfjR","1",16
"yfjS-5","yfjS","5",27
"yfjT-5","yfjT","5",7
"yfjU-3","yfjU","3",95
"yfjV-20","yfjV","20",128
"yfjW-5","yfjW","5",28
"yfjX-3","yfjX","3",12
"yfjY-1","yfjY","1",1
"yfjZ-1","yfjZ","1",8
"yfp-AR-1","yfp","AR",0
"ygaC-5","ygaC","5",383
"ygaD-5","ygaD","5",2
"ygaF-1","ygaF","1",0
"ygaH-1","ygaH","1",0
"ygaM-4","ygaM","4",1
"ygaP-2","ygaP","2",1994
"ygaQ-8","ygaQ","8",65
"ygaT-5","ygaT","5",107
"ygaU-2","ygaU","2",838
"ygaV-2","ygaV","2",199
"ygaW-3","ygaW","3",1783
"ygaY-7","ygaY","7",81
"ygaZ-1","ygaZ","1",697
"ygbA-2","ygbA","2",76
"ygbE-4","ygbE","4",104
"ygbF-3","ygbF","3",69
"ygbI-5","ygbI","5",501
"ygbJ-1","ygbJ","1",31
"ygbK-3","ygbK","3",33
"ygbL-4","ygbL","4",3
"ygbM-5","ygbM","5",69
"ygbN-3","ygbN","3",223
"ygbT-1","ygbT","1",212
"ygcB-5","ygcB","5",46
"ygcE-1","ygcE","1",65
"ygcF-1","ygcF","1",1
"ygcG-4","ygcG","4",20
"ygcH-2","ygcH","2",76
"ygcI-2","ygcI","2",78
"ygcJ-5","ygcJ","5",29
"ygcK-1","ygcK","1",30
"ygcL-2","ygcL","2",75
"ygcN-1","ygcN","1",27
"ygcO-3","ygcO","3",6
"ygcP-2","ygcP","2",71
"ygcQ-3","ygcQ","3",3
"ygcR-3","ygcR","3",1
"ygcS-4","ygcS","4",39
"ygcU-1","ygcU","1",92
"ygcW-1","ygcW","1",32
"ygdB-5","ygdB","5",24
"ygdD-1","ygdD","1",101
"ygdE-4","ygdE","4",1870
"ygdH-4","ygdH","4",976
"ygdI-2","ygdI","2",324
"ygdK-3","ygdK","3",902
"ygdL-4","ygdL","4",51
"ygdQ-1","ygdQ","1",537
"ygdR-4","ygdR","4",63
"ygeA-1","ygeA","1",12
"ygeD-5","ygeD","5",328
"ygeF-4","ygeF","4",2
"ygeG-5","ygeG","5",8
"ygeH-1","ygeH","1",22
"ygeI-5","ygeI","5",9
"ygeK-6","ygeK","6",69
"ygeN-4","ygeN","4",65
"ygeO-3","ygeO","3",82
"ygeQ-3","ygeQ","3",778
"ygeR-2","ygeR","2",847
"ygeV-4","ygeV","4",101
"ygeW-3","ygeW","3",7
"ygeX-5","ygeX","5",31
"ygeY-2","ygeY","2",20
"ygfA-2","ygfA","2",1290
"ygfB-4","ygfB","4",887
"ygfF-4","ygfF","4",7
"ygfG-2","ygfG","2",85
"ygfH-1","ygfH","1",68
"ygfI-3","ygfI","3",427
"ygfJ-3","ygfJ","3",159
"ygfK-1","ygfK","1",68
"ygfM-5","ygfM","5",44
"ygfO-2","ygfO","2",45
"ygfQ-5","ygfQ","5",80
"ygfS-1","ygfS","1",0
"ygfT-1","ygfT","1",38
"ygfU-2","ygfU","2",7
"ygfX-1","ygfX","1",0
"ygfY-4","ygfY","4",4
"ygfZ-3","ygfZ","3",485
"yggC-1","yggC","1",274
"yggD-5","yggD","5",410
"yggE-4","yggE","4",1255
"yggF-4","yggF","4",35
"yggG-3","yggG","3",2
"yggJ-1","yggJ","1",1397
"yggL-5","yggL","5",600
"yggM-5","yggM","5",32
"yggN-4","yggN","4",34
"yggP-3","yggP","3",27
"yggR-3","yggR","3",95
"yggS-5","yggS","5",470
"yggT-4","yggT","4",622
"yggU-2","yggU","2",46
"yggV-5","yggV","5",34
"yggW-5","yggW","5",956
"yggX-1","yggX","1",256
"yghA-4","yghA","4",40
"yghB-2","yghB","2",913
"yghD-3","yghD","3",57
"yghE-1","yghE","1",0
"yghF-1","yghF","1",36
"yghG-4","yghG","4",2
"yghJ-3","yghJ","3",56
"yghO-5","yghO","5",69
"yghQ-1","yghQ","1",35
"yghR-3","yghR","3",27
"yghS-2","yghS","2",26
"yghT-5","yghT","5",7
"yghU-1","yghU","1",0
"yghW-3","yghW","3",77
"yghX-1","yghX","1",125
"yghY-5","yghY","5",301
"yghZ-5","yghZ","5",135
"ygiA-4","ygiA","4",107
"ygiB-3","ygiB","3",417
"ygiC-3","ygiC","3",1360
"ygiD-1","ygiD","1",466
"ygiF-4","ygiF","4",59
"ygiH-1","ygiH","1",362
"ygiL-1","ygiL","1",83
"ygiN-1","ygiN","1",0
"ygiP-4","ygiP","4",7
"ygiQ-4","ygiQ","4",664
"ygiS-3","ygiS","3",6504
"ygiT-1","ygiT","1",2238
"ygiV-1","ygiV","1",245
"ygiW-4","ygiW","4",195
"ygiZ-3","ygiZ","3",19
"ygjD-2","ygjD","2",43
"ygjE-4","ygjE","4",7
"ygjG-1","ygjG","1",697
"ygjH-4","ygjH","4",33
"ygjI-4","ygjI","4",25
"ygjJ-5","ygjJ","5",7
"ygjK-4","ygjK","4",17
"ygjM-5","ygjM","5",61
"ygjN-4","ygjN","4",1151
"ygjO-3","ygjO","3",109
"ygjP-5","ygjP","5",103
"ygjQ-3","ygjQ","3",25
"ygjR-4","ygjR","4",108
"ygjV-1","ygjV","1",4
"yhaB-2","yhaB","2",41
"yhaC-4","yhaC","4",23
"yhaH-1","yhaH","1",0
"yhaI-1","yhaI","1",64
"yhaJ-1","yhaJ","1",0
"yhaK-1","yhaK","1",819
"yhaL-2","yhaL","2",11
"yhaM-1","yhaM","1",1974
"yhaO-1","yhaO","1",3163
"yhaV-1","yhaV","1",3092
"yhbC-5","yhbC","5",1030
"yhbE-5","yhbE","5",1039
"yhbG-5","yhbG","5",11
"yhbJ-1","yhbJ","1",293
"yhbN-4","yhbN","4",787
"yhbO-2","yhbO","2",51
"yhbP-4","yhbP","4",178
"yhbQ-1","yhbQ","1",0
"yhbS-1","yhbS","1",136
"yhbT-3","yhbT","3",92
"yhbU-1","yhbU","1",13
"yhbV-2","yhbV","2",1
"yhbW-1","yhbW","1",123
"yhbX-5","yhbX","5",87
"yhbY-1","yhbY","1",0
"yhcA-3","yhcA","3",18
"yhcB-1","yhcB","1",605
"yhcC-1","yhcC","1",16
"yhcD-4","yhcD","4",75
"yhcE-5","yhcE","5",87
"yhcF-5","yhcF","5",167
"yhcG-4","yhcG","4",347
"yhcH-3","yhcH","3",161
"yhcM-3","yhcM","3",422
"yhcN-5","yhcN","5",6
"yhcO-5","yhcO","5",140
"yhdA-3","yhdA","3",615
"yhdE-1","yhdE","1",0
"yhdH-2","yhdH","2",206
"yhdJ-3","yhdJ","3",175
"yhdL-5","yhdL","5",783
"yhdN-3","yhdN","3",1810
"yhdP-4","yhdP","4",244
"yhdT-2","yhdT","2",6
"yhdU-2","yhdU","2",11
"yhdV-1","yhdV","1",10
"yhdW-2","yhdW","2",46
"yhdX-3","yhdX","3",28
"yhdY-5","yhdY","5",40
"yhdZ-4","yhdZ","4",60
"yheL-5","yheL","5",129
"yheM-1","yheM","1",834
"yheN-1","yheN","1",158
"yheO-4","yheO","4",1342
"yheS-1","yheS","1",226
"yheT-4","yheT","4",168
"yheU-4","yheU","4",496
"yheV-1","yheV","1",327
"yhfA-3","yhfA","3",17
"yhfG-5","yhfG","5",247
"yhfK-3","yhfK","3",128
"yhfL-2","yhfL","2",98
"yhfS-1","yhfS","1",0
"yhfT-5","yhfT","5",20
"yhfU-1","yhfU","1",0
"yhfW-1","yhfW","1",17
"yhfX-4","yhfX","4",34
"yhfY-1","yhfY","1",60
"yhfZ-2","yhfZ","2",105
"yhgA-3","yhgA","3",83
"yhgE-3","yhgE","3",112
"yhgF-4","yhgF","4",382
"yhgG-1","yhgG","1",27
"yhgN-1","yhgN","1",17
"yhhA-5","yhhA","5",102
"yhhF-1","yhhF","1",411
"yhhH-4","yhhH","4",44
"yhhI-3","yhhI","3",87
"yhhJ-2","yhhJ","2",55
"yhhK-4","yhhK","4",348
"yhhL-2","yhhL","2",168
"yhhM-1","yhhM","1",0
"yhhN-3","yhhN","3",401
"yhhQ-4","yhhQ","4",8305
"yhhS-2","yhhS","2",71
"yhhT-3","yhhT","3",101
"yhhW-1","yhhW","1",4865
"yhhX-1","yhhX","1",569
"yhhY-4","yhhY","4",73
"yhhZ-3","yhhZ","3",46
"yhiD-4","yhiD","4",49
"yhiF-4","yhiF","4",48
"yhiI-1","yhiI","1",0
"yhiJ-1","yhiJ","1",56
"yhiL-2","yhiL","2",29
"yhiM-3","yhiM","3",52
"yhiN-5","yhiN","5",3
"yhiP-2","yhiP","2",290
"yhiQ-1","yhiQ","1",0
"yhiR-4","yhiR","4",304
"yhiS-2","yhiS","2",67
"yhjA-4","yhjA","4",187
"yhjB-4","yhjB","4",45
"yhjC-3","yhjC","3",93
"yhjD-5","yhjD","5",16
"yhjE-5","yhjE","5",177
"yhjG-4","yhjG","4",264
"yhjH-1","yhjH","1",50
"yhjJ-1","yhjJ","1",343
"yhjK-1","yhjK","1",663
"yhjQ-4","yhjQ","4",153
"yhjR-3","yhjR","3",127
"yhjV-3","yhjV","3",397
"yhjX-1","yhjX","1",101
"yhjY-4","yhjY","4",470
"yiaA-4","yiaA","4",25
"yiaB-1","yiaB","1",18
"yiaC-5","yiaC","5",2
"yiaD-1","yiaD","1",0
"yiaF-3","yiaF","3",937
"yiaG-4","yiaG","4",79
"yiaH-1","yiaH","1",44
"yiaJ-5","yiaJ","5",8
"yiaK-3","yiaK","3",24
"yiaL-1","yiaL","1",18
"yiaM-1","yiaM","1",0
"yiaN-1","yiaN","1",13
"yiaO-2","yiaO","2",5
"yiaT-1","yiaT","1",67
"yiaU-4","yiaU","4",188
"yiaV-4","yiaV","4",23
"yiaW-4","yiaW","4",7
"yiaY-1","yiaY","1",42
"yibA-3","yibA","3",13
"yibD-3","yibD","3",313
"yibF-3","yibF","3",44
"yibG-5","yibG","5",6
"yibH-4","yibH","4",2
"yibI-3","yibI","3",3
"yibJ-2","yibJ","2",64
"yibK-1","yibK","1",0
"yibL-1","yibL","1",0
"yibN-1","yibN","1",247
"yibQ-1","yibQ","1",447
"yibT-1","yibT","1",313
"yicC-2","yicC","2",32
"yicE-5","yicE","5",14
"yicG-1","yicG","1",44
"yicH-1","yicH","1",32
"yicI-1","yicI","1",58
"yicJ-2","yicJ","2",25
"yicL-4","yicL","4",89
"yicN-1","yicN","1",138
"yicO-4","yicO","4",15
"yicR-1","yicR","1",189
"yicS-4","yicS","4",45
"yidA-5","yidA","5",391
"yidB-1","yidB","1",0
"yidC-1","yidC","1",7296
"yidD-1","yidD","1",0
"yidE-3","yidE","3",791
"yidF-1","yidF","1",0
"yidG-1","yidG","1",50
"yidH-5","yidH","5",180
"yidI-5","yidI","5",87
"yidJ-4","yidJ","4",64
"yidK-3","yidK","3",80
"yidL-2","yidL","2",120
"yidP-3","yidP","3",33
"yidQ-4","yidQ","4",20
"yidR-5","yidR","5",253
"yidX-4","yidX","4",85
"yidZ-3","yidZ","3",75
"yieE-1","yieE","1",8
"yieF-3","yieF","3",542
"yieG-4","yieG","4",1048
"yieH-5","yieH","5",194
"yieI-2","yieI","2",40
"yieK-4","yieK","4",28
"yieL-2","yieL","2",79
"yieP-1","yieP","1",270
"yifB-3","yifB","3",66
"yifE-2","yifE","2",32
"yifK-4","yifK","4",252
"yifL-1","yifL","1",0
"yifN-3","yifN","3",76
"yifO-4","yifO","4",33
"yigA-2","yigA","2",15
"yigB-1","yigB","1",0
"yigE-1","yigE","1",41
"yigF-1","yigF","1",1
"yigG-3","yigG","3",25
"yigI-5","yigI","5",641
"yigL-1","yigL","1",985
"yigM-1","yigM","1",0
"yigP-1","yigP","1",0
"yigZ-4","yigZ","4",21
"yihA-2","yihA","2",381
"yihD-3","yihD","3",62
"yihE-1","yihE","1",1163
"yihF-4","yihF","4",17
"yihG-4","yihG","4",131
"yihI-1","yihI","1",26
"yihL-2","yihL","2",7
"yihM-2","yihM","2",52
"yihN-1","yihN","1",18
"yihO-5","yihO","5",27
"yihP-5","yihP","5",25
"yihQ-2","yihQ","2",8
"yihR-1","yihR","1",31
"yihS-5","yihS","5",62
"yihT-5","yihT","5",21
"yihU-1","yihU","1",0
"yihV-5","yihV","5",85
"yihW-3","yihW","3",54
"yihX-5","yihX","5",72
"yiiD-2","yiiD","2",398
"yiiE-1","yiiE","1",1
"yiiF-2","yiiF","2",48
"yiiG-4","yiiG","4",97
"yiiM-4","yiiM","4",95
"yiiQ-1","yiiQ","1",0
"yiiR-3","yiiR","3",195
"yiiS-1","yiiS","1",70
"yiiT-1","yiiT","1",277
"yiiU-4","yiiU","4",789
"yiiX-3","yiiX","3",284
"yijD-2","yijD","2",274
"yijE-5","yijE","5",72
"yijF-2","yijF","2",35
"yijO-4","yijO","4",48
"yijP-3","yijP","3",244
"yjaA-2","yjaA","2",128
"yjaB-4","yjaB","4",1
"yjaG-5","yjaG","5",543
"yjaH-1","yjaH","1",305
"yjbB-4","yjbB","4",214
"yjbD-5","yjbD","5",395
"yjbE-1","yjbE","1",0
"yjbF-3","yjbF","3",11
"yjbG-3","yjbG","3",1
"yjbH-4","yjbH","4",152
"yjbI-3","yjbI","3",31
"yjbJ-5","yjbJ","5",623
"yjbL-5","yjbL","5",18
"yjbM-1","yjbM","1",34
"yjbO-3","yjbO","3",9
"yjbQ-1","yjbQ","1",47
"yjbR-1","yjbR","1",0
"yjcB-3","yjcB","3",2034
"yjcC-5","yjcC","5",68
"yjcD-5","yjcD","5",403
"yjcE-4","yjcE","4",301
"yjcF-2","yjcF","2",64
"yjcH-2","yjcH","2",43
"yjcO-1","yjcO","1",269
"yjcP-1","yjcP","1",49
"yjcQ-4","yjcQ","4",20
"yjcR-1","yjcR","1",3
"yjcS-5","yjcS","5",30
"yjcZ-1","yjcZ","1",0
"yjdA-4","yjdA","4",103
"yjdC-3","yjdC","3",36
"yjdF-4","yjdF","4",71
"yjdI-4","yjdI","4",29
"yjdJ-1","yjdJ","1",114
"yjdK-4","yjdK","4",25
"yjdL-3","yjdL","3",86
"yjdO-1","yjdO","1",10
"yjdP-1","yjdP","1",0
"yjeE-2","yjeE","2",580
"yjeF-1","yjeF","1",110
"yjeH-2","yjeH","2",2
"yjeI-4","yjeI","4",5
"yjeJ-5","yjeJ","5",73
"yjeK-3","yjeK","3",921
"yjeM-4","yjeM","4",206
"yjeN-3","yjeN","3",1
"yjeO-1","yjeO","1",0
"yjeP-4","yjeP","4",692
"yjeS-3","yjeS","3",1213
"yjeT-3","yjeT","3",12
"yjfC-5","yjfC","5",21
"yjfF-1","yjfF","1",55
"yjfI-3","yjfI","3",52
"yjfJ-5","yjfJ","5",42
"yjfK-2","yjfK","2",24
"yjfL-3","yjfL","3",22
"yjfM-4","yjfM","4",53
"yjfN-4","yjfN","4",1
"yjfO-5","yjfO","5",397
"yjfP-5","yjfP","5",41
"yjfY-3","yjfY","3",138
"yjfZ-3","yjfZ","3",51
"yjgA-3","yjgA","3",463
"yjgB-4","yjgB","4",216
"yjgF-1","yjgF","1",538
"yjgH-2","yjgH","2",458
"yjgI-4","yjgI","4",3283
"yjgJ-3","yjgJ","3",1477
"yjgK-4","yjgK","4",1823
"yjgL-4","yjgL","4",309
"yjgM-5","yjgM","5",195
"yjgN-3","yjgN","3",46
"yjgP-4","yjgP","4",2205
"yjgQ-2","yjgQ","2",1780
"yjgR-5","yjgR","5",193
"yjgW-5","yjgW","5",170
"yjgX-16","yjgX","16",1964
"yjgZ-3","yjgZ","3",1
"yjhA-1","yjhA","1",34
"yjhB-2","yjhB","2",28
"yjhC-4","yjhC","4",46
"yjhD-2","yjhD","2",78
"yjhE-3","yjhE","3",60
"yjhF-4","yjhF","4",53
"yjhG-5","yjhG","5",57
"yjhH-1","yjhH","1",32
"yjhI-3","yjhI","3",75
"yjhP-1","yjhP","1",0
"yjhQ-3","yjhQ","3",10
"yjhR-2","yjhR","2",72
"yjhS-4","yjhS","4",74
"yjhT-1","yjhT","1",42
"yjhU-1","yjhU","1",704
"yjhV-5","yjhV","5",19
"yjhW-1","yjhW","1",7
"yjhX-3","yjhX","3",85
"yjiA-5","yjiA","5",224
"yjiC-3","yjiC","3",23
"yjiD-2","yjiD","2",26
"yjiE-4","yjiE","4",71
"yjiG-3","yjiG","3",194
"yjiH-5","yjiH","5",63
"yjiJ-1","yjiJ","1",0
"yjiK-2","yjiK","2",52
"yjiL-5","yjiL","5",37
"yjiM-5","yjiM","5",160
"yjiN-5","yjiN","5",229
"yjiO-3","yjiO","3",301
"yjiP-11","yjiP","11",91
"yjiR-1","yjiR","1",252
"yjiS-2","yjiS","2",1
"yjiT-5","yjiT","5",147
"yjiV-2","yjiV","2",338
"yjiW-1","yjiW","1",0
"yjiX-2","yjiX","2",1
"yjiY-4","yjiY","4",38
"yjiZ-2","yjiZ","2",82
"yjjA-5","yjjA","5",38
"yjjB-4","yjjB","4",104
"yjjG-5","yjjG","5",1649
"yjjI-4","yjjI","4",57
"yjjJ-4","yjjJ","4",295
"yjjK-1","yjjK","1",992
"yjjM-4","yjjM","4",22
"yjjN-1","yjjN","1",41
"yjjP-1","yjjP","1",137
"yjjQ-5","yjjQ","5",55
"yjjU-5","yjjU","5",588
"yjjV-1","yjjV","1",47
"yjjW-2","yjjW","2",2
"yjjX-3","yjjX","3",6
"yjjY-4","yjjY","4",50
"yjjZ-3","yjjZ","3",295
"yjtD-2","yjtD","2",549
"ykfA-1","ykfA","1",369
"ykfB-4","ykfB","4",118
"ykfC-2","ykfC","2",261
"ykfF-1","ykfF","1",0
"ykfG-1","ykfG","1",0
"ykfH-1","ykfH","1",0
"ykfI-3","ykfI","3",9
"ykfJ-5","ykfJ","5",178
"ykgA-3","ykgA","3",83
"ykgB-5","ykgB","5",59
"ykgC-1","ykgC","1",24
"ykgD-1","ykgD","1",25
"ykgE-5","ykgE","5",67
"ykgF-3","ykgF","3",64
"ykgG-3","ykgG","3",75
"ykgH-2","ykgH","2",73
"ykgI-2","ykgI","2",29
"ykgJ-1","ykgJ","1",0
"ykgK-4","ykgK","4",40
"ykgL-3","ykgL","3",65
"ykgM-1","ykgM","1",23
"ykgN-3","ykgN","3",372
"ykgO-3","ykgO","3",17
"ykiA-1","ykiA","1",15
"ykiB-4","ykiB","4",2
"ylaB-4","ylaB","4",467
"ylaC-5","ylaC","5",867
"ylbA-5","ylbA","5",115
"ylbE-11","ylbE","11",2
"ylbF-3","ylbF","3",20
"ylbG-1","ylbG","1",87
"ylbH-5","ylbH","5",176
"ylcG-1","ylcG","1",0
"yliA-2","yliA","2",143
"yliB-4","yliB","4",173
"yliC-2","yliC","2",35
"yliD-3","yliD","3",47
"yliE-3","yliE","3",36
"yliF-2","yliF","2",54
"yliG-5","yliG","5",51
"yliI-5","yliI","5",70
"yliJ-3","yliJ","3",554
"yliK-4","yliK","4",29
"yliL-5","yliL","5",78
"ymbA-5","ymbA","5",229
"ymcB-1","ymcB","1",0
"ymcC-4","ymcC","4",713
"ymcD-1","ymcD","1",0
"ymcE-3","ymcE","3",1115
"ymdA-1","ymdA","1",42
"ymdB-1","ymdB","1",125
"ymdC-3","ymdC","3",437
"ymdE-3","ymdE","3",38
"ymdF-4","ymdF","4",163
"ymfA-5","ymfA","5",78
"ymfD-2","ymfD","2",29
"ymfE-5","ymfE","5",4
"ymfG-5","ymfG","5",38
"ymfH-3","ymfH","3",2
"ymfI-2","ymfI","2",49
"ymfJ-4","ymfJ","4",36
"ymfK-5","ymfK","5",120
"ymfL-1","ymfL","1",3
"ymfM-1","ymfM","1",0
"ymfN-1","ymfN","1",0
"ymfO-1","ymfO","1",0
"ymfP-4","ymfP","4",20
"ymfQ-1","ymfQ","1",0
"ymfR-1","ymfR","1",0
"ymfS-1","ymfS","1",37
"ymfT-1","ymfT","1",0
"ymgA-2","ymgA","2",560
"ymgB-2","ymgB","2",369
"ymgC-3","ymgC","3",227
"ymgD-3","ymgD","3",50
"ymgE-1","ymgE","1",0
"ymgF-1","ymgF","1",0
"ymgG-5","ymgG","5",4
"ymgH-1","ymgH","1",49
"ymiA-4","ymiA","4",2
"ymjA-2","ymjA","2",1088
"ymjC-4","ymjC","4",45
"ynaA-4","ynaA","4",75
"ynaI-2","ynaI","2",150
"ynaJ-4","ynaJ","4",1512
"ynaK-2","ynaK","2",9
"ynbA-5","ynbA","5",23
"ynbB-1","ynbB","1",29
"ynbC-5","ynbC","5",130
"ynbD-1","ynbD","1",108
"ynbE-3","ynbE","3",6
"yncA-4","yncA","4",15
"yncB-1","yncB","1",113
"yncC-3","yncC","3",163
"yncD-4","yncD","4",161
"yncE-1","yncE","1",725
"yncG-3","yncG","3",40
"yncH-5","yncH","5",67
"yncI-2","yncI","2",98
"yncJ-5","yncJ","5",69
"yncK-2","yncK","2",102
"yncN-5","yncN","5",54
"yneE-2","yneE","2",189
"yneF-5","yneF","5",361
"yneG-4","yneG","4",38
"yneH-5","yneH","5",741
"yneI-2","yneI","2",19
"yneJ-1","yneJ","1",411
"yneK-1","yneK","1",85
"yneL-3","yneL","3",145
"ynfA-5","ynfA","5",41
"ynfB-4","ynfB","4",31
"ynfC-1","ynfC","1",238
"ynfD-1","ynfD","1",0
"ynfE-3","ynfE","3",134
"ynfF-3","ynfF","3",178
"ynfG-2","ynfG","2",59
"ynfH-5","ynfH","5",4
"ynfK-1","ynfK","1",0
"ynfL-3","ynfL","3",36
"ynfM-5","ynfM","5",183
"ynfN-1","ynfN","1",15
"ynfO-1","ynfO","1",0
"ynfP-1","ynfP","1",1
"ynhG-2","ynhG","2",692
"yniA-3","yniA","3",282
"yniB-5","yniB","5",450
"yniC-1","yniC","1",384
"yniD-1","yniD","1",0
"ynjA-5","ynjA","5",13
"ynjB-1","ynjB","1",0
"ynjC-1","ynjC","1",44
"ynjD-1","ynjD","1",94
"ynjE-5","ynjE","5",45
"ynjF-2","ynjF","2",41
"ynjH-3","ynjH","3",28
"ynjI-5","ynjI","5",37
"yoaA-3","yoaA","3",12
"yoaB-3","yoaB","3",12
"yoaC-6","yoaC","6",70
"yoaD-6","yoaD","6",182
"yoaE-1","yoaE","1",0
"yoaF-1","yoaF","1",0
"yoaG-2","yoaG","2",1165
"yoaH-1","yoaH","1",0
"yoaI-4","yoaI","4",12
"yobA-1","yobA","1",483
"yobB-1","yobB","1",0
"yobD-2","yobD","2",136
"yobF-2","yobF","2",169
"yobG-3","yobG","3",98
"yobH-3","yobH","3",149
"yodA-5","yodA","5",37
"yodB-5","yodB","5",33
"yodC-1","yodC","1",0
"yodD-5","yodD","5",258
"yoeA-5","yoeA","5",194
"yoeB-6","yoeB","6",634
"yoeF-1","yoeF","1",2
"yohC-6","yohC","6",613
"yohD-1","yohD","1",0
"yohF-1","yohF","1",0
"yohJ-5","yohJ","5",1
"yohK-5","yohK","5",295
"yohL-6","yohL","6",740
"yohM-6","yohM","6",490
"yohN-3","yohN","3",617
"yohO-6","yohO","6",16
"yojI-6","yojI","6",838
"yojL-3","yojL","3",626
"ypaA-4","ypaA","4",193
"ypdA-3","ypdA","3",290
"ypdB-3","ypdB","3",183
"ypdC-6","ypdC","6",5
"ypdD-3","ypdD","3",33
"ypdE-6","ypdE","6",2
"ypdF-6","ypdF","6",80
"ypdG-1","ypdG","1",12
"ypdH-5","ypdH","5",300
"ypdI-6","ypdI","6",21
"ypdJ-1","ypdJ","1",21
"ypeA-4","ypeA","4",133
"ypeB-3","ypeB","3",150
"ypeC-5","ypeC","5",178
"ypfE-1","ypfE","1",0
"ypfG-3","ypfG","3",425
"ypfH-1","ypfH","1",361
"ypfI-5","ypfI","5",19
"ypfJ-6","ypfJ","6",80
"ypfN-5","ypfN","5",71
"yphA-3","yphA","3",105
"yphB-2","yphB","2",27
"yphC-3","yphC","3",6
"yphD-4","yphD","4",6
"yphE-1","yphE","1",0
"yphF-3","yphF","3",57
"yphG-4","yphG","4",68
"yphH-3","yphH","3",146
"ypjA-5","ypjA","5",144
"ypjC-8","ypjC","8",64
"ypjD-5","ypjD","5",123
"ypjF-2","ypjF","2",64
"ypjJ-1","ypjJ","1",0
"ypjK-1","ypjK","1",0
"yqaA-5","yqaA","5",603
"yqaB-3","yqaB","3",979
"yqaE-5","yqaE","5",312
"yqcA-1","yqcA","1",425
"yqcC-3","yqcC","3",40
"yqcE-4","yqcE","4",59
"yqeA-2","yqeA","2",132
"yqeB-4","yqeB","4",11
"yqeC-6","yqeC","6",41
"yqeF-4","yqeF","4",170
"yqeG-2","yqeG","2",372
"yqeH-4","yqeH","4",97
"yqeI-6","yqeI","6",37
"yqeJ-5","yqeJ","5",5
"yqeK-5","yqeK","5",24
"yqfA-6","yqfA","6",1503
"yqfB-6","yqfB","6",71
"yqfE-1","yqfE","1",0
"yqgA-6","yqgA","6",3
"yqgB-1","yqgB","1",0
"yqgC-3","yqgC","3",3
"yqgD-1","yqgD","1",59
"yqgE-6","yqgE","6",90
"yqgF-2","yqgF","2",7
"yqhA-6","yqhA","6",1359
"yqhC-4","yqhC","4",414
"yqhD-6","yqhD","6",16
"yqhG-4","yqhG","4",37
"yqhH-2","yqhH","2",2
"yqiA-1","yqiA","1",0
"yqiB-2","yqiB","2",268
"yqiC-1","yqiC","1",34
"yqiG-5","yqiG","5",73
"yqiH-4","yqiH","4",50
"yqiI-3","yqiI","3",23
"yqiJ-3","yqiJ","3",77
"yqiK-2","yqiK","2",159
"yqjA-5","yqjA","5",52
"yqjB-5","yqjB","5",383
"yqjC-6","yqjC","6",2287
"yqjD-4","yqjD","4",100
"yqjE-1","yqjE","1",0
"yqjF-4","yqjF","4",804
"yqjG-5","yqjG","5",840
"yqjH-6","yqjH","6",2
"yqjI-1","yqjI","1",152
"yqjK-3","yqjK","3",283
"yraH-1","yraH","1",27
"yraI-5","yraI","5",46
"yraJ-6","yraJ","6",60
"yraK-4","yraK","4",62
"yraL-2","yraL","2",2
"yraM-6","yraM","6",264
"yraN-6","yraN","6",252
"yraP-2","yraP","2",11
"yraQ-5","yraQ","5",381
"yraR-3","yraR","3",79
"yrbA-6","yrbA","6",69
"yrbB-1","yrbB","1",129
"yrbC-4","yrbC","4",55
"yrbD-6","yrbD","6",966
"yrbE-1","yrbE","1",0
"yrbF-1","yrbF","1",0
"yrbG-4","yrbG","4",769
"yrbK-1","yrbK","1",2771
"yrbL-1","yrbL","1",1357
"yrdA-4","yrdA","4",315
"yrdB-1","yrdB","1",913
"yrdC-4","yrdC","4",1953
"yrdD-1","yrdD","1",892
"yrfA-6","yrfA","6",3
"yrfB-1","yrfB","1",0
"yrfC-1","yrfC","1",0
"yrfD-4","yrfD","4",25
"yrfF-4","yrfF","4",885
"yrfG-3","yrfG","3",608
"yrhA-1","yrhA","1",8
"yrhB-2","yrhB","2",218
"yrhC-4","yrhC","4",16
"ysaA-1","ysaA","1",0
"ysaB-1","ysaB","1",0
"ysgA-6","ysgA","6",306
"ytfA-2","ytfA","2",81
"ytfB-1","ytfB","1",0
"ytfE-2","ytfE","2",403
"ytfF-5","ytfF","5",1
"ytfG-6","ytfG","6",280
"ytfH-2","ytfH","2",2
"ytfI-5","ytfI","5",48
"ytfJ-1","ytfJ","1",0
"ytfK-5","ytfK","5",357
"ytfL-3","ytfL","3",2247
"ytfM-4","ytfM","4",369
"ytfN-4","ytfN","4",324
"ytfP-5","ytfP","5",4
"ytfQ-3","ytfQ","3",415
"ytfR-6","ytfR","6",72
"ytfT-1","ytfT","1",0
"ytjA-3","ytjA","3",318
"ytjB-5","ytjB","5",356
"ytjC-3","ytjC","3",742
"yzcX-1","yzcX","1",488
"yzfA-5","yzfA","5",1
"yzgL-3","yzgL","3",33
"zapA-1","zapA","1",4325
"zipA-1","zipA","1",3366
"zitB-5","zitB","5",35
"zntA-6","zntA","6",3214
"zntR-6","zntR","6",625
"znuA-2","znuA","2",2931
"znuB-6","znuB","6",449
"znuC-4","znuC","4",737
"zraP-1","zraP","1",35
"zraR-6","zraR","6",149
"zraS-5","zraS","5",76
"zupT-5","zupT","5",95
"zur-2","zur","2",26
"zwf-1","zwf","1",946
