matrix_label,1,2,3,4,5,6,7,8,9,10
gyrA G81D,1,0.2,0.62,0.95,0,1,0,0,0,0
gyrA S83L,0,0.51,0,0,0.63,0,1,0,0,0.91
gyrA S83W,0,0,0,0,0,0,0,0.74,1,0
gyrA A119E,0,0,0.28,0,0,0,0,0,0,0
gyrA D87Y,0,0,0,0,0.2,0,0,0,0,0
rpoB H1237L,0,0,0.32,1,1,0,0,1,0,0
rpoB small_indel [4182858],0,0,0,0,0,0,0,0,1,0
rpoB small_indel [4185043],0,0.77,0,0,0,0,0,0,0,0
rpoB D1064N,0,0.24,0,0,0,1,0,0,0,0
rpoB D1064G,1,0,0,0,0,0,0,0,0,0
rpoB E562D,0,0,0,0,0,0,0,0,0,0.83
rpoB M129R,0,0,0.64,0,0,0,0,0,0,0
icd H366H,1,0,1,1,1,0,1,1,0,0
rplJ P89S,1,0,0,0,0,0,0,0,0,0
trkH L185Q,0,0,0,0,0,0,1,0,0,0
feaB D41E,1,0,0,0,0,0,0,0,0,0
appY/ompT small_indel,0,0,0,1,0,0,0,0,0,0
glvC small_indel,0,0,0,0,0,0,0.94,0,0,0
arcB G258C,0,0,0,0,0,0,0,0.69,0,0
paaG S241C,0,0.67,0,0,0,0,0,0,0,0
tas small_indel,0,0,0.66,0,0,0,0,0,0,0
pssL small_indel,0,0.48,0,0,0,0,0,0,0,0
sucA V141A,0,0,0,0,0,0,0.31,0,0,0
arcA small_indel,0,0,0.25,0,0,0,0,0,0,0
ygfB P184Q,0,0,0,0,0,0,0.19,0,0,0
gltP/yjcO snp_intergenic,0,0,0,0,0,0,0.18,0,0,0
arcA L65F,0,0,0,0,0.18,0,0,0,0,0
puuA D431D,0,0.15,0,0,0,0,0,0,0,0
arpA D661A,0,0,0.15,0,0,0,0,0,0,0
fimB/fimE mobile_element_insertion,0,0,0,0,0,0,0.13,0,0,0
ftp/ompC snp_intergenic [2311562],0,0,0,0,0,0,0,0.13,0,0
ftp/ompC snp_intergenic [2311594],0,0,0,0,0,0,0,0,0,0
yhaC/rnpB snp_intergenic,0,0,0,0,0.13,0,0,0,0,0
yhiI V38V,0,0,0,0,0.12,0,0,0,0,0
recF I355T,0,0.12,0,0,0,0,0,0,0,0
selB small_indel,0,0,0,0,0,0,0.11,0,0,0
elaD C252C,0,0.1,0,0,0,0,0,0,0,0
hlyE E42D,0,0,0,0,0,0,0,0,0.1,0
yffN/yffO snp_intergenic,0,0,0,0,0,0,0,0,0.1,0
pgaC E86G,0,0,0,0,0.1,0,0,0,0,0
