aa_new_seq	aa_position	aa_ref_seq	clone	codon_new_seq	codon_number	codon_position	codon_position_is_indeterminate	codon_ref_seq	frequency	gene_name	gene_position	gene_product	gene_strand	genes_inactivated	genes_overlapping	genes_promoter	insert_position	locus_tag	locus_tags_inactivated	locus_tags_overlapping	locus_tags_promoter	mutation_category	mutator_status	new_read_count	new_read_count_basis	new_seq	population	position	position_end	position_start	ref_read_count	ref_read_count_basis	ref_seq	seq_id	size	snp_type	time	title	transl_table	treatment	type
R	118	G		AGG	118	1		GGG	1	sgrR	352	DNA-binding transcriptional dual regulator SgrR	<		sgrR			b0069		b0069		snp_nonsynonymous		210	1	T		76948	76948	76948	11	1	C	U00096		nonsynonymous	-1	output	11		SNP
									1	insB9–[crl]		insB9,insA9,[crl]		insB9,insA9,crl				[b4710]–[b0240]	b4710,b4709,b0240			large_deletion		153	1			257908	258683	257908	0	2	776-bp	U00096	776		-1	output			DEL
I	54	L		ATT	54	1		CTT	1	ybhJ	160	putative hydratase YbhJ	>		ybhJ			b0771		b0771		snp_nonsynonymous		143	1	A		803662	803662	803662	0	1	C	U00096		nonsynonymous	-1	output	11		SNP
H	366	H		CAT	366	3		CAC	1	icd	1098	isocitrate dehydrogenase	>		icd			b1136		b1136		snp_synonymous		96	1	T		1196220	1196220	1196220	0	1	C	U00096		synonymous	-1	output	11		SNP
									6.87789917e-02	ychS/rttR	intergenic (+53/+29)	putative uncharacterized protein YchS/small RNA RttR	>/<			rttR		b1228/b4425			b4425	snp_intergenic		11	1	T		1287037	1287037	1287037	112	1	C	U00096		intergenic	-1	output			SNP
NA|*	NA|6	NA|Q		NA|TAA	NA|6	NA|1		NA|CAA	5.23681641e-02	rttR|tpr	noncoding (76/171 nt)|16	small RNA RttR|protamine-like protein	<|<	tpr	rttR			b4425|b1229	b1229	b4425		snp_noncoding|nonsense		7	1	A		1287161	1287161	1287161	116	1	G	U00096		noncoding|nonsense	-1	output	NA|11		SNP
									1	ydfD/ynfP	intergenic (+550/+2193)	lysis protein/protein YnfP	>/<			ynfP		b1576/b4534			b4534	snp_intergenic		124	1	T		1650535	1650535	1650535	6	1	C	U00096		intergenic	-1	output			SNP
E	582	Q		GAA	582	1		CAA	5.71641922e-02	rsxC	1744	SoxR [2Fe-2S] reducing system protein RsxC	>		rsxC			b1629		b1629		snp_nonsynonymous		9	1	G		1708662	1708662	1708662	144	1	C	U00096		nonsynonymous	-1	output	11		SNP
D	25	G		GAT	25	2		GGT	1	mntP	74	Mn(2(+)) exporter	>		mntP			b1821		b1821		snp_nonsynonymous		138	1	A		1905761	1905761	1905761	0	1	G	U00096		nonsynonymous	-1	output	11		SNP
									1	insB5–insA5		insB5,insA5		insB5,insA5				[b1893]–[b1894]	b1893,b1894			large_deletion		145	1			1978503	1979278	1978503	0	2	776-bp	U00096	776		-1	output			DEL
									1	gatD/gatB	intergenic (-490/+918)	galactitol-1-phosphate 5-dehydrogenase/galactitol-specific PTS enzyme IIB component	</<					b2091/b2093				small_indel		366	2			2173363	2173364	2173363	4	2	CC	U00096	2		-1	output			DEL
L	83	S		TTG	83	2		TCG	1	gyrA	248	DNA gyrase subunit A	<		gyrA			b2231		b2231		snp_nonsynonymous		161	1	A		2339173	2339173	2339173	0	1	G	U00096		nonsynonymous	-1	output	11		SNP
									6.06017113e-02	pssL	coding (22/42 nt)	protein PssL	>	pssL				b4782	b4782			small_indel		12	1			2722723	2722723	2722723	185	1	T	U00096	1		-1	output			DEL
S	14	S		AGC	14	3		AGT	7.12132454e-02	hybB	42	hydrogenase 2 membrane subunit	<		hybB			b2995		b2995		snp_synonymous		14	1	G		3144123	3144123	3144123	178	1	A	U00096		synonymous	-1	output	11		SNP
R	138	L		CGG	138	2		CTG	1	rpe	413	ribulose-phosphate 3-epimerase	<		rpe			b3386		b3386		snp_nonsynonymous		161	1	C		3514647	3514647	3514647	17	1	A	U00096		nonsynonymous	-1	output	11		SNP
									1	rtcR/glpG	intergenic (+589/+167)	DNA-binding transcriptional activator RtcR/rhomboid protease GlpG	>/<			glpG	1	b3422/b3424			b3424	small_indel		210	1	G		3560455	3560455	3560455	0	1	C	U00096			-1	output			INS
									1	glvC	coding (1042/1107 nt)	putative PTS enzyme II component GlvC	<		glvC			b3683		b3683		small_indel		202	1			3862562	3862562	3862562	3	1	A	U00096	1		-1	output			DEL
Q	185	L		CAG	185	2		CTG	1	trkH	554	K(+) transporter TrkH	>		trkH			b3849		b3849		snp_nonsynonymous		227	1	A		4033698	4033698	4033698	6	1	T	U00096		nonsynonymous	-1	output	11		SNP
T	201	A		ACC	201	1		GCC	9.08016205e-01	glpF	601	glycerol facilitator	<		glpF			b3927		b3927		snp_nonsynonymous		209	1	T		4117490	4117490	4117490	21	1	C	U00096		nonsynonymous	-1	output	11		SNP
E	52	V		GAG	52	2		GTG	1	glpF	155	glycerol facilitator	<		glpF			b3927		b3927		snp_nonsynonymous		199	1	T		4117936	4117936	4117936	1	1	A	U00096		nonsynonymous	-1	output	11		SNP
									1.49385452e-01	gltP/yjcO	intergenic (+266/+376)	glutamate/aspartate : H(+) symporter GltP/Sel1 repeat-containing protein YjcO	>/<			yjcO		b4077/b4078			b4078	snp_intergenic		35	1	T		4296060	4296060	4296060	192	1	C	U00096		intergenic	-1	output			SNP
									1	gltP/yjcO	intergenic (+586/+56)	glutamate/aspartate : H(+) symporter GltP/Sel1 repeat-containing protein YjcO	>/<			yjcO	1	b4077/b4078			b4078	small_indel		271	2	CG		4296380	4296380	4296380	0	2	A	U00096			-1	output			INS
A	252	A		GCA	252	3		GCC	1	rsgA	756	ribosome small subunit-dependent GTPase A	<		rsgA			b4161		b4161		snp_synonymous		265	1	T		4390754	4390754	4390754	0	1	G	U00096		synonymous	-1	output	11		SNP
