aa_new_seq	aa_position	aa_ref_seq	clone	codon_new_seq	codon_number	codon_position	codon_position_is_indeterminate	codon_ref_seq	frequency	gene_name	gene_position	gene_product	gene_strand	genes_inactivated	genes_overlapping	genes_promoter	insert_position	locus_tag	locus_tags_inactivated	locus_tags_overlapping	locus_tags_promoter	mutation_category	mutator_status	new_read_count	new_read_count_basis	new_seq	population	position	position_end	position_start	ref_read_count	ref_read_count_basis	ref_seq	repeat_length	repeat_new_copies	repeat_ref_copies	repeat_seq	seq_id	size	snp_type	time	title	transl_table	treatment	type
									1	insB9–[crl]		insB9,insA9,[crl]		insB9,insA9,crl				[b4710]–[b0240]	b4710,b4709,b0240			large_deletion		419	1			257908	258683	257908	0	2	776-bp					U00096	776		-1	output			DEL
I	54	L		ATT	54	1		CTT	1	ybhJ	160	putative hydratase YbhJ	>		ybhJ			b0771		b0771		snp_nonsynonymous		501	1	A		803662	803662	803662	0	1	C					U00096		nonsynonymous	-1	output	11		SNP
I	94	I		ATC	94	3		ATA	8.67290497e-02	pgaC	282	poly-N-acetyl-D-glucosamine synthase subunit PgaC	<		pgaC			b1022		b1022		snp_synonymous		34	1	G		1087565	1087565	1087565	347	1	T					U00096		synonymous	-1	output	11		SNP
									5.84795322e-02	ptsG	coding (853-857/1434 nt)	glucose-specific PTS enzyme IIBC component	>	ptsG				b1101	b1101			small_indel		30	1			1158721	1158725	1158721	966	2	ATCTC					U00096	5		-1	output			DEL
									5.99126816e-02	ymjA/puuP	intergenic (-61/+73)	DUF2543 domain-containing protein YmjA/putrescine:H(+) symporter PuuP	</<			ymjA		b1295/b1296			b1295	snp_intergenic		29	1	C		1357729	1357729	1357729	455	1	G					U00096		intergenic	-1	output			SNP
D	431	D		GAC	431	3		GAT	1.52066708e-01	puuA	1293	glutamate-putrescine ligase	<		puuA			b1297		b1297		snp_synonymous		68	1	G		1359616	1359616	1359616	377	1	A					U00096		synonymous	-1	output	11		SNP
C	241	S		TGC	241	1		AGC	6.67369843e-01	paaG	721	putative ring 1,2-epoxyphenylacetyl-CoA isomerase (oxepin-CoA forming)	>		paaG			b1394		b1394		snp_nonsynonymous		317	1	T		1458984	1458984	1458984	158	1	A					U00096		nonsynonymous	-1	output	11		SNP
D	25	G		GAT	25	2		GGT	1	mntP	74	Mn(2(+)) exporter	>		mntP			b1821		b1821		snp_nonsynonymous		363	1	A		1905761	1905761	1905761	0	1	G					U00096		nonsynonymous	-1	output	11		SNP
									1	insB5–insA5		insB5,insA5		insB5,insA5				[b1893]–[b1894]	b1893,b1894			large_deletion		435	1			1978503	1979278	1978503	0	2	776-bp					U00096	776		-1	output			DEL
									1	gatD/gatB	intergenic (-490/+918)	galactitol-1-phosphate 5-dehydrogenase/galactitol-specific PTS enzyme IIB component	</<					b2091/b2093				small_indel		894	2			2173363	2173364	2173363	0	2	CC					U00096	2		-1	output			DEL
									6.41970634e-02	yohP/dusC	intergenic (+112/+261)	putative membrane protein YohP/tRNA-dihydrouridine(16) synthase	>/<			dusC		b4679/b2140			b2140	snp_intergenic		23	1	G		2229177	2229177	2229177	269	1	A					U00096		intergenic	-1	output			SNP
L	83	S		TTG	83	2		TCG	5.05980492e-01	gyrA	248	DNA gyrase subunit A	<		gyrA			b2231		b2231		snp_nonsynonymous		258	1	A		2339173	2339173	2339173	251	1	G					U00096		nonsynonymous	-1	output	11		SNP
D	81	G		GAT	81	2		GGT	1.99014664e-01	gyrA	242	DNA gyrase subunit A	<		gyrA			b2231		b2231		snp_nonsynonymous		105	1	T		2339179	2339179	2339179	421	1	C					U00096		nonsynonymous	-1	output	11		SNP
C	252	C		TGT	252	3		TGC	1.00643635e-01	elaD	756	protease ElaD	>		elaD			b2269		b2269		snp_synonymous		34	1	T		2383468	2383468	2383468	295	1	C					U00096		synonymous	-1	output	11		SNP
									4.78700161e-01	pssL	coding (22/42 nt)	protein PssL	>	pssL				b4782	b4782			small_indel		236	1			2722723	2722723	2722723	256	1	T					U00096	1		-1	output			DEL
									8.44073296e-02	yhaC/rnpB	intergenic (+354/+260)	uncharacterized protein YhaC/RNase P catalytic RNA component	>/<			rnpB		b3121/b3123			b3123	snp_intergenic		25	1	C		3269956	3269956	3269956	257	1	T					U00096		intergenic	-1	output			SNP
									6.53176308e-02	yhaC/rnpB	intergenic (+454/+160)	uncharacterized protein YhaC/RNase P catalytic RNA component	>/<			rnpB		b3121/b3123			b3123	snp_intergenic		18	1	T		3270056	3270056	3270056	230	1	G					U00096		intergenic	-1	output			SNP
									1	rtcR/glpG	intergenic (+589/+167)	DNA-binding transcriptional activator RtcR/rhomboid protease GlpG	>/<			glpG	1	b3422/b3424			b3424	small_indel		520	1	G		3560455	3560455	3560455	0	1	C					U00096			-1	output			INS
T	355	I		ACA	355	2		ATA	1.15603447e-01	recF	1064	recombination mediator protein RecF	<		recF			b3700		b3700		snp_nonsynonymous		63	1	G		3880158	3880158	3880158	480	1	A					U00096		nonsynonymous	-1	output	11		SNP
N	1064	D		AAC	1064	1		GAC	2.38952160e-01	rpoB	3190	RNA polymerase subunit beta	>		rpoB			b3987		b3987		snp_nonsynonymous		131	1	A		4184434	4184434	4184434	417	1	G					U00096		nonsynonymous	-1	output	11		SNP
									7.72933837e-01	rpoB	coding (3799-3801/4029 nt)	RNA polymerase subunit beta	>		rpoB			b3987		b3987		small_indel		446	1			4185043	4185045	4185043	265	2	GGT	3	1	2	GGT	U00096	3		-1	output			DEL
									1.55610085e-01	gltP/yjcO	intergenic (+266/+376)	glutamate/aspartate : H(+) symporter GltP/Sel1 repeat-containing protein YjcO	>/<			yjcO		b4077/b4078			b4078	snp_intergenic		72	1	T		4296060	4296060	4296060	389	1	C					U00096		intergenic	-1	output			SNP
									1	gltP/yjcO	intergenic (+586/+56)	glutamate/aspartate : H(+) symporter GltP/Sel1 repeat-containing protein YjcO	>/<			yjcO	1	b4077/b4078			b4078	small_indel		693	2	CG		4296380	4296380	4296380	2	2	A					U00096			-1	output			INS
A	252	A		GCA	252	3		GCC	1	rsgA	756	ribosome small subunit-dependent GTPase A	<		rsgA			b4161		b4161		snp_synonymous		519	1	T		4390754	4390754	4390754	0	1	G					U00096		synonymous	-1	output	11		SNP
