run,recorded_date,recorded_reference_path,archived_genbank,reference_fasta,reference_length,summary_json,log,recorded_command
20230901/10_10P_S97,Mon Nov  6 12:51:13 2023,/work/greencenter/s434226/plac/reference/data/sequence-4.gb,reference/genbank/sequence-4.gb,reference/fasta/b87b7df1a2f597f8b3cdbf0c4f49edbf7a107deb343fcd687bffc0f4b4864227.fasta,4641652,out/20230901/10_10P_S97/output/summary.json,out/20230901/10_10P_S97/output/log.txt,breseq --polymorphism-prediction --num-processors 16 -r /work/greencenter/s434226/plac/reference/data/sequence-4.gb /work/greencenter/s434226/plac/data/fastq/10_10P_S97_R1_001.fastq
20230901/11_1iL_S98,Mon Nov  6 12:51:11 2023,/work/greencenter/s434226/plac/reference/data/sequence-4.gb,reference/genbank/sequence-4.gb,reference/fasta/b87b7df1a2f597f8b3cdbf0c4f49edbf7a107deb343fcd687bffc0f4b4864227.fasta,4641652,out/20230901/11_1iL_S98/output/summary.json,out/20230901/11_1iL_S98/output/log.txt,breseq --polymorphism-prediction --num-processors 16 -r /work/greencenter/s434226/plac/reference/data/sequence-4.gb /work/greencenter/s434226/plac/data/fastq/11_1iL_S98_R1_001.fastq
20230901/12_2iL_S99,Mon Nov  6 12:51:11 2023,/work/greencenter/s434226/plac/reference/data/sequence-4.gb,reference/genbank/sequence-4.gb,reference/fasta/b87b7df1a2f597f8b3cdbf0c4f49edbf7a107deb343fcd687bffc0f4b4864227.fasta,4641652,out/20230901/12_2iL_S99/output/summary.json,out/20230901/12_2iL_S99/output/log.txt,breseq --polymorphism-prediction --num-processors 16 -r /work/greencenter/s434226/plac/reference/data/sequence-4.gb /work/greencenter/s434226/plac/data/fastq/12_2iL_S99_R1_001.fastq
20230901/13_3iL_S100,Mon Nov  6 12:51:11 2023,/work/greencenter/s434226/plac/reference/data/sequence-4.gb,reference/genbank/sequence-4.gb,reference/fasta/b87b7df1a2f597f8b3cdbf0c4f49edbf7a107deb343fcd687bffc0f4b4864227.fasta,4641652,out/20230901/13_3iL_S100/output/summary.json,out/20230901/13_3iL_S100/output/log.txt,breseq --polymorphism-prediction --num-processors 16 -r /work/greencenter/s434226/plac/reference/data/sequence-4.gb /work/greencenter/s434226/plac/data/fastq/13_3iL_S100_R1_001.fastq
20230901/14_4iL_S101,Mon Nov  6 12:51:11 2023,/work/greencenter/s434226/plac/reference/data/sequence-4.gb,reference/genbank/sequence-4.gb,reference/fasta/b87b7df1a2f597f8b3cdbf0c4f49edbf7a107deb343fcd687bffc0f4b4864227.fasta,4641652,out/20230901/14_4iL_S101/output/summary.json,out/20230901/14_4iL_S101/output/log.txt,breseq --polymorphism-prediction --num-processors 16 -r /work/greencenter/s434226/plac/reference/data/sequence-4.gb /work/greencenter/s434226/plac/data/fastq/14_4iL_S101_R1_001.fastq
20230901/15_5iL_S102,Mon Nov  6 12:51:11 2023,/work/greencenter/s434226/plac/reference/data/sequence-4.gb,reference/genbank/sequence-4.gb,reference/fasta/b87b7df1a2f597f8b3cdbf0c4f49edbf7a107deb343fcd687bffc0f4b4864227.fasta,4641652,out/20230901/15_5iL_S102/output/summary.json,out/20230901/15_5iL_S102/output/log.txt,breseq --polymorphism-prediction --num-processors 16 -r /work/greencenter/s434226/plac/reference/data/sequence-4.gb /work/greencenter/s434226/plac/data/fastq/15_5iL_S102_R1_001.fastq
20230901/16_6iL_S103,Mon Nov  6 12:51:11 2023,/work/greencenter/s434226/plac/reference/data/sequence-4.gb,reference/genbank/sequence-4.gb,reference/fasta/b87b7df1a2f597f8b3cdbf0c4f49edbf7a107deb343fcd687bffc0f4b4864227.fasta,4641652,out/20230901/16_6iL_S103/output/summary.json,out/20230901/16_6iL_S103/output/log.txt,breseq --polymorphism-prediction --num-processors 16 -r /work/greencenter/s434226/plac/reference/data/sequence-4.gb /work/greencenter/s434226/plac/data/fastq/16_6iL_S103_R1_001.fastq
20230901/17_7iL_S104,Mon Nov  6 12:51:11 2023,/work/greencenter/s434226/plac/reference/data/sequence-4.gb,reference/genbank/sequence-4.gb,reference/fasta/b87b7df1a2f597f8b3cdbf0c4f49edbf7a107deb343fcd687bffc0f4b4864227.fasta,4641652,out/20230901/17_7iL_S104/output/summary.json,out/20230901/17_7iL_S104/output/log.txt,breseq --polymorphism-prediction --num-processors 16 -r /work/greencenter/s434226/plac/reference/data/sequence-4.gb /work/greencenter/s434226/plac/data/fastq/17_7iL_S104_R1_001.fastq
20230901/18_8iL_S105,Mon Nov  6 12:51:11 2023,/work/greencenter/s434226/plac/reference/data/sequence-4.gb,reference/genbank/sequence-4.gb,reference/fasta/b87b7df1a2f597f8b3cdbf0c4f49edbf7a107deb343fcd687bffc0f4b4864227.fasta,4641652,out/20230901/18_8iL_S105/output/summary.json,out/20230901/18_8iL_S105/output/log.txt,breseq --polymorphism-prediction --num-processors 16 -r /work/greencenter/s434226/plac/reference/data/sequence-4.gb /work/greencenter/s434226/plac/data/fastq/18_8iL_S105_R1_001.fastq
20230901/19_9iL_S106,Mon Nov  6 12:51:11 2023,/work/greencenter/s434226/plac/reference/data/sequence-4.gb,reference/genbank/sequence-4.gb,reference/fasta/b87b7df1a2f597f8b3cdbf0c4f49edbf7a107deb343fcd687bffc0f4b4864227.fasta,4641652,out/20230901/19_9iL_S106/output/summary.json,out/20230901/19_9iL_S106/output/log.txt,breseq --polymorphism-prediction --num-processors 16 -r /work/greencenter/s434226/plac/reference/data/sequence-4.gb /work/greencenter/s434226/plac/data/fastq/19_9iL_S106_R1_001.fastq
20230901/1_1P_S88,Mon Nov  6 12:51:11 2023,/work/greencenter/s434226/plac/reference/data/sequence-4.gb,reference/genbank/sequence-4.gb,reference/fasta/b87b7df1a2f597f8b3cdbf0c4f49edbf7a107deb343fcd687bffc0f4b4864227.fasta,4641652,out/20230901/1_1P_S88/output/summary.json,out/20230901/1_1P_S88/output/log.txt,breseq --polymorphism-prediction --num-processors 16 -r /work/greencenter/s434226/plac/reference/data/sequence-4.gb /work/greencenter/s434226/plac/data/fastq/1_1P_S88_R1_001.fastq
20230901/20_10iL_S107,Mon Nov  6 12:51:11 2023,/work/greencenter/s434226/plac/reference/data/sequence-4.gb,reference/genbank/sequence-4.gb,reference/fasta/b87b7df1a2f597f8b3cdbf0c4f49edbf7a107deb343fcd687bffc0f4b4864227.fasta,4641652,out/20230901/20_10iL_S107/output/summary.json,out/20230901/20_10iL_S107/output/log.txt,breseq --polymorphism-prediction --num-processors 16 -r /work/greencenter/s434226/plac/reference/data/sequence-4.gb /work/greencenter/s434226/plac/data/fastq/20_10iL_S107_R1_001.fastq
20230901/21_1fL_S108,Mon Nov  6 12:51:11 2023,/work/greencenter/s434226/plac/reference/data/sequence-4.gb,reference/genbank/sequence-4.gb,reference/fasta/b87b7df1a2f597f8b3cdbf0c4f49edbf7a107deb343fcd687bffc0f4b4864227.fasta,4641652,out/20230901/21_1fL_S108/output/summary.json,out/20230901/21_1fL_S108/output/log.txt,breseq --polymorphism-prediction --num-processors 16 -r /work/greencenter/s434226/plac/reference/data/sequence-4.gb /work/greencenter/s434226/plac/data/fastq/21_1fL_S108_R1_001.fastq
20230901/22_2fL_S109,Mon Nov  6 12:51:11 2023,/work/greencenter/s434226/plac/reference/data/sequence-4.gb,reference/genbank/sequence-4.gb,reference/fasta/b87b7df1a2f597f8b3cdbf0c4f49edbf7a107deb343fcd687bffc0f4b4864227.fasta,4641652,out/20230901/22_2fL_S109/output/summary.json,out/20230901/22_2fL_S109/output/log.txt,breseq --polymorphism-prediction --num-processors 16 -r /work/greencenter/s434226/plac/reference/data/sequence-4.gb /work/greencenter/s434226/plac/data/fastq/22_2fL_S109_R1_001.fastq
20230901/23_3fL_S110,Mon Nov  6 13:17:12 2023,/work/greencenter/s434226/plac/reference/data/sequence-4.gb,reference/genbank/sequence-4.gb,reference/fasta/b87b7df1a2f597f8b3cdbf0c4f49edbf7a107deb343fcd687bffc0f4b4864227.fasta,4641652,out/20230901/23_3fL_S110/output/summary.json,out/20230901/23_3fL_S110/output/log.txt,breseq --polymorphism-prediction --num-processors 16 -r /work/greencenter/s434226/plac/reference/data/sequence-4.gb /work/greencenter/s434226/plac/data/fastq/23_3fL_S110_R1_001.fastq
20230901/24_4fL_S111,Mon Nov  6 13:43:05 2023,/work/greencenter/s434226/plac/reference/data/sequence-4.gb,reference/genbank/sequence-4.gb,reference/fasta/b87b7df1a2f597f8b3cdbf0c4f49edbf7a107deb343fcd687bffc0f4b4864227.fasta,4641652,out/20230901/24_4fL_S111/output/summary.json,out/20230901/24_4fL_S111/output/log.txt,breseq --polymorphism-prediction --num-processors 16 -r /work/greencenter/s434226/plac/reference/data/sequence-4.gb /work/greencenter/s434226/plac/data/fastq/24_4fL_S111_R1_001.fastq
20230901/25_5fL_S112,Mon Nov  6 16:23:43 2023,/work/greencenter/s434226/plac/reference/data/sequence-4.gb,reference/genbank/sequence-4.gb,reference/fasta/b87b7df1a2f597f8b3cdbf0c4f49edbf7a107deb343fcd687bffc0f4b4864227.fasta,4641652,out/20230901/25_5fL_S112/output/summary.json,out/20230901/25_5fL_S112/output/log.txt,breseq --polymorphism-prediction --num-processors 16 -r /work/greencenter/s434226/plac/reference/data/sequence-4.gb /work/greencenter/s434226/plac/data/fastq/25_5fL_S112_R1_001.fastq
20230901/26_6fL_S113,Mon Nov  6 16:27:01 2023,/work/greencenter/s434226/plac/reference/data/sequence-4.gb,reference/genbank/sequence-4.gb,reference/fasta/b87b7df1a2f597f8b3cdbf0c4f49edbf7a107deb343fcd687bffc0f4b4864227.fasta,4641652,out/20230901/26_6fL_S113/output/summary.json,out/20230901/26_6fL_S113/output/log.txt,breseq --polymorphism-prediction --num-processors 16 -r /work/greencenter/s434226/plac/reference/data/sequence-4.gb /work/greencenter/s434226/plac/data/fastq/26_6fL_S113_R1_001.fastq
20230901/27_7fL_S114,Mon Nov  6 16:30:17 2023,/work/greencenter/s434226/plac/reference/data/sequence-4.gb,reference/genbank/sequence-4.gb,reference/fasta/b87b7df1a2f597f8b3cdbf0c4f49edbf7a107deb343fcd687bffc0f4b4864227.fasta,4641652,out/20230901/27_7fL_S114/output/summary.json,out/20230901/27_7fL_S114/output/log.txt,breseq --polymorphism-prediction --num-processors 16 -r /work/greencenter/s434226/plac/reference/data/sequence-4.gb /work/greencenter/s434226/plac/data/fastq/27_7fL_S114_R1_001.fastq
20230901/28_8fL_S115,Mon Nov  6 16:31:16 2023,/work/greencenter/s434226/plac/reference/data/sequence-4.gb,reference/genbank/sequence-4.gb,reference/fasta/b87b7df1a2f597f8b3cdbf0c4f49edbf7a107deb343fcd687bffc0f4b4864227.fasta,4641652,out/20230901/28_8fL_S115/output/summary.json,out/20230901/28_8fL_S115/output/log.txt,breseq --polymorphism-prediction --num-processors 16 -r /work/greencenter/s434226/plac/reference/data/sequence-4.gb /work/greencenter/s434226/plac/data/fastq/28_8fL_S115_R1_001.fastq
20230901/29_9fL_S116,Mon Nov  6 16:36:22 2023,/work/greencenter/s434226/plac/reference/data/sequence-4.gb,reference/genbank/sequence-4.gb,reference/fasta/b87b7df1a2f597f8b3cdbf0c4f49edbf7a107deb343fcd687bffc0f4b4864227.fasta,4641652,out/20230901/29_9fL_S116/output/summary.json,out/20230901/29_9fL_S116/output/log.txt,breseq --polymorphism-prediction --num-processors 16 -r /work/greencenter/s434226/plac/reference/data/sequence-4.gb /work/greencenter/s434226/plac/data/fastq/29_9fL_S116_R1_001.fastq
20230901/2_2P_S89,Mon Nov  6 13:15:05 2023,/work/greencenter/s434226/plac/reference/data/sequence-4.gb,reference/genbank/sequence-4.gb,reference/fasta/b87b7df1a2f597f8b3cdbf0c4f49edbf7a107deb343fcd687bffc0f4b4864227.fasta,4641652,out/20230901/2_2P_S89/output/summary.json,out/20230901/2_2P_S89/output/log.txt,breseq --polymorphism-prediction --num-processors 16 -r /work/greencenter/s434226/plac/reference/data/sequence-4.gb /work/greencenter/s434226/plac/data/fastq/2_2P_S89_R1_001.fastq
20230901/30_10fL_S117,Mon Nov  6 16:53:22 2023,/work/greencenter/s434226/plac/reference/data/sequence-4.gb,reference/genbank/sequence-4.gb,reference/fasta/b87b7df1a2f597f8b3cdbf0c4f49edbf7a107deb343fcd687bffc0f4b4864227.fasta,4641652,out/20230901/30_10fL_S117/output/summary.json,out/20230901/30_10fL_S117/output/log.txt,breseq --polymorphism-prediction --num-processors 16 -r /work/greencenter/s434226/plac/reference/data/sequence-4.gb /work/greencenter/s434226/plac/data/fastq/30_10fL_S117_R1_001.fastq
20230901/31_1iA_S118,Mon Nov  6 17:14:17 2023,/work/greencenter/s434226/plac/reference/data/sequence-4.gb,reference/genbank/sequence-4.gb,reference/fasta/b87b7df1a2f597f8b3cdbf0c4f49edbf7a107deb343fcd687bffc0f4b4864227.fasta,4641652,out/20230901/31_1iA_S118/output/summary.json,out/20230901/31_1iA_S118/output/log.txt,breseq --polymorphism-prediction --num-processors 16 -r /work/greencenter/s434226/plac/reference/data/sequence-4.gb /work/greencenter/s434226/plac/data/fastq/31_1iA_S118_R1_001.fastq
20230901/32_2iA_S119,Mon Nov  6 17:19:35 2023,/work/greencenter/s434226/plac/reference/data/sequence-4.gb,reference/genbank/sequence-4.gb,reference/fasta/b87b7df1a2f597f8b3cdbf0c4f49edbf7a107deb343fcd687bffc0f4b4864227.fasta,4641652,out/20230901/32_2iA_S119/output/summary.json,out/20230901/32_2iA_S119/output/log.txt,breseq --polymorphism-prediction --num-processors 16 -r /work/greencenter/s434226/plac/reference/data/sequence-4.gb /work/greencenter/s434226/plac/data/fastq/32_2iA_S119_R1_001.fastq
20230901/33_3iA_S120,Mon Nov  6 17:32:10 2023,/work/greencenter/s434226/plac/reference/data/sequence-4.gb,reference/genbank/sequence-4.gb,reference/fasta/b87b7df1a2f597f8b3cdbf0c4f49edbf7a107deb343fcd687bffc0f4b4864227.fasta,4641652,out/20230901/33_3iA_S120/output/summary.json,out/20230901/33_3iA_S120/output/log.txt,breseq --polymorphism-prediction --num-processors 16 -r /work/greencenter/s434226/plac/reference/data/sequence-4.gb /work/greencenter/s434226/plac/data/fastq/33_3iA_S120_R1_001.fastq
20230901/34_4iA_S121,Mon Nov  6 17:46:47 2023,/work/greencenter/s434226/plac/reference/data/sequence-4.gb,reference/genbank/sequence-4.gb,reference/fasta/b87b7df1a2f597f8b3cdbf0c4f49edbf7a107deb343fcd687bffc0f4b4864227.fasta,4641652,out/20230901/34_4iA_S121/output/summary.json,out/20230901/34_4iA_S121/output/log.txt,breseq --polymorphism-prediction --num-processors 16 -r /work/greencenter/s434226/plac/reference/data/sequence-4.gb /work/greencenter/s434226/plac/data/fastq/34_4iA_S121_R1_001.fastq
20230901/35_5iA_S122,Mon Nov  6 17:50:36 2023,/work/greencenter/s434226/plac/reference/data/sequence-4.gb,reference/genbank/sequence-4.gb,reference/fasta/b87b7df1a2f597f8b3cdbf0c4f49edbf7a107deb343fcd687bffc0f4b4864227.fasta,4641652,out/20230901/35_5iA_S122/output/summary.json,out/20230901/35_5iA_S122/output/log.txt,breseq --polymorphism-prediction --num-processors 16 -r /work/greencenter/s434226/plac/reference/data/sequence-4.gb /work/greencenter/s434226/plac/data/fastq/35_5iA_S122_R1_001.fastq
20230901/36_6iA_S123,Mon Nov  6 18:06:27 2023,/work/greencenter/s434226/plac/reference/data/sequence-4.gb,reference/genbank/sequence-4.gb,reference/fasta/b87b7df1a2f597f8b3cdbf0c4f49edbf7a107deb343fcd687bffc0f4b4864227.fasta,4641652,out/20230901/36_6iA_S123/output/summary.json,out/20230901/36_6iA_S123/output/log.txt,breseq --polymorphism-prediction --num-processors 16 -r /work/greencenter/s434226/plac/reference/data/sequence-4.gb /work/greencenter/s434226/plac/data/fastq/36_6iA_S123_R1_001.fastq
20230901/37_7iA_S124,Mon Nov  6 18:07:31 2023,/work/greencenter/s434226/plac/reference/data/sequence-4.gb,reference/genbank/sequence-4.gb,reference/fasta/b87b7df1a2f597f8b3cdbf0c4f49edbf7a107deb343fcd687bffc0f4b4864227.fasta,4641652,out/20230901/37_7iA_S124/output/summary.json,out/20230901/37_7iA_S124/output/log.txt,breseq --polymorphism-prediction --num-processors 16 -r /work/greencenter/s434226/plac/reference/data/sequence-4.gb /work/greencenter/s434226/plac/data/fastq/37_7iA_S124_R1_001.fastq
20230901/38_8iA_S125,Mon Nov  6 19:07:11 2023,/work/greencenter/s434226/plac/reference/data/sequence-4.gb,reference/genbank/sequence-4.gb,reference/fasta/b87b7df1a2f597f8b3cdbf0c4f49edbf7a107deb343fcd687bffc0f4b4864227.fasta,4641652,out/20230901/38_8iA_S125/output/summary.json,out/20230901/38_8iA_S125/output/log.txt,breseq --polymorphism-prediction --num-processors 16 -r /work/greencenter/s434226/plac/reference/data/sequence-4.gb /work/greencenter/s434226/plac/data/fastq/38_8iA_S125_R1_001.fastq
20230901/39_9iA_S126,Mon Nov  6 20:33:36 2023,/work/greencenter/s434226/plac/reference/data/sequence-4.gb,reference/genbank/sequence-4.gb,reference/fasta/b87b7df1a2f597f8b3cdbf0c4f49edbf7a107deb343fcd687bffc0f4b4864227.fasta,4641652,out/20230901/39_9iA_S126/output/summary.json,out/20230901/39_9iA_S126/output/log.txt,breseq --polymorphism-prediction --num-processors 16 -r /work/greencenter/s434226/plac/reference/data/sequence-4.gb /work/greencenter/s434226/plac/data/fastq/39_9iA_S126_R1_001.fastq
20230901/3_3P_S90,Mon Nov  6 17:36:10 2023,/work/greencenter/s434226/plac/reference/data/sequence-4.gb,reference/genbank/sequence-4.gb,reference/fasta/b87b7df1a2f597f8b3cdbf0c4f49edbf7a107deb343fcd687bffc0f4b4864227.fasta,4641652,out/20230901/3_3P_S90/output/summary.json,out/20230901/3_3P_S90/output/log.txt,breseq --polymorphism-prediction --num-processors 16 -r /work/greencenter/s434226/plac/reference/data/sequence-4.gb /work/greencenter/s434226/plac/data/fastq/3_3P_S90_R1_001.fastq
20230901/40_10iA_S127,Mon Nov  6 21:24:10 2023,/work/greencenter/s434226/plac/reference/data/sequence-4.gb,reference/genbank/sequence-4.gb,reference/fasta/b87b7df1a2f597f8b3cdbf0c4f49edbf7a107deb343fcd687bffc0f4b4864227.fasta,4641652,out/20230901/40_10iA_S127/output/summary.json,out/20230901/40_10iA_S127/output/log.txt,breseq --polymorphism-prediction --num-processors 16 -r /work/greencenter/s434226/plac/reference/data/sequence-4.gb /work/greencenter/s434226/plac/data/fastq/40_10iA_S127_R1_001.fastq
20230901/41_1fA_S128,Mon Nov  6 21:27:24 2023,/work/greencenter/s434226/plac/reference/data/sequence-4.gb,reference/genbank/sequence-4.gb,reference/fasta/b87b7df1a2f597f8b3cdbf0c4f49edbf7a107deb343fcd687bffc0f4b4864227.fasta,4641652,out/20230901/41_1fA_S128/output/summary.json,out/20230901/41_1fA_S128/output/log.txt,breseq --polymorphism-prediction --num-processors 16 -r /work/greencenter/s434226/plac/reference/data/sequence-4.gb /work/greencenter/s434226/plac/data/fastq/41_1fA_S128_R1_001.fastq
20230901/42_2fA_S129,Mon Nov  6 21:49:26 2023,/work/greencenter/s434226/plac/reference/data/sequence-4.gb,reference/genbank/sequence-4.gb,reference/fasta/b87b7df1a2f597f8b3cdbf0c4f49edbf7a107deb343fcd687bffc0f4b4864227.fasta,4641652,out/20230901/42_2fA_S129/output/summary.json,out/20230901/42_2fA_S129/output/log.txt,breseq --polymorphism-prediction --num-processors 16 -r /work/greencenter/s434226/plac/reference/data/sequence-4.gb /work/greencenter/s434226/plac/data/fastq/42_2fA_S129_R1_001.fastq
20230901/43_3fA_S130,Mon Nov  6 22:14:41 2023,/work/greencenter/s434226/plac/reference/data/sequence-4.gb,reference/genbank/sequence-4.gb,reference/fasta/b87b7df1a2f597f8b3cdbf0c4f49edbf7a107deb343fcd687bffc0f4b4864227.fasta,4641652,out/20230901/43_3fA_S130/output/summary.json,out/20230901/43_3fA_S130/output/log.txt,breseq --polymorphism-prediction --num-processors 16 -r /work/greencenter/s434226/plac/reference/data/sequence-4.gb /work/greencenter/s434226/plac/data/fastq/43_3fA_S130_R1_001.fastq
20230901/44_4fA_S131,Mon Nov  6 22:21:00 2023,/work/greencenter/s434226/plac/reference/data/sequence-4.gb,reference/genbank/sequence-4.gb,reference/fasta/b87b7df1a2f597f8b3cdbf0c4f49edbf7a107deb343fcd687bffc0f4b4864227.fasta,4641652,out/20230901/44_4fA_S131/output/summary.json,out/20230901/44_4fA_S131/output/log.txt,breseq --polymorphism-prediction --num-processors 16 -r /work/greencenter/s434226/plac/reference/data/sequence-4.gb /work/greencenter/s434226/plac/data/fastq/44_4fA_S131_R1_001.fastq
20230901/45_5fA_S132,Mon Nov  6 22:30:58 2023,/work/greencenter/s434226/plac/reference/data/sequence-4.gb,reference/genbank/sequence-4.gb,reference/fasta/b87b7df1a2f597f8b3cdbf0c4f49edbf7a107deb343fcd687bffc0f4b4864227.fasta,4641652,out/20230901/45_5fA_S132/output/summary.json,out/20230901/45_5fA_S132/output/log.txt,breseq --polymorphism-prediction --num-processors 16 -r /work/greencenter/s434226/plac/reference/data/sequence-4.gb /work/greencenter/s434226/plac/data/fastq/45_5fA_S132_R1_001.fastq
20230901/46_6fA_S133,Mon Nov  6 22:32:28 2023,/work/greencenter/s434226/plac/reference/data/sequence-4.gb,reference/genbank/sequence-4.gb,reference/fasta/b87b7df1a2f597f8b3cdbf0c4f49edbf7a107deb343fcd687bffc0f4b4864227.fasta,4641652,out/20230901/46_6fA_S133/output/summary.json,out/20230901/46_6fA_S133/output/log.txt,breseq --polymorphism-prediction --num-processors 16 -r /work/greencenter/s434226/plac/reference/data/sequence-4.gb /work/greencenter/s434226/plac/data/fastq/46_6fA_S133_R1_001.fastq
20230901/47_7fA_S134,Mon Nov  6 22:48:13 2023,/work/greencenter/s434226/plac/reference/data/sequence-4.gb,reference/genbank/sequence-4.gb,reference/fasta/b87b7df1a2f597f8b3cdbf0c4f49edbf7a107deb343fcd687bffc0f4b4864227.fasta,4641652,out/20230901/47_7fA_S134/output/summary.json,out/20230901/47_7fA_S134/output/log.txt,breseq --polymorphism-prediction --num-processors 16 -r /work/greencenter/s434226/plac/reference/data/sequence-4.gb /work/greencenter/s434226/plac/data/fastq/47_7fA_S134_R1_001.fastq
20230901/48_8fA_S135,Mon Nov  6 22:52:43 2023,/work/greencenter/s434226/plac/reference/data/sequence-4.gb,reference/genbank/sequence-4.gb,reference/fasta/b87b7df1a2f597f8b3cdbf0c4f49edbf7a107deb343fcd687bffc0f4b4864227.fasta,4641652,out/20230901/48_8fA_S135/output/summary.json,out/20230901/48_8fA_S135/output/log.txt,breseq --polymorphism-prediction --num-processors 16 -r /work/greencenter/s434226/plac/reference/data/sequence-4.gb /work/greencenter/s434226/plac/data/fastq/48_8fA_S135_R1_001.fastq
20230901/49_9fA_S136,Mon Nov  6 23:04:43 2023,/work/greencenter/s434226/plac/reference/data/sequence-4.gb,reference/genbank/sequence-4.gb,reference/fasta/b87b7df1a2f597f8b3cdbf0c4f49edbf7a107deb343fcd687bffc0f4b4864227.fasta,4641652,out/20230901/49_9fA_S136/output/summary.json,out/20230901/49_9fA_S136/output/log.txt,breseq --polymorphism-prediction --num-processors 16 -r /work/greencenter/s434226/plac/reference/data/sequence-4.gb /work/greencenter/s434226/plac/data/fastq/49_9fA_S136_R1_001.fastq
20230901/4_4P_S91,Mon Nov  6 22:24:02 2023,/work/greencenter/s434226/plac/reference/data/sequence-4.gb,reference/genbank/sequence-4.gb,reference/fasta/b87b7df1a2f597f8b3cdbf0c4f49edbf7a107deb343fcd687bffc0f4b4864227.fasta,4641652,out/20230901/4_4P_S91/output/summary.json,out/20230901/4_4P_S91/output/log.txt,breseq --polymorphism-prediction --num-processors 16 -r /work/greencenter/s434226/plac/reference/data/sequence-4.gb /work/greencenter/s434226/plac/data/fastq/4_4P_S91_R1_001.fastq
20230901/50_10fA_S137,Mon Nov  6 23:25:21 2023,/work/greencenter/s434226/plac/reference/data/sequence-4.gb,reference/genbank/sequence-4.gb,reference/fasta/b87b7df1a2f597f8b3cdbf0c4f49edbf7a107deb343fcd687bffc0f4b4864227.fasta,4641652,out/20230901/50_10fA_S137/output/summary.json,out/20230901/50_10fA_S137/output/log.txt,breseq --polymorphism-prediction --num-processors 16 -r /work/greencenter/s434226/plac/reference/data/sequence-4.gb /work/greencenter/s434226/plac/data/fastq/50_10fA_S137_R1_001.fastq
20230901/51_1iC_S138,Mon Nov  6 23:31:09 2023,/work/greencenter/s434226/plac/reference/data/sequence-4.gb,reference/genbank/sequence-4.gb,reference/fasta/b87b7df1a2f597f8b3cdbf0c4f49edbf7a107deb343fcd687bffc0f4b4864227.fasta,4641652,out/20230901/51_1iC_S138/output/summary.json,out/20230901/51_1iC_S138/output/log.txt,breseq --polymorphism-prediction --num-processors 16 -r /work/greencenter/s434226/plac/reference/data/sequence-4.gb /work/greencenter/s434226/plac/data/fastq/51_1iC_S138_R1_001.fastq
20230901/52_2iC_S139,Tue Nov  7 00:39:08 2023,/work/greencenter/s434226/plac/reference/data/sequence-4.gb,reference/genbank/sequence-4.gb,reference/fasta/b87b7df1a2f597f8b3cdbf0c4f49edbf7a107deb343fcd687bffc0f4b4864227.fasta,4641652,out/20230901/52_2iC_S139/output/summary.json,out/20230901/52_2iC_S139/output/log.txt,breseq --polymorphism-prediction --num-processors 16 -r /work/greencenter/s434226/plac/reference/data/sequence-4.gb /work/greencenter/s434226/plac/data/fastq/52_2iC_S139_R1_001.fastq
20230901/53_3iC_S140,Tue Nov  7 01:27:36 2023,/work/greencenter/s434226/plac/reference/data/sequence-4.gb,reference/genbank/sequence-4.gb,reference/fasta/b87b7df1a2f597f8b3cdbf0c4f49edbf7a107deb343fcd687bffc0f4b4864227.fasta,4641652,out/20230901/53_3iC_S140/output/summary.json,out/20230901/53_3iC_S140/output/log.txt,breseq --polymorphism-prediction --num-processors 16 -r /work/greencenter/s434226/plac/reference/data/sequence-4.gb /work/greencenter/s434226/plac/data/fastq/53_3iC_S140_R1_001.fastq
20230901/54_4iC_S141,Tue Nov  7 01:27:49 2023,/work/greencenter/s434226/plac/reference/data/sequence-4.gb,reference/genbank/sequence-4.gb,reference/fasta/b87b7df1a2f597f8b3cdbf0c4f49edbf7a107deb343fcd687bffc0f4b4864227.fasta,4641652,out/20230901/54_4iC_S141/output/summary.json,out/20230901/54_4iC_S141/output/log.txt,breseq --polymorphism-prediction --num-processors 16 -r /work/greencenter/s434226/plac/reference/data/sequence-4.gb /work/greencenter/s434226/plac/data/fastq/54_4iC_S141_R1_001.fastq
20230901/55_5iC_S142,Tue Nov  7 02:06:29 2023,/work/greencenter/s434226/plac/reference/data/sequence-4.gb,reference/genbank/sequence-4.gb,reference/fasta/b87b7df1a2f597f8b3cdbf0c4f49edbf7a107deb343fcd687bffc0f4b4864227.fasta,4641652,out/20230901/55_5iC_S142/output/summary.json,out/20230901/55_5iC_S142/output/log.txt,breseq --polymorphism-prediction --num-processors 16 -r /work/greencenter/s434226/plac/reference/data/sequence-4.gb /work/greencenter/s434226/plac/data/fastq/55_5iC_S142_R1_001.fastq
20230901/56_6iC_S143,Tue Nov  7 02:39:35 2023,/work/greencenter/s434226/plac/reference/data/sequence-4.gb,reference/genbank/sequence-4.gb,reference/fasta/b87b7df1a2f597f8b3cdbf0c4f49edbf7a107deb343fcd687bffc0f4b4864227.fasta,4641652,out/20230901/56_6iC_S143/output/summary.json,out/20230901/56_6iC_S143/output/log.txt,breseq --polymorphism-prediction --num-processors 16 -r /work/greencenter/s434226/plac/reference/data/sequence-4.gb /work/greencenter/s434226/plac/data/fastq/56_6iC_S143_R1_001.fastq
20230901/57_7iC_S144,Tue Nov  7 02:47:47 2023,/work/greencenter/s434226/plac/reference/data/sequence-4.gb,reference/genbank/sequence-4.gb,reference/fasta/b87b7df1a2f597f8b3cdbf0c4f49edbf7a107deb343fcd687bffc0f4b4864227.fasta,4641652,out/20230901/57_7iC_S144/output/summary.json,out/20230901/57_7iC_S144/output/log.txt,breseq --polymorphism-prediction --num-processors 16 -r /work/greencenter/s434226/plac/reference/data/sequence-4.gb /work/greencenter/s434226/plac/data/fastq/57_7iC_S144_R1_001.fastq
20230901/58_8iC_S145,Tue Nov  7 02:53:39 2023,/work/greencenter/s434226/plac/reference/data/sequence-4.gb,reference/genbank/sequence-4.gb,reference/fasta/b87b7df1a2f597f8b3cdbf0c4f49edbf7a107deb343fcd687bffc0f4b4864227.fasta,4641652,out/20230901/58_8iC_S145/output/summary.json,out/20230901/58_8iC_S145/output/log.txt,breseq --polymorphism-prediction --num-processors 16 -r /work/greencenter/s434226/plac/reference/data/sequence-4.gb /work/greencenter/s434226/plac/data/fastq/58_8iC_S145_R1_001.fastq
20230901/59_9iC_S146,Tue Nov  7 03:05:00 2023,/work/greencenter/s434226/plac/reference/data/sequence-4.gb,reference/genbank/sequence-4.gb,reference/fasta/b87b7df1a2f597f8b3cdbf0c4f49edbf7a107deb343fcd687bffc0f4b4864227.fasta,4641652,out/20230901/59_9iC_S146/output/summary.json,out/20230901/59_9iC_S146/output/log.txt,breseq --polymorphism-prediction --num-processors 16 -r /work/greencenter/s434226/plac/reference/data/sequence-4.gb /work/greencenter/s434226/plac/data/fastq/59_9iC_S146_R1_001.fastq
20230901/5_5P_S92,Tue Nov  7 02:32:57 2023,/work/greencenter/s434226/plac/reference/data/sequence-4.gb,reference/genbank/sequence-4.gb,reference/fasta/b87b7df1a2f597f8b3cdbf0c4f49edbf7a107deb343fcd687bffc0f4b4864227.fasta,4641652,out/20230901/5_5P_S92/output/summary.json,out/20230901/5_5P_S92/output/log.txt,breseq --polymorphism-prediction --num-processors 16 -r /work/greencenter/s434226/plac/reference/data/sequence-4.gb /work/greencenter/s434226/plac/data/fastq/5_5P_S92_R1_001.fastq
20230901/60_10iC_S147,Tue Nov  7 03:17:54 2023,/work/greencenter/s434226/plac/reference/data/sequence-4.gb,reference/genbank/sequence-4.gb,reference/fasta/b87b7df1a2f597f8b3cdbf0c4f49edbf7a107deb343fcd687bffc0f4b4864227.fasta,4641652,out/20230901/60_10iC_S147/output/summary.json,out/20230901/60_10iC_S147/output/log.txt,breseq --polymorphism-prediction --num-processors 16 -r /work/greencenter/s434226/plac/reference/data/sequence-4.gb /work/greencenter/s434226/plac/data/fastq/60_10iC_S147_R1_001.fastq
20230901/61_1fC_S148,Tue Nov  7 03:26:36 2023,/work/greencenter/s434226/plac/reference/data/sequence-4.gb,reference/genbank/sequence-4.gb,reference/fasta/b87b7df1a2f597f8b3cdbf0c4f49edbf7a107deb343fcd687bffc0f4b4864227.fasta,4641652,out/20230901/61_1fC_S148/output/summary.json,out/20230901/61_1fC_S148/output/log.txt,breseq --polymorphism-prediction --num-processors 16 -r /work/greencenter/s434226/plac/reference/data/sequence-4.gb /work/greencenter/s434226/plac/data/fastq/61_1fC_S148_R1_001.fastq
20230901/62_2fC_S149,Tue Nov  7 03:33:55 2023,/work/greencenter/s434226/plac/reference/data/sequence-4.gb,reference/genbank/sequence-4.gb,reference/fasta/b87b7df1a2f597f8b3cdbf0c4f49edbf7a107deb343fcd687bffc0f4b4864227.fasta,4641652,out/20230901/62_2fC_S149/output/summary.json,out/20230901/62_2fC_S149/output/log.txt,breseq --polymorphism-prediction --num-processors 16 -r /work/greencenter/s434226/plac/reference/data/sequence-4.gb /work/greencenter/s434226/plac/data/fastq/62_2fC_S149_R1_001.fastq
20230901/63_3fC_S150,Tue Nov  7 04:31:56 2023,/work/greencenter/s434226/plac/reference/data/sequence-4.gb,reference/genbank/sequence-4.gb,reference/fasta/b87b7df1a2f597f8b3cdbf0c4f49edbf7a107deb343fcd687bffc0f4b4864227.fasta,4641652,out/20230901/63_3fC_S150/output/summary.json,out/20230901/63_3fC_S150/output/log.txt,breseq --polymorphism-prediction --num-processors 16 -r /work/greencenter/s434226/plac/reference/data/sequence-4.gb /work/greencenter/s434226/plac/data/fastq/63_3fC_S150_R1_001.fastq
20230901/64_4fC_S151,Tue Nov  7 04:47:17 2023,/work/greencenter/s434226/plac/reference/data/sequence-4.gb,reference/genbank/sequence-4.gb,reference/fasta/b87b7df1a2f597f8b3cdbf0c4f49edbf7a107deb343fcd687bffc0f4b4864227.fasta,4641652,out/20230901/64_4fC_S151/output/summary.json,out/20230901/64_4fC_S151/output/log.txt,breseq --polymorphism-prediction --num-processors 16 -r /work/greencenter/s434226/plac/reference/data/sequence-4.gb /work/greencenter/s434226/plac/data/fastq/64_4fC_S151_R1_001.fastq
20230901/65_5fC_S152,Tue Nov  7 06:05:46 2023,/work/greencenter/s434226/plac/reference/data/sequence-4.gb,reference/genbank/sequence-4.gb,reference/fasta/b87b7df1a2f597f8b3cdbf0c4f49edbf7a107deb343fcd687bffc0f4b4864227.fasta,4641652,out/20230901/65_5fC_S152/output/summary.json,out/20230901/65_5fC_S152/output/log.txt,breseq --polymorphism-prediction --num-processors 16 -r /work/greencenter/s434226/plac/reference/data/sequence-4.gb /work/greencenter/s434226/plac/data/fastq/65_5fC_S152_R1_001.fastq
20230901/66_6fC_S153,Tue Nov  7 06:24:17 2023,/work/greencenter/s434226/plac/reference/data/sequence-4.gb,reference/genbank/sequence-4.gb,reference/fasta/b87b7df1a2f597f8b3cdbf0c4f49edbf7a107deb343fcd687bffc0f4b4864227.fasta,4641652,out/20230901/66_6fC_S153/output/summary.json,out/20230901/66_6fC_S153/output/log.txt,breseq --polymorphism-prediction --num-processors 16 -r /work/greencenter/s434226/plac/reference/data/sequence-4.gb /work/greencenter/s434226/plac/data/fastq/66_6fC_S153_R1_001.fastq
20230901/67_7fC_S154,Tue Nov  7 06:58:37 2023,/work/greencenter/s434226/plac/reference/data/sequence-4.gb,reference/genbank/sequence-4.gb,reference/fasta/b87b7df1a2f597f8b3cdbf0c4f49edbf7a107deb343fcd687bffc0f4b4864227.fasta,4641652,out/20230901/67_7fC_S154/output/summary.json,out/20230901/67_7fC_S154/output/log.txt,breseq --polymorphism-prediction --num-processors 16 -r /work/greencenter/s434226/plac/reference/data/sequence-4.gb /work/greencenter/s434226/plac/data/fastq/67_7fC_S154_R1_001.fastq
20230901/68_8fC_S155,Tue Nov  7 07:05:09 2023,/work/greencenter/s434226/plac/reference/data/sequence-4.gb,reference/genbank/sequence-4.gb,reference/fasta/b87b7df1a2f597f8b3cdbf0c4f49edbf7a107deb343fcd687bffc0f4b4864227.fasta,4641652,out/20230901/68_8fC_S155/output/summary.json,out/20230901/68_8fC_S155/output/log.txt,breseq --polymorphism-prediction --num-processors 16 -r /work/greencenter/s434226/plac/reference/data/sequence-4.gb /work/greencenter/s434226/plac/data/fastq/68_8fC_S155_R1_001.fastq
20230901/69_9fC_S156,Tue Nov  7 07:25:58 2023,/work/greencenter/s434226/plac/reference/data/sequence-4.gb,reference/genbank/sequence-4.gb,reference/fasta/b87b7df1a2f597f8b3cdbf0c4f49edbf7a107deb343fcd687bffc0f4b4864227.fasta,4641652,out/20230901/69_9fC_S156/output/summary.json,out/20230901/69_9fC_S156/output/log.txt,breseq --polymorphism-prediction --num-processors 16 -r /work/greencenter/s434226/plac/reference/data/sequence-4.gb /work/greencenter/s434226/plac/data/fastq/69_9fC_S156_R1_001.fastq
20230901/6_6P_S93,Tue Nov  7 06:31:53 2023,/work/greencenter/s434226/plac/reference/data/sequence-4.gb,reference/genbank/sequence-4.gb,reference/fasta/b87b7df1a2f597f8b3cdbf0c4f49edbf7a107deb343fcd687bffc0f4b4864227.fasta,4641652,out/20230901/6_6P_S93/output/summary.json,out/20230901/6_6P_S93/output/log.txt,breseq --polymorphism-prediction --num-processors 16 -r /work/greencenter/s434226/plac/reference/data/sequence-4.gb /work/greencenter/s434226/plac/data/fastq/6_6P_S93_R1_001.fastq
20230901/70_10fC_S157,Tue Nov  7 07:28:26 2023,/work/greencenter/s434226/plac/reference/data/sequence-4.gb,reference/genbank/sequence-4.gb,reference/fasta/b87b7df1a2f597f8b3cdbf0c4f49edbf7a107deb343fcd687bffc0f4b4864227.fasta,4641652,out/20230901/70_10fC_S157/output/summary.json,out/20230901/70_10fC_S157/output/log.txt,breseq --polymorphism-prediction --num-processors 16 -r /work/greencenter/s434226/plac/reference/data/sequence-4.gb /work/greencenter/s434226/plac/data/fastq/70_10fC_S157_R1_001.fastq
20230901/7_7P_S94,Tue Nov  7 07:33:40 2023,/work/greencenter/s434226/plac/reference/data/sequence-4.gb,reference/genbank/sequence-4.gb,reference/fasta/b87b7df1a2f597f8b3cdbf0c4f49edbf7a107deb343fcd687bffc0f4b4864227.fasta,4641652,out/20230901/7_7P_S94/output/summary.json,out/20230901/7_7P_S94/output/log.txt,breseq --polymorphism-prediction --num-processors 16 -r /work/greencenter/s434226/plac/reference/data/sequence-4.gb /work/greencenter/s434226/plac/data/fastq/7_7P_S94_R1_001.fastq
20230901/8_8P_S95,Tue Nov  7 07:46:55 2023,/work/greencenter/s434226/plac/reference/data/sequence-4.gb,reference/genbank/sequence-4.gb,reference/fasta/b87b7df1a2f597f8b3cdbf0c4f49edbf7a107deb343fcd687bffc0f4b4864227.fasta,4641652,out/20230901/8_8P_S95/output/summary.json,out/20230901/8_8P_S95/output/log.txt,breseq --polymorphism-prediction --num-processors 16 -r /work/greencenter/s434226/plac/reference/data/sequence-4.gb /work/greencenter/s434226/plac/data/fastq/8_8P_S95_R1_001.fastq
20230901/9_9P_S96,Tue Nov  7 08:01:19 2023,/work/greencenter/s434226/plac/reference/data/sequence-4.gb,reference/genbank/sequence-4.gb,reference/fasta/b87b7df1a2f597f8b3cdbf0c4f49edbf7a107deb343fcd687bffc0f4b4864227.fasta,4641652,out/20230901/9_9P_S96/output/summary.json,out/20230901/9_9P_S96/output/log.txt,breseq --polymorphism-prediction --num-processors 16 -r /work/greencenter/s434226/plac/reference/data/sequence-4.gb /work/greencenter/s434226/plac/data/fastq/9_9P_S96_R1_001.fastq
20240102atec/AL17_S22,Wed Apr 24 10:37:00 2024,/work/greencenter/s434226/plac/reference/data/all_ATEC_annotated_contigs_w_locustag_w_genetags.gbk,reference/genbank/all_ATEC_annotated_contigs_w_locustag_w_genetags.gbk,reference/fasta/f499d2af97a2825411b72225a3fb8bd6e2e920d3ecce21d4af859178cad551f6.fasta,4892533,out/20240102atec/AL17_S22/output/summary.json,out/20240102atec/AL17_S22/output/log.txt,breseq --polymorphism-prediction --num-processors 16 -r /work/greencenter/s434226/plac/reference/data/all_ATEC_annotated_contigs_w_locustag_w_genetags.gbk /work/greencenter/s434226/plac/data/20240418/fastq/AL17_S22_R1_001.fastq
20240102atec/AL18_S23,Wed Apr 24 10:37:00 2024,/work/greencenter/s434226/plac/reference/data/all_ATEC_annotated_contigs_w_locustag_w_genetags.gbk,reference/genbank/all_ATEC_annotated_contigs_w_locustag_w_genetags.gbk,reference/fasta/f499d2af97a2825411b72225a3fb8bd6e2e920d3ecce21d4af859178cad551f6.fasta,4892533,out/20240102atec/AL18_S23/output/summary.json,out/20240102atec/AL18_S23/output/log.txt,breseq --polymorphism-prediction --num-processors 16 -r /work/greencenter/s434226/plac/reference/data/all_ATEC_annotated_contigs_w_locustag_w_genetags.gbk /work/greencenter/s434226/plac/data/20240418/fastq/AL18_S23_R1_001.fastq
20240102atec/AL19_S24,Wed Apr 24 10:37:00 2024,/work/greencenter/s434226/plac/reference/data/all_ATEC_annotated_contigs_w_locustag_w_genetags.gbk,reference/genbank/all_ATEC_annotated_contigs_w_locustag_w_genetags.gbk,reference/fasta/f499d2af97a2825411b72225a3fb8bd6e2e920d3ecce21d4af859178cad551f6.fasta,4892533,out/20240102atec/AL19_S24/output/summary.json,out/20240102atec/AL19_S24/output/log.txt,breseq --polymorphism-prediction --num-processors 16 -r /work/greencenter/s434226/plac/reference/data/all_ATEC_annotated_contigs_w_locustag_w_genetags.gbk /work/greencenter/s434226/plac/data/20240418/fastq/AL19_S24_R1_001.fastq
20240102atec/AL20_S25,Wed Apr 24 10:37:01 2024,/work/greencenter/s434226/plac/reference/data/all_ATEC_annotated_contigs_w_locustag_w_genetags.gbk,reference/genbank/all_ATEC_annotated_contigs_w_locustag_w_genetags.gbk,reference/fasta/f499d2af97a2825411b72225a3fb8bd6e2e920d3ecce21d4af859178cad551f6.fasta,4892533,out/20240102atec/AL20_S25/output/summary.json,out/20240102atec/AL20_S25/output/log.txt,breseq --polymorphism-prediction --num-processors 16 -r /work/greencenter/s434226/plac/reference/data/all_ATEC_annotated_contigs_w_locustag_w_genetags.gbk /work/greencenter/s434226/plac/data/20240418/fastq/AL20_S25_R1_001.fastq
20240102atec/AL21_S26,Wed Apr 24 10:37:00 2024,/work/greencenter/s434226/plac/reference/data/all_ATEC_annotated_contigs_w_locustag_w_genetags.gbk,reference/genbank/all_ATEC_annotated_contigs_w_locustag_w_genetags.gbk,reference/fasta/f499d2af97a2825411b72225a3fb8bd6e2e920d3ecce21d4af859178cad551f6.fasta,4892533,out/20240102atec/AL21_S26/output/summary.json,out/20240102atec/AL21_S26/output/log.txt,breseq --polymorphism-prediction --num-processors 16 -r /work/greencenter/s434226/plac/reference/data/all_ATEC_annotated_contigs_w_locustag_w_genetags.gbk /work/greencenter/s434226/plac/data/20240418/fastq/AL21_S26_R1_001.fastq
20240102atec/AL22_S27,Wed Apr 24 10:37:00 2024,/work/greencenter/s434226/plac/reference/data/all_ATEC_annotated_contigs_w_locustag_w_genetags.gbk,reference/genbank/all_ATEC_annotated_contigs_w_locustag_w_genetags.gbk,reference/fasta/f499d2af97a2825411b72225a3fb8bd6e2e920d3ecce21d4af859178cad551f6.fasta,4892533,out/20240102atec/AL22_S27/output/summary.json,out/20240102atec/AL22_S27/output/log.txt,breseq --polymorphism-prediction --num-processors 16 -r /work/greencenter/s434226/plac/reference/data/all_ATEC_annotated_contigs_w_locustag_w_genetags.gbk /work/greencenter/s434226/plac/data/20240418/fastq/AL22_S27_R1_001.fastq
20240102atec/AL23_S28,Wed Apr 24 10:37:00 2024,/work/greencenter/s434226/plac/reference/data/all_ATEC_annotated_contigs_w_locustag_w_genetags.gbk,reference/genbank/all_ATEC_annotated_contigs_w_locustag_w_genetags.gbk,reference/fasta/f499d2af97a2825411b72225a3fb8bd6e2e920d3ecce21d4af859178cad551f6.fasta,4892533,out/20240102atec/AL23_S28/output/summary.json,out/20240102atec/AL23_S28/output/log.txt,breseq --polymorphism-prediction --num-processors 16 -r /work/greencenter/s434226/plac/reference/data/all_ATEC_annotated_contigs_w_locustag_w_genetags.gbk /work/greencenter/s434226/plac/data/20240418/fastq/AL23_S28_R1_001.fastq
20240102atec/AL24_S5,Wed Apr 24 10:37:00 2024,/work/greencenter/s434226/plac/reference/data/all_ATEC_annotated_contigs_w_locustag_w_genetags.gbk,reference/genbank/all_ATEC_annotated_contigs_w_locustag_w_genetags.gbk,reference/fasta/f499d2af97a2825411b72225a3fb8bd6e2e920d3ecce21d4af859178cad551f6.fasta,4892533,out/20240102atec/AL24_S5/output/summary.json,out/20240102atec/AL24_S5/output/log.txt,breseq --polymorphism-prediction --num-processors 16 -r /work/greencenter/s434226/plac/reference/data/all_ATEC_annotated_contigs_w_locustag_w_genetags.gbk /work/greencenter/s434226/plac/data/20240418/fastq/AL24_S5_R1_001.fastq
20240102pcr/AL11_S16,Tue Jan  2 14:11:27 2024,/work/greencenter/s434226/plac/reference/data/sequence-4.gb,reference/genbank/sequence-4.gb,reference/fasta/b87b7df1a2f597f8b3cdbf0c4f49edbf7a107deb343fcd687bffc0f4b4864227.fasta,4641652,out/20240102pcr/AL11_S16/output/summary.json,out/20240102pcr/AL11_S16/output/log.txt,breseq --polymorphism-prediction --num-processors 16 -r /work/greencenter/s434226/plac/reference/data/sequence-4.gb /work/greencenter/s434226/plac/data/20240102/fastq/AL11_S16_R1_001.fastq
20240102pcr/AL12_S17,Tue Jan  2 14:11:27 2024,/work/greencenter/s434226/plac/reference/data/sequence-4.gb,reference/genbank/sequence-4.gb,reference/fasta/b87b7df1a2f597f8b3cdbf0c4f49edbf7a107deb343fcd687bffc0f4b4864227.fasta,4641652,out/20240102pcr/AL12_S17/output/summary.json,out/20240102pcr/AL12_S17/output/log.txt,breseq --polymorphism-prediction --num-processors 16 -r /work/greencenter/s434226/plac/reference/data/sequence-4.gb /work/greencenter/s434226/plac/data/20240102/fastq/AL12_S17_R1_001.fastq
20240102pcr/AL13_S18,Tue Jan  2 14:11:27 2024,/work/greencenter/s434226/plac/reference/data/sequence-4.gb,reference/genbank/sequence-4.gb,reference/fasta/b87b7df1a2f597f8b3cdbf0c4f49edbf7a107deb343fcd687bffc0f4b4864227.fasta,4641652,out/20240102pcr/AL13_S18/output/summary.json,out/20240102pcr/AL13_S18/output/log.txt,breseq --polymorphism-prediction --num-processors 16 -r /work/greencenter/s434226/plac/reference/data/sequence-4.gb /work/greencenter/s434226/plac/data/20240102/fastq/AL13_S18_R1_001.fastq
20240102pcr/AL14_S19,Tue Jan  2 14:11:28 2024,/work/greencenter/s434226/plac/reference/data/sequence-4.gb,reference/genbank/sequence-4.gb,reference/fasta/b87b7df1a2f597f8b3cdbf0c4f49edbf7a107deb343fcd687bffc0f4b4864227.fasta,4641652,out/20240102pcr/AL14_S19/output/summary.json,out/20240102pcr/AL14_S19/output/log.txt,breseq --polymorphism-prediction --num-processors 16 -r /work/greencenter/s434226/plac/reference/data/sequence-4.gb /work/greencenter/s434226/plac/data/20240102/fastq/AL14_S19_R1_001.fastq
20240102pcr/AL15_S20,Tue Jan  2 14:11:27 2024,/work/greencenter/s434226/plac/reference/data/sequence-4.gb,reference/genbank/sequence-4.gb,reference/fasta/b87b7df1a2f597f8b3cdbf0c4f49edbf7a107deb343fcd687bffc0f4b4864227.fasta,4641652,out/20240102pcr/AL15_S20/output/summary.json,out/20240102pcr/AL15_S20/output/log.txt,breseq --polymorphism-prediction --num-processors 16 -r /work/greencenter/s434226/plac/reference/data/sequence-4.gb /work/greencenter/s434226/plac/data/20240102/fastq/AL15_S20_R1_001.fastq
20240102pcr/AL16_S21,Tue Jan  2 14:11:27 2024,/work/greencenter/s434226/plac/reference/data/sequence-4.gb,reference/genbank/sequence-4.gb,reference/fasta/b87b7df1a2f597f8b3cdbf0c4f49edbf7a107deb343fcd687bffc0f4b4864227.fasta,4641652,out/20240102pcr/AL16_S21/output/summary.json,out/20240102pcr/AL16_S21/output/log.txt,breseq --polymorphism-prediction --num-processors 16 -r /work/greencenter/s434226/plac/reference/data/sequence-4.gb /work/greencenter/s434226/plac/data/20240102/fastq/AL16_S21_R1_001.fastq
20240416/PC10_S200,Tue Apr 16 17:14:21 2024,/work/greencenter/s434226/plac/reference/data/sequence-4.gb,reference/genbank/sequence-4.gb,reference/fasta/b87b7df1a2f597f8b3cdbf0c4f49edbf7a107deb343fcd687bffc0f4b4864227.fasta,4641652,out/20240416/PC10_S200/output/summary.json,out/20240416/PC10_S200/output/log.txt,breseq --polymorphism-prediction --num-processors 16 -r /work/greencenter/s434226/plac/reference/data/sequence-4.gb /work/greencenter/s434226/plac/data/20240416/fastq/PC10_S200_R1_001.fastq
20240416/PC1_S191,Tue Apr 16 17:15:25 2024,/work/greencenter/s434226/plac/reference/data/sequence-4.gb,reference/genbank/sequence-4.gb,reference/fasta/b87b7df1a2f597f8b3cdbf0c4f49edbf7a107deb343fcd687bffc0f4b4864227.fasta,4641652,out/20240416/PC1_S191/output/summary.json,out/20240416/PC1_S191/output/log.txt,breseq --polymorphism-prediction --num-processors 16 -r /work/greencenter/s434226/plac/reference/data/sequence-4.gb /work/greencenter/s434226/plac/data/20240416/fastq/PC1_S191_R1_001.fastq
20240416/PC2_S192,Tue Apr 16 17:17:15 2024,/work/greencenter/s434226/plac/reference/data/sequence-4.gb,reference/genbank/sequence-4.gb,reference/fasta/b87b7df1a2f597f8b3cdbf0c4f49edbf7a107deb343fcd687bffc0f4b4864227.fasta,4641652,out/20240416/PC2_S192/output/summary.json,out/20240416/PC2_S192/output/log.txt,breseq --polymorphism-prediction --num-processors 16 -r /work/greencenter/s434226/plac/reference/data/sequence-4.gb /work/greencenter/s434226/plac/data/20240416/fastq/PC2_S192_R1_001.fastq
20240416/PC3_S193,Tue Apr 16 17:17:21 2024,/work/greencenter/s434226/plac/reference/data/sequence-4.gb,reference/genbank/sequence-4.gb,reference/fasta/b87b7df1a2f597f8b3cdbf0c4f49edbf7a107deb343fcd687bffc0f4b4864227.fasta,4641652,out/20240416/PC3_S193/output/summary.json,out/20240416/PC3_S193/output/log.txt,breseq --polymorphism-prediction --num-processors 16 -r /work/greencenter/s434226/plac/reference/data/sequence-4.gb /work/greencenter/s434226/plac/data/20240416/fastq/PC3_S193_R1_001.fastq
20240416/PC4_S194,Tue Apr 16 17:18:12 2024,/work/greencenter/s434226/plac/reference/data/sequence-4.gb,reference/genbank/sequence-4.gb,reference/fasta/b87b7df1a2f597f8b3cdbf0c4f49edbf7a107deb343fcd687bffc0f4b4864227.fasta,4641652,out/20240416/PC4_S194/output/summary.json,out/20240416/PC4_S194/output/log.txt,breseq --polymorphism-prediction --num-processors 16 -r /work/greencenter/s434226/plac/reference/data/sequence-4.gb /work/greencenter/s434226/plac/data/20240416/fastq/PC4_S194_R1_001.fastq
20240416/PC5_S195,Tue Apr 16 17:18:21 2024,/work/greencenter/s434226/plac/reference/data/sequence-4.gb,reference/genbank/sequence-4.gb,reference/fasta/b87b7df1a2f597f8b3cdbf0c4f49edbf7a107deb343fcd687bffc0f4b4864227.fasta,4641652,out/20240416/PC5_S195/output/summary.json,out/20240416/PC5_S195/output/log.txt,breseq --polymorphism-prediction --num-processors 16 -r /work/greencenter/s434226/plac/reference/data/sequence-4.gb /work/greencenter/s434226/plac/data/20240416/fastq/PC5_S195_R1_001.fastq
20240416/PC6_S196,Tue Apr 16 17:19:37 2024,/work/greencenter/s434226/plac/reference/data/sequence-4.gb,reference/genbank/sequence-4.gb,reference/fasta/b87b7df1a2f597f8b3cdbf0c4f49edbf7a107deb343fcd687bffc0f4b4864227.fasta,4641652,out/20240416/PC6_S196/output/summary.json,out/20240416/PC6_S196/output/log.txt,breseq --polymorphism-prediction --num-processors 16 -r /work/greencenter/s434226/plac/reference/data/sequence-4.gb /work/greencenter/s434226/plac/data/20240416/fastq/PC6_S196_R1_001.fastq
20240416/PC7_S197,Tue Apr 16 17:21:47 2024,/work/greencenter/s434226/plac/reference/data/sequence-4.gb,reference/genbank/sequence-4.gb,reference/fasta/b87b7df1a2f597f8b3cdbf0c4f49edbf7a107deb343fcd687bffc0f4b4864227.fasta,4641652,out/20240416/PC7_S197/output/summary.json,out/20240416/PC7_S197/output/log.txt,breseq --polymorphism-prediction --num-processors 16 -r /work/greencenter/s434226/plac/reference/data/sequence-4.gb /work/greencenter/s434226/plac/data/20240416/fastq/PC7_S197_R1_001.fastq
20240416/PC8_S198,Tue Apr 16 17:26:24 2024,/work/greencenter/s434226/plac/reference/data/sequence-4.gb,reference/genbank/sequence-4.gb,reference/fasta/b87b7df1a2f597f8b3cdbf0c4f49edbf7a107deb343fcd687bffc0f4b4864227.fasta,4641652,out/20240416/PC8_S198/output/summary.json,out/20240416/PC8_S198/output/log.txt,breseq --polymorphism-prediction --num-processors 16 -r /work/greencenter/s434226/plac/reference/data/sequence-4.gb /work/greencenter/s434226/plac/data/20240416/fastq/PC8_S198_R1_001.fastq
20240416/PC9_S199,Tue Apr 16 17:34:07 2024,/work/greencenter/s434226/plac/reference/data/sequence-4.gb,reference/genbank/sequence-4.gb,reference/fasta/b87b7df1a2f597f8b3cdbf0c4f49edbf7a107deb343fcd687bffc0f4b4864227.fasta,4641652,out/20240416/PC9_S199/output/summary.json,out/20240416/PC9_S199/output/log.txt,breseq --polymorphism-prediction --num-processors 16 -r /work/greencenter/s434226/plac/reference/data/sequence-4.gb /work/greencenter/s434226/plac/data/20240416/fastq/PC9_S199_R1_001.fastq
20240416/PP_S190,Tue Apr 16 17:37:01 2024,/work/greencenter/s434226/plac/reference/data/sequence-4.gb,reference/genbank/sequence-4.gb,reference/fasta/b87b7df1a2f597f8b3cdbf0c4f49edbf7a107deb343fcd687bffc0f4b4864227.fasta,4641652,out/20240416/PP_S190/output/summary.json,out/20240416/PP_S190/output/log.txt,breseq --polymorphism-prediction --num-processors 16 -r /work/greencenter/s434226/plac/reference/data/sequence-4.gb /work/greencenter/s434226/plac/data/20240416/fastq/PP_S190_R1_001.fastq
20240611/PA10_S200,Tue Jun 11 13:47:50 2024,/work/greencenter/s434226/plac/reference/data/sequence-4.gb,reference/genbank/sequence-4.gb,reference/fasta/b87b7df1a2f597f8b3cdbf0c4f49edbf7a107deb343fcd687bffc0f4b4864227.fasta,4641652,out/20240611/PA10_S200/output/summary.json,out/20240611/PA10_S200/output/log.txt,breseq --polymorphism-prediction --num-processors 16 -r /work/greencenter/s434226/plac/reference/data/sequence-4.gb /work/greencenter/s434226/plac/data/20240611/fastq/PA10_S200_R1_001.fastq
20240611/PA1_S191,Tue Jun 11 13:47:50 2024,/work/greencenter/s434226/plac/reference/data/sequence-4.gb,reference/genbank/sequence-4.gb,reference/fasta/b87b7df1a2f597f8b3cdbf0c4f49edbf7a107deb343fcd687bffc0f4b4864227.fasta,4641652,out/20240611/PA1_S191/output/summary.json,out/20240611/PA1_S191/output/log.txt,breseq --polymorphism-prediction --num-processors 16 -r /work/greencenter/s434226/plac/reference/data/sequence-4.gb /work/greencenter/s434226/plac/data/20240611/fastq/PA1_S191_R1_001.fastq
20240611/PA2_S192,Tue Jun 11 13:47:48 2024,/work/greencenter/s434226/plac/reference/data/sequence-4.gb,reference/genbank/sequence-4.gb,reference/fasta/b87b7df1a2f597f8b3cdbf0c4f49edbf7a107deb343fcd687bffc0f4b4864227.fasta,4641652,out/20240611/PA2_S192/output/summary.json,out/20240611/PA2_S192/output/log.txt,breseq --polymorphism-prediction --num-processors 16 -r /work/greencenter/s434226/plac/reference/data/sequence-4.gb /work/greencenter/s434226/plac/data/20240611/fastq/PA2_S192_R1_001.fastq
20240611/PA3_S193,Tue Jun 11 13:47:50 2024,/work/greencenter/s434226/plac/reference/data/sequence-4.gb,reference/genbank/sequence-4.gb,reference/fasta/b87b7df1a2f597f8b3cdbf0c4f49edbf7a107deb343fcd687bffc0f4b4864227.fasta,4641652,out/20240611/PA3_S193/output/summary.json,out/20240611/PA3_S193/output/log.txt,breseq --polymorphism-prediction --num-processors 16 -r /work/greencenter/s434226/plac/reference/data/sequence-4.gb /work/greencenter/s434226/plac/data/20240611/fastq/PA3_S193_R1_001.fastq
20240611/PA4_S194,Tue Jun 11 13:47:50 2024,/work/greencenter/s434226/plac/reference/data/sequence-4.gb,reference/genbank/sequence-4.gb,reference/fasta/b87b7df1a2f597f8b3cdbf0c4f49edbf7a107deb343fcd687bffc0f4b4864227.fasta,4641652,out/20240611/PA4_S194/output/summary.json,out/20240611/PA4_S194/output/log.txt,breseq --polymorphism-prediction --num-processors 16 -r /work/greencenter/s434226/plac/reference/data/sequence-4.gb /work/greencenter/s434226/plac/data/20240611/fastq/PA4_S194_R1_001.fastq
20240611/PA5_S195,Tue Jun 11 13:47:50 2024,/work/greencenter/s434226/plac/reference/data/sequence-4.gb,reference/genbank/sequence-4.gb,reference/fasta/b87b7df1a2f597f8b3cdbf0c4f49edbf7a107deb343fcd687bffc0f4b4864227.fasta,4641652,out/20240611/PA5_S195/output/summary.json,out/20240611/PA5_S195/output/log.txt,breseq --polymorphism-prediction --num-processors 16 -r /work/greencenter/s434226/plac/reference/data/sequence-4.gb /work/greencenter/s434226/plac/data/20240611/fastq/PA5_S195_R1_001.fastq
20240611/PA6_S196,Tue Jun 11 13:47:48 2024,/work/greencenter/s434226/plac/reference/data/sequence-4.gb,reference/genbank/sequence-4.gb,reference/fasta/b87b7df1a2f597f8b3cdbf0c4f49edbf7a107deb343fcd687bffc0f4b4864227.fasta,4641652,out/20240611/PA6_S196/output/summary.json,out/20240611/PA6_S196/output/log.txt,breseq --polymorphism-prediction --num-processors 16 -r /work/greencenter/s434226/plac/reference/data/sequence-4.gb /work/greencenter/s434226/plac/data/20240611/fastq/PA6_S196_R1_001.fastq
20240611/PA7_S197,Tue Jun 11 13:47:50 2024,/work/greencenter/s434226/plac/reference/data/sequence-4.gb,reference/genbank/sequence-4.gb,reference/fasta/b87b7df1a2f597f8b3cdbf0c4f49edbf7a107deb343fcd687bffc0f4b4864227.fasta,4641652,out/20240611/PA7_S197/output/summary.json,out/20240611/PA7_S197/output/log.txt,breseq --polymorphism-prediction --num-processors 16 -r /work/greencenter/s434226/plac/reference/data/sequence-4.gb /work/greencenter/s434226/plac/data/20240611/fastq/PA7_S197_R1_001.fastq
20240611/PA8_S198,Tue Jun 11 13:47:50 2024,/work/greencenter/s434226/plac/reference/data/sequence-4.gb,reference/genbank/sequence-4.gb,reference/fasta/b87b7df1a2f597f8b3cdbf0c4f49edbf7a107deb343fcd687bffc0f4b4864227.fasta,4641652,out/20240611/PA8_S198/output/summary.json,out/20240611/PA8_S198/output/log.txt,breseq --polymorphism-prediction --num-processors 16 -r /work/greencenter/s434226/plac/reference/data/sequence-4.gb /work/greencenter/s434226/plac/data/20240611/fastq/PA8_S198_R1_001.fastq
20240611/PA9_S199,Tue Jun 11 13:47:50 2024,/work/greencenter/s434226/plac/reference/data/sequence-4.gb,reference/genbank/sequence-4.gb,reference/fasta/b87b7df1a2f597f8b3cdbf0c4f49edbf7a107deb343fcd687bffc0f4b4864227.fasta,4641652,out/20240611/PA9_S199/output/summary.json,out/20240611/PA9_S199/output/log.txt,breseq --polymorphism-prediction --num-processors 16 -r /work/greencenter/s434226/plac/reference/data/sequence-4.gb /work/greencenter/s434226/plac/data/20240611/fastq/PA9_S199_R1_001.fastq
20240611/PP3_S190,Tue Jun 11 13:47:49 2024,/work/greencenter/s434226/plac/reference/data/sequence-4.gb,reference/genbank/sequence-4.gb,reference/fasta/b87b7df1a2f597f8b3cdbf0c4f49edbf7a107deb343fcd687bffc0f4b4864227.fasta,4641652,out/20240611/PP3_S190/output/summary.json,out/20240611/PP3_S190/output/log.txt,breseq --polymorphism-prediction --num-processors 16 -r /work/greencenter/s434226/plac/reference/data/sequence-4.gb /work/greencenter/s434226/plac/data/20240611/fastq/PP3_S190_R1_001.fastq
20240729/A1_S346,Mon Aug  5 12:50:33 2024,/work/greencenter/s434226/plac/reference/data/sequence-4.gb,reference/genbank/sequence-4.gb,reference/fasta/b87b7df1a2f597f8b3cdbf0c4f49edbf7a107deb343fcd687bffc0f4b4864227.fasta,4641652,out/20240729/A1_S346/output/summary.json,out/20240729/A1_S346/output/log.txt,breseq --polymorphism-prediction --num-processors 16 -r /work/greencenter/s434226/plac/reference/data/sequence-4.gb /work/greencenter/s434226/plac/data/20240729/fastq/A1_S346_R1_001.fastq
20240729/A2_S350,Mon Aug  5 12:50:34 2024,/work/greencenter/s434226/plac/reference/data/sequence-4.gb,reference/genbank/sequence-4.gb,reference/fasta/b87b7df1a2f597f8b3cdbf0c4f49edbf7a107deb343fcd687bffc0f4b4864227.fasta,4641652,out/20240729/A2_S350/output/summary.json,out/20240729/A2_S350/output/log.txt,breseq --polymorphism-prediction --num-processors 16 -r /work/greencenter/s434226/plac/reference/data/sequence-4.gb /work/greencenter/s434226/plac/data/20240729/fastq/A2_S350_R1_001.fastq
20240729/A3_S354,Mon Aug  5 12:50:32 2024,/work/greencenter/s434226/plac/reference/data/sequence-4.gb,reference/genbank/sequence-4.gb,reference/fasta/b87b7df1a2f597f8b3cdbf0c4f49edbf7a107deb343fcd687bffc0f4b4864227.fasta,4641652,out/20240729/A3_S354/output/summary.json,out/20240729/A3_S354/output/log.txt,breseq --polymorphism-prediction --num-processors 16 -r /work/greencenter/s434226/plac/reference/data/sequence-4.gb /work/greencenter/s434226/plac/data/20240729/fastq/A3_S354_R1_001.fastq
20240729/AA_S345,Mon Aug  5 12:50:33 2024,/work/greencenter/s434226/plac/reference/data/sequence-4.gb,reference/genbank/sequence-4.gb,reference/fasta/b87b7df1a2f597f8b3cdbf0c4f49edbf7a107deb343fcd687bffc0f4b4864227.fasta,4641652,out/20240729/AA_S345/output/summary.json,out/20240729/AA_S345/output/log.txt,breseq --polymorphism-prediction --num-processors 16 -r /work/greencenter/s434226/plac/reference/data/sequence-4.gb /work/greencenter/s434226/plac/data/20240729/fastq/AA_S345_R1_001.fastq
20240729/B1_S347,Mon Aug  5 12:50:33 2024,/work/greencenter/s434226/plac/reference/data/sequence-4.gb,reference/genbank/sequence-4.gb,reference/fasta/b87b7df1a2f597f8b3cdbf0c4f49edbf7a107deb343fcd687bffc0f4b4864227.fasta,4641652,out/20240729/B1_S347/output/summary.json,out/20240729/B1_S347/output/log.txt,breseq --polymorphism-prediction --num-processors 16 -r /work/greencenter/s434226/plac/reference/data/sequence-4.gb /work/greencenter/s434226/plac/data/20240729/fastq/B1_S347_R1_001.fastq
20240729/B2_S351,Mon Aug  5 12:50:32 2024,/work/greencenter/s434226/plac/reference/data/sequence-4.gb,reference/genbank/sequence-4.gb,reference/fasta/b87b7df1a2f597f8b3cdbf0c4f49edbf7a107deb343fcd687bffc0f4b4864227.fasta,4641652,out/20240729/B2_S351/output/summary.json,out/20240729/B2_S351/output/log.txt,breseq --polymorphism-prediction --num-processors 16 -r /work/greencenter/s434226/plac/reference/data/sequence-4.gb /work/greencenter/s434226/plac/data/20240729/fastq/B2_S351_R1_001.fastq
20240729/B3_S355,Mon Aug  5 12:50:33 2024,/work/greencenter/s434226/plac/reference/data/sequence-4.gb,reference/genbank/sequence-4.gb,reference/fasta/b87b7df1a2f597f8b3cdbf0c4f49edbf7a107deb343fcd687bffc0f4b4864227.fasta,4641652,out/20240729/B3_S355/output/summary.json,out/20240729/B3_S355/output/log.txt,breseq --polymorphism-prediction --num-processors 16 -r /work/greencenter/s434226/plac/reference/data/sequence-4.gb /work/greencenter/s434226/plac/data/20240729/fastq/B3_S355_R1_001.fastq
20240729/C1_S348,Mon Aug  5 12:50:33 2024,/work/greencenter/s434226/plac/reference/data/sequence-4.gb,reference/genbank/sequence-4.gb,reference/fasta/b87b7df1a2f597f8b3cdbf0c4f49edbf7a107deb343fcd687bffc0f4b4864227.fasta,4641652,out/20240729/C1_S348/output/summary.json,out/20240729/C1_S348/output/log.txt,breseq --polymorphism-prediction --num-processors 16 -r /work/greencenter/s434226/plac/reference/data/sequence-4.gb /work/greencenter/s434226/plac/data/20240729/fastq/C1_S348_R1_001.fastq
20240729/C2_S352,Mon Aug  5 12:50:33 2024,/work/greencenter/s434226/plac/reference/data/sequence-4.gb,reference/genbank/sequence-4.gb,reference/fasta/b87b7df1a2f597f8b3cdbf0c4f49edbf7a107deb343fcd687bffc0f4b4864227.fasta,4641652,out/20240729/C2_S352/output/summary.json,out/20240729/C2_S352/output/log.txt,breseq --polymorphism-prediction --num-processors 16 -r /work/greencenter/s434226/plac/reference/data/sequence-4.gb /work/greencenter/s434226/plac/data/20240729/fastq/C2_S352_R1_001.fastq
20240729/C3_S356,Mon Aug  5 12:50:32 2024,/work/greencenter/s434226/plac/reference/data/sequence-4.gb,reference/genbank/sequence-4.gb,reference/fasta/b87b7df1a2f597f8b3cdbf0c4f49edbf7a107deb343fcd687bffc0f4b4864227.fasta,4641652,out/20240729/C3_S356/output/summary.json,out/20240729/C3_S356/output/log.txt,breseq --polymorphism-prediction --num-processors 16 -r /work/greencenter/s434226/plac/reference/data/sequence-4.gb /work/greencenter/s434226/plac/data/20240729/fastq/C3_S356_R1_001.fastq
20240729/D1_S349,Mon Aug  5 12:50:32 2024,/work/greencenter/s434226/plac/reference/data/sequence-4.gb,reference/genbank/sequence-4.gb,reference/fasta/b87b7df1a2f597f8b3cdbf0c4f49edbf7a107deb343fcd687bffc0f4b4864227.fasta,4641652,out/20240729/D1_S349/output/summary.json,out/20240729/D1_S349/output/log.txt,breseq --polymorphism-prediction --num-processors 16 -r /work/greencenter/s434226/plac/reference/data/sequence-4.gb /work/greencenter/s434226/plac/data/20240729/fastq/D1_S349_R1_001.fastq
20240729/D2_S353,Mon Aug  5 12:50:33 2024,/work/greencenter/s434226/plac/reference/data/sequence-4.gb,reference/genbank/sequence-4.gb,reference/fasta/b87b7df1a2f597f8b3cdbf0c4f49edbf7a107deb343fcd687bffc0f4b4864227.fasta,4641652,out/20240729/D2_S353/output/summary.json,out/20240729/D2_S353/output/log.txt,breseq --polymorphism-prediction --num-processors 16 -r /work/greencenter/s434226/plac/reference/data/sequence-4.gb /work/greencenter/s434226/plac/data/20240729/fastq/D2_S353_R1_001.fastq
20240729/D3_S357,Mon Aug  5 12:50:33 2024,/work/greencenter/s434226/plac/reference/data/sequence-4.gb,reference/genbank/sequence-4.gb,reference/fasta/b87b7df1a2f597f8b3cdbf0c4f49edbf7a107deb343fcd687bffc0f4b4864227.fasta,4641652,out/20240729/D3_S357/output/summary.json,out/20240729/D3_S357/output/log.txt,breseq --polymorphism-prediction --num-processors 16 -r /work/greencenter/s434226/plac/reference/data/sequence-4.gb /work/greencenter/s434226/plac/data/20240729/fastq/D3_S357_R1_001.fastq
20241022/A10_S143,Tue Oct 22 17:40:31 2024,/work/greencenter/s434226/plac/reference/data/sequence-4.gb,reference/genbank/sequence-4.gb,reference/fasta/b87b7df1a2f597f8b3cdbf0c4f49edbf7a107deb343fcd687bffc0f4b4864227.fasta,4641652,out/20241022/A10_S143/output/summary.json,out/20241022/A10_S143/output/log.txt,breseq --polymorphism-prediction --num-processors 16 -r /work/greencenter/s434226/plac/reference/data/sequence-4.gb /work/greencenter/s434226/plac/data/20241022/fastq/A10_S143_R1_001.fastq
20241022/A1_S134,Tue Oct 22 17:40:31 2024,/work/greencenter/s434226/plac/reference/data/sequence-4.gb,reference/genbank/sequence-4.gb,reference/fasta/b87b7df1a2f597f8b3cdbf0c4f49edbf7a107deb343fcd687bffc0f4b4864227.fasta,4641652,out/20241022/A1_S134/output/summary.json,out/20241022/A1_S134/output/log.txt,breseq --polymorphism-prediction --num-processors 16 -r /work/greencenter/s434226/plac/reference/data/sequence-4.gb /work/greencenter/s434226/plac/data/20241022/fastq/A1_S134_R1_001.fastq
20241022/A2_S135,Tue Oct 22 17:40:31 2024,/work/greencenter/s434226/plac/reference/data/sequence-4.gb,reference/genbank/sequence-4.gb,reference/fasta/b87b7df1a2f597f8b3cdbf0c4f49edbf7a107deb343fcd687bffc0f4b4864227.fasta,4641652,out/20241022/A2_S135/output/summary.json,out/20241022/A2_S135/output/log.txt,breseq --polymorphism-prediction --num-processors 16 -r /work/greencenter/s434226/plac/reference/data/sequence-4.gb /work/greencenter/s434226/plac/data/20241022/fastq/A2_S135_R1_001.fastq
20241022/A3_S136,Tue Oct 22 17:40:31 2024,/work/greencenter/s434226/plac/reference/data/sequence-4.gb,reference/genbank/sequence-4.gb,reference/fasta/b87b7df1a2f597f8b3cdbf0c4f49edbf7a107deb343fcd687bffc0f4b4864227.fasta,4641652,out/20241022/A3_S136/output/summary.json,out/20241022/A3_S136/output/log.txt,breseq --polymorphism-prediction --num-processors 16 -r /work/greencenter/s434226/plac/reference/data/sequence-4.gb /work/greencenter/s434226/plac/data/20241022/fastq/A3_S136_R1_001.fastq
20241022/A4_S137,Tue Oct 22 17:40:31 2024,/work/greencenter/s434226/plac/reference/data/sequence-4.gb,reference/genbank/sequence-4.gb,reference/fasta/b87b7df1a2f597f8b3cdbf0c4f49edbf7a107deb343fcd687bffc0f4b4864227.fasta,4641652,out/20241022/A4_S137/output/summary.json,out/20241022/A4_S137/output/log.txt,breseq --polymorphism-prediction --num-processors 16 -r /work/greencenter/s434226/plac/reference/data/sequence-4.gb /work/greencenter/s434226/plac/data/20241022/fastq/A4_S137_R1_001.fastq
20241022/A5_S138,Tue Oct 22 17:40:31 2024,/work/greencenter/s434226/plac/reference/data/sequence-4.gb,reference/genbank/sequence-4.gb,reference/fasta/b87b7df1a2f597f8b3cdbf0c4f49edbf7a107deb343fcd687bffc0f4b4864227.fasta,4641652,out/20241022/A5_S138/output/summary.json,out/20241022/A5_S138/output/log.txt,breseq --polymorphism-prediction --num-processors 16 -r /work/greencenter/s434226/plac/reference/data/sequence-4.gb /work/greencenter/s434226/plac/data/20241022/fastq/A5_S138_R1_001.fastq
20241022/A6_S139,Tue Oct 22 17:40:31 2024,/work/greencenter/s434226/plac/reference/data/sequence-4.gb,reference/genbank/sequence-4.gb,reference/fasta/b87b7df1a2f597f8b3cdbf0c4f49edbf7a107deb343fcd687bffc0f4b4864227.fasta,4641652,out/20241022/A6_S139/output/summary.json,out/20241022/A6_S139/output/log.txt,breseq --polymorphism-prediction --num-processors 16 -r /work/greencenter/s434226/plac/reference/data/sequence-4.gb /work/greencenter/s434226/plac/data/20241022/fastq/A6_S139_R1_001.fastq
20241022/A7_S140,Tue Oct 22 17:40:31 2024,/work/greencenter/s434226/plac/reference/data/sequence-4.gb,reference/genbank/sequence-4.gb,reference/fasta/b87b7df1a2f597f8b3cdbf0c4f49edbf7a107deb343fcd687bffc0f4b4864227.fasta,4641652,out/20241022/A7_S140/output/summary.json,out/20241022/A7_S140/output/log.txt,breseq --polymorphism-prediction --num-processors 16 -r /work/greencenter/s434226/plac/reference/data/sequence-4.gb /work/greencenter/s434226/plac/data/20241022/fastq/A7_S140_R1_001.fastq
20241022/A8_S141,Tue Oct 22 17:40:30 2024,/work/greencenter/s434226/plac/reference/data/sequence-4.gb,reference/genbank/sequence-4.gb,reference/fasta/b87b7df1a2f597f8b3cdbf0c4f49edbf7a107deb343fcd687bffc0f4b4864227.fasta,4641652,out/20241022/A8_S141/output/summary.json,out/20241022/A8_S141/output/log.txt,breseq --polymorphism-prediction --num-processors 16 -r /work/greencenter/s434226/plac/reference/data/sequence-4.gb /work/greencenter/s434226/plac/data/20241022/fastq/A8_S141_R1_001.fastq
20241022/A9_S142,Tue Oct 22 17:40:30 2024,/work/greencenter/s434226/plac/reference/data/sequence-4.gb,reference/genbank/sequence-4.gb,reference/fasta/b87b7df1a2f597f8b3cdbf0c4f49edbf7a107deb343fcd687bffc0f4b4864227.fasta,4641652,out/20241022/A9_S142/output/summary.json,out/20241022/A9_S142/output/log.txt,breseq --polymorphism-prediction --num-processors 16 -r /work/greencenter/s434226/plac/reference/data/sequence-4.gb /work/greencenter/s434226/plac/data/20241022/fastq/A9_S142_R1_001.fastq
20241022/B10_S153,Tue Oct 22 17:40:31 2024,/work/greencenter/s434226/plac/reference/data/sequence-4.gb,reference/genbank/sequence-4.gb,reference/fasta/b87b7df1a2f597f8b3cdbf0c4f49edbf7a107deb343fcd687bffc0f4b4864227.fasta,4641652,out/20241022/B10_S153/output/summary.json,out/20241022/B10_S153/output/log.txt,breseq --polymorphism-prediction --num-processors 16 -r /work/greencenter/s434226/plac/reference/data/sequence-4.gb /work/greencenter/s434226/plac/data/20241022/fastq/B10_S153_R1_001.fastq
20241022/B1_S144,Tue Oct 22 17:40:30 2024,/work/greencenter/s434226/plac/reference/data/sequence-4.gb,reference/genbank/sequence-4.gb,reference/fasta/b87b7df1a2f597f8b3cdbf0c4f49edbf7a107deb343fcd687bffc0f4b4864227.fasta,4641652,out/20241022/B1_S144/output/summary.json,out/20241022/B1_S144/output/log.txt,breseq --polymorphism-prediction --num-processors 16 -r /work/greencenter/s434226/plac/reference/data/sequence-4.gb /work/greencenter/s434226/plac/data/20241022/fastq/B1_S144_R1_001.fastq
20241022/B2_S145,Tue Oct 22 17:40:30 2024,/work/greencenter/s434226/plac/reference/data/sequence-4.gb,reference/genbank/sequence-4.gb,reference/fasta/b87b7df1a2f597f8b3cdbf0c4f49edbf7a107deb343fcd687bffc0f4b4864227.fasta,4641652,out/20241022/B2_S145/output/summary.json,out/20241022/B2_S145/output/log.txt,breseq --polymorphism-prediction --num-processors 16 -r /work/greencenter/s434226/plac/reference/data/sequence-4.gb /work/greencenter/s434226/plac/data/20241022/fastq/B2_S145_R1_001.fastq
20241022/B3_S146,Tue Oct 22 17:40:31 2024,/work/greencenter/s434226/plac/reference/data/sequence-4.gb,reference/genbank/sequence-4.gb,reference/fasta/b87b7df1a2f597f8b3cdbf0c4f49edbf7a107deb343fcd687bffc0f4b4864227.fasta,4641652,out/20241022/B3_S146/output/summary.json,out/20241022/B3_S146/output/log.txt,breseq --polymorphism-prediction --num-processors 16 -r /work/greencenter/s434226/plac/reference/data/sequence-4.gb /work/greencenter/s434226/plac/data/20241022/fastq/B3_S146_R1_001.fastq
20241022/B4_S147,Tue Oct 22 18:29:50 2024,/work/greencenter/s434226/plac/reference/data/sequence-4.gb,reference/genbank/sequence-4.gb,reference/fasta/b87b7df1a2f597f8b3cdbf0c4f49edbf7a107deb343fcd687bffc0f4b4864227.fasta,4641652,out/20241022/B4_S147/output/summary.json,out/20241022/B4_S147/output/log.txt,breseq --polymorphism-prediction --num-processors 16 -r /work/greencenter/s434226/plac/reference/data/sequence-4.gb /work/greencenter/s434226/plac/data/20241022/fastq/B4_S147_R1_001.fastq
20241022/B5_S148,Tue Oct 22 18:38:41 2024,/work/greencenter/s434226/plac/reference/data/sequence-4.gb,reference/genbank/sequence-4.gb,reference/fasta/b87b7df1a2f597f8b3cdbf0c4f49edbf7a107deb343fcd687bffc0f4b4864227.fasta,4641652,out/20241022/B5_S148/output/summary.json,out/20241022/B5_S148/output/log.txt,breseq --polymorphism-prediction --num-processors 16 -r /work/greencenter/s434226/plac/reference/data/sequence-4.gb /work/greencenter/s434226/plac/data/20241022/fastq/B5_S148_R1_001.fastq
20241022/B6_S149,Tue Oct 22 18:40:50 2024,/work/greencenter/s434226/plac/reference/data/sequence-4.gb,reference/genbank/sequence-4.gb,reference/fasta/b87b7df1a2f597f8b3cdbf0c4f49edbf7a107deb343fcd687bffc0f4b4864227.fasta,4641652,out/20241022/B6_S149/output/summary.json,out/20241022/B6_S149/output/log.txt,breseq --polymorphism-prediction --num-processors 16 -r /work/greencenter/s434226/plac/reference/data/sequence-4.gb /work/greencenter/s434226/plac/data/20241022/fastq/B6_S149_R1_001.fastq
20241022/B7_S150,Tue Oct 22 18:45:46 2024,/work/greencenter/s434226/plac/reference/data/sequence-4.gb,reference/genbank/sequence-4.gb,reference/fasta/b87b7df1a2f597f8b3cdbf0c4f49edbf7a107deb343fcd687bffc0f4b4864227.fasta,4641652,out/20241022/B7_S150/output/summary.json,out/20241022/B7_S150/output/log.txt,breseq --polymorphism-prediction --num-processors 16 -r /work/greencenter/s434226/plac/reference/data/sequence-4.gb /work/greencenter/s434226/plac/data/20241022/fastq/B7_S150_R1_001.fastq
20241022/B8_S151,Tue Oct 22 18:49:51 2024,/work/greencenter/s434226/plac/reference/data/sequence-4.gb,reference/genbank/sequence-4.gb,reference/fasta/b87b7df1a2f597f8b3cdbf0c4f49edbf7a107deb343fcd687bffc0f4b4864227.fasta,4641652,out/20241022/B8_S151/output/summary.json,out/20241022/B8_S151/output/log.txt,breseq --polymorphism-prediction --num-processors 16 -r /work/greencenter/s434226/plac/reference/data/sequence-4.gb /work/greencenter/s434226/plac/data/20241022/fastq/B8_S151_R1_001.fastq
20241022/B9_S152,Tue Oct 22 18:49:59 2024,/work/greencenter/s434226/plac/reference/data/sequence-4.gb,reference/genbank/sequence-4.gb,reference/fasta/b87b7df1a2f597f8b3cdbf0c4f49edbf7a107deb343fcd687bffc0f4b4864227.fasta,4641652,out/20241022/B9_S152/output/summary.json,out/20241022/B9_S152/output/log.txt,breseq --polymorphism-prediction --num-processors 16 -r /work/greencenter/s434226/plac/reference/data/sequence-4.gb /work/greencenter/s434226/plac/data/20241022/fastq/B9_S152_R1_001.fastq
20241022/C10_S163,Tue Oct 22 18:51:22 2024,/work/greencenter/s434226/plac/reference/data/sequence-4.gb,reference/genbank/sequence-4.gb,reference/fasta/b87b7df1a2f597f8b3cdbf0c4f49edbf7a107deb343fcd687bffc0f4b4864227.fasta,4641652,out/20241022/C10_S163/output/summary.json,out/20241022/C10_S163/output/log.txt,breseq --polymorphism-prediction --num-processors 16 -r /work/greencenter/s434226/plac/reference/data/sequence-4.gb /work/greencenter/s434226/plac/data/20241022/fastq/C10_S163_R1_001.fastq
20241022/C1_S154,Tue Oct 22 18:52:16 2024,/work/greencenter/s434226/plac/reference/data/sequence-4.gb,reference/genbank/sequence-4.gb,reference/fasta/b87b7df1a2f597f8b3cdbf0c4f49edbf7a107deb343fcd687bffc0f4b4864227.fasta,4641652,out/20241022/C1_S154/output/summary.json,out/20241022/C1_S154/output/log.txt,breseq --polymorphism-prediction --num-processors 16 -r /work/greencenter/s434226/plac/reference/data/sequence-4.gb /work/greencenter/s434226/plac/data/20241022/fastq/C1_S154_R1_001.fastq
20241022/C2_S155,Tue Oct 22 18:55:58 2024,/work/greencenter/s434226/plac/reference/data/sequence-4.gb,reference/genbank/sequence-4.gb,reference/fasta/b87b7df1a2f597f8b3cdbf0c4f49edbf7a107deb343fcd687bffc0f4b4864227.fasta,4641652,out/20241022/C2_S155/output/summary.json,out/20241022/C2_S155/output/log.txt,breseq --polymorphism-prediction --num-processors 16 -r /work/greencenter/s434226/plac/reference/data/sequence-4.gb /work/greencenter/s434226/plac/data/20241022/fastq/C2_S155_R1_001.fastq
20241022/C3_S156,Tue Oct 22 18:56:13 2024,/work/greencenter/s434226/plac/reference/data/sequence-4.gb,reference/genbank/sequence-4.gb,reference/fasta/b87b7df1a2f597f8b3cdbf0c4f49edbf7a107deb343fcd687bffc0f4b4864227.fasta,4641652,out/20241022/C3_S156/output/summary.json,out/20241022/C3_S156/output/log.txt,breseq --polymorphism-prediction --num-processors 16 -r /work/greencenter/s434226/plac/reference/data/sequence-4.gb /work/greencenter/s434226/plac/data/20241022/fastq/C3_S156_R1_001.fastq
20241022/C4_S157,Tue Oct 22 18:56:57 2024,/work/greencenter/s434226/plac/reference/data/sequence-4.gb,reference/genbank/sequence-4.gb,reference/fasta/b87b7df1a2f597f8b3cdbf0c4f49edbf7a107deb343fcd687bffc0f4b4864227.fasta,4641652,out/20241022/C4_S157/output/summary.json,out/20241022/C4_S157/output/log.txt,breseq --polymorphism-prediction --num-processors 16 -r /work/greencenter/s434226/plac/reference/data/sequence-4.gb /work/greencenter/s434226/plac/data/20241022/fastq/C4_S157_R1_001.fastq
20241022/C5_S158,Tue Oct 22 18:57:23 2024,/work/greencenter/s434226/plac/reference/data/sequence-4.gb,reference/genbank/sequence-4.gb,reference/fasta/b87b7df1a2f597f8b3cdbf0c4f49edbf7a107deb343fcd687bffc0f4b4864227.fasta,4641652,out/20241022/C5_S158/output/summary.json,out/20241022/C5_S158/output/log.txt,breseq --polymorphism-prediction --num-processors 16 -r /work/greencenter/s434226/plac/reference/data/sequence-4.gb /work/greencenter/s434226/plac/data/20241022/fastq/C5_S158_R1_001.fastq
20241022/C6_S159,Tue Oct 22 19:01:10 2024,/work/greencenter/s434226/plac/reference/data/sequence-4.gb,reference/genbank/sequence-4.gb,reference/fasta/b87b7df1a2f597f8b3cdbf0c4f49edbf7a107deb343fcd687bffc0f4b4864227.fasta,4641652,out/20241022/C6_S159/output/summary.json,out/20241022/C6_S159/output/log.txt,breseq --polymorphism-prediction --num-processors 16 -r /work/greencenter/s434226/plac/reference/data/sequence-4.gb /work/greencenter/s434226/plac/data/20241022/fastq/C6_S159_R1_001.fastq
20241022/C7_S160,Tue Oct 22 19:01:21 2024,/work/greencenter/s434226/plac/reference/data/sequence-4.gb,reference/genbank/sequence-4.gb,reference/fasta/b87b7df1a2f597f8b3cdbf0c4f49edbf7a107deb343fcd687bffc0f4b4864227.fasta,4641652,out/20241022/C7_S160/output/summary.json,out/20241022/C7_S160/output/log.txt,breseq --polymorphism-prediction --num-processors 16 -r /work/greencenter/s434226/plac/reference/data/sequence-4.gb /work/greencenter/s434226/plac/data/20241022/fastq/C7_S160_R1_001.fastq
20241022/C8_S161,Tue Oct 22 19:48:51 2024,/work/greencenter/s434226/plac/reference/data/sequence-4.gb,reference/genbank/sequence-4.gb,reference/fasta/b87b7df1a2f597f8b3cdbf0c4f49edbf7a107deb343fcd687bffc0f4b4864227.fasta,4641652,out/20241022/C8_S161/output/summary.json,out/20241022/C8_S161/output/log.txt,breseq --polymorphism-prediction --num-processors 16 -r /work/greencenter/s434226/plac/reference/data/sequence-4.gb /work/greencenter/s434226/plac/data/20241022/fastq/C8_S161_R1_001.fastq
20241022/C9_S162,Tue Oct 22 19:50:55 2024,/work/greencenter/s434226/plac/reference/data/sequence-4.gb,reference/genbank/sequence-4.gb,reference/fasta/b87b7df1a2f597f8b3cdbf0c4f49edbf7a107deb343fcd687bffc0f4b4864227.fasta,4641652,out/20241022/C9_S162/output/summary.json,out/20241022/C9_S162/output/log.txt,breseq --polymorphism-prediction --num-processors 16 -r /work/greencenter/s434226/plac/reference/data/sequence-4.gb /work/greencenter/s434226/plac/data/20241022/fastq/C9_S162_R1_001.fastq
