aa_new_seq	aa_position	aa_ref_seq	clone	codon_new_seq	codon_number	codon_position	codon_position_is_indeterminate	codon_ref_seq	duplication_size	frequency	gene_name	gene_position	gene_product	gene_strand	genes_inactivated	genes_overlapping	genes_promoter	insert_position	locus_tag	locus_tags_inactivated	locus_tags_overlapping	locus_tags_promoter	mutation_category	mutator_status	new_read_count	new_read_count_basis	new_seq	population	position	position_end	position_start	ref_read_count	ref_read_count_basis	ref_seq	repeat_length	repeat_name	repeat_new_copies	repeat_ref_copies	repeat_seq	repeat_size	seq_id	size	snp_type	strand	time	title	transl_table	treatment	type
R	53	S		CGC	53	1		AGC		8.57734680e-02	yaaA	157	DNA binding and peroxide stress response protein YaaA	<		yaaA			b0006		b0006		snp_nonsynonymous		43	1	G		6303	6303	6303	361	1	T							U00096		nonsynonymous		-1	output	11		SNP
T	52	I		ACC	52	2		ATC		1.30028725e-01	yaaA	155	DNA binding and peroxide stress response protein YaaA	<		yaaA			b0006		b0006		snp_nonsynonymous		57	1	G		6305	6305	6305	349	1	A							U00096		nonsynonymous		-1	output	11		SNP
*	484	W		TAG	484	2		TGG		7.14993477e-02	rapA	1451	RNA polymerase-binding ATPase and RNAP recycling factor	<	rapA				b0059	b0059			snp_nonsense		40	1	T		61814	61814	61814	505	1	C							U00096		nonsense		-1	output	11		SNP
										6.98521401e-02	rapA	coding (862-875/2907 nt)	RNA polymerase-binding ATPase and RNAP recycling factor	<	rapA				b0059	b0059			small_indel		33	1			62390	62403	62390	882	2	GGCGCATCTTCGCT							U00096	14			-1	output			DEL
*	83	Y		TAG	83	3		TAT		8.05902481e-02	rapA	249	RNA polymerase-binding ATPase and RNAP recycling factor	<	rapA				b0059	b0059			snp_nonsense		55	1	C		63016	63016	63016	616	1	A							U00096		nonsense		-1	output	11		SNP
									9	9.39044481e-02	rapA	coding (229-237/2907 nt)	RNA polymerase-binding ATPase and RNAP recycling factor	<	rapA				b0059	b0059			mobile_element_insertion		114	2			63028	63036	63028	1100	2	GCCATTTTC		IS1				768	U00096			-1	-1	output			MOB
Q	40	P		CAA	40	2		CCA		5.10611534e-02	secM	119	SecA translation regulator	>		secM			b0097		b0097		snp_nonsynonymous		38	1	A		107823	107823	107823	499	1	C							U00096		nonsynonymous		-1	output	11		SNP
I	54	L		ATT	54	1		CTT		1	ybhJ	160	putative hydratase YbhJ	>		ybhJ			b0771		b0771		snp_nonsynonymous		516	1	A		803662	803662	803662	2	1	C							U00096		nonsynonymous		-1	output	11		SNP
V	289	F		GTT	289	1		TTT		8.32691193e-02	ybhR	865	ABC exporter membrane subunit YbhR	<		ybhR			b0792		b0792		snp_nonsynonymous		56	1	C		825244	825244	825244	510	1	A							U00096		nonsynonymous		-1	output	11		SNP
V	17	A		GTG	17	2		GCG		2.18339443e-01	glnH	50	L-glutamine ABC transporter periplasmic binding protein	<		glnH			b0811		b0811		snp_nonsynonymous		77	1	A		847955	847955	847955	338	1	G							U00096		nonsynonymous		-1	output	11		SNP
										5.49306870e-02	wrbA/ymdF	intergenic (-160/-213)	NAD(P)H:quinone oxidoreductase/stress-induced bacterial acidophilic repeat motifs-containing protein YmdF	</>					b1004/b4518				snp_intergenic		27	1	T		1067868	1067868	1067868	435	1	C							U00096		intergenic		-1	output			SNP
										5.95812798e-02	fabF/pabC	intergenic (+63/-57)	3-oxoacyl-[acyl carrier protein] synthase 2/aminodeoxychorismate lyase	>/>			pabC		b1095/b1096			b1096	snp_intergenic		20	1	T		1153243	1153243	1153243	358	1	G							U00096		intergenic		-1	output			SNP
R	441	G		AGG	441	1		GGG		5.68327904e-02	phoQ	1321	sensor histidine kinase PhoQ	<		phoQ			b1129		b1129		snp_nonsynonymous		35	1	T		1188456	1188456	1188456	577	1	C							U00096		nonsynonymous		-1	output	11		SNP
										4.39886669e-01	phoQ	coding (78/1461 nt)	sensor histidine kinase PhoQ	<	phoQ			1	b1129	b1129			small_indel		258	1	AGCACC		1189699	1189699	1189699	662	2	C	6		2	1	AGCACC		U00096				-1	output			INS
									5	5.48204159e-02	phoP	coding (618-622/672 nt)	DNA-binding transcriptional dual regulator PhoP	<		phoP			b1130		b1130		mobile_element_insertion		58	2			1189826	1189830	1189826	1000	2	CTTGG		IS2				1331	U00096			1	-1	output			MOB
H	67	R		CAT	67	2		CGT		1.58306122e-01	phoP	200	DNA-binding transcriptional dual regulator PhoP	<		phoP			b1130		b1130		snp_nonsynonymous		87	1	T		1190248	1190248	1190248	460	1	C							U00096		nonsynonymous		-1	output	11		SNP
									-5	5.51508845e-02	phoP	coding (115-119/672 nt)	DNA-binding transcriptional dual regulator PhoP	<	phoP				b1130	b1130			mobile_element_insertion		53	2			1190329	1190333	1190329	908	3	AGATA		IS1				768	U00096			-1	-1	output			MOB
V	76	A		GTC	76	2		GCC		2.05505848e-01	prs	227	ribose-phosphate diphosphokinase	<		prs			b1207		b1207		snp_nonsynonymous		126	1	A		1261649	1261649	1261649	487	1	G							U00096		nonsynonymous		-1	output	11		SNP
										1.07245445e-01	manZ/yobD	intergenic (+28/-27)	mannose-specific PTS enzyme IID component/DUF986 domain-containing inner membrane protein YobD	>/>			yobD		b1819/b1820			b1820	snp_intergenic		50	1	T		1904774	1904774	1904774	344	1	G							U00096		intergenic		-1	output			SNP
										5.29255867e-02	manZ/yobD	intergenic (+46/-9)	mannose-specific PTS enzyme IID component/DUF986 domain-containing inner membrane protein YobD	>/>			yobD		b1819/b1820			b1820	snp_intergenic		29	1	T		1904792	1904792	1904792	353	1	G							U00096		intergenic		-1	output			SNP
D	25	G		GAT	25	2		GGT		1	mntP	74	Mn(2(+)) exporter	>		mntP			b1821		b1821		snp_nonsynonymous		524	1	A		1905761	1905761	1905761	1	1	G							U00096		nonsynonymous		-1	output	11		SNP
										8.81152153e-02	gatR/gatD	intergenic (-92/+14)	DNA-binding transcriptional repressor GatR, N-terminal fragment/galactitol-1-phosphate 5-dehydrogenase	</<			gatR		b4498/b2091			b4498	snp_intergenic		52	1	A		2171819	2171819	2171819	332	1	G							U00096		intergenic		-1	output			SNP
										1	gatD/gatB	intergenic (-490/+918)	galactitol-1-phosphate 5-dehydrogenase/galactitol-specific PTS enzyme IIB component	</<					b2091/b2093				small_indel		1210	2			2173363	2173364	2173363	4	2	CC							U00096	2			-1	output			DEL
F	35	V		TTC	35	1		GTC		6.96229935e-02	yfbS	103	putative transporter YfbS	<		yfbS			b2292		b2292		snp_nonsynonymous		50	1	A		2411250	2411250	2411250	511	1	C							U00096		nonsynonymous		-1	output	11		SNP
										5.02648354e-02	fadI/yfcZ	intergenic (-108/+73)	3-ketoacyl-CoA thiolase FadI/DUF406 domain-containing protein YfcZ	</<			fadI		b2342/b2343			b2342	snp_intergenic		34	1	A		2460577	2460577	2460577	427	1	C							U00096		intergenic		-1	output			SNP
										6.49452209e-02	alx/sstT	intergenic (+174/-225)	putative membrane-bound redox modulator Alx/serine/threonine:Na(+) symporter	>/>			sstT		b3088/b3089			b3089	snp_intergenic		38	1	T		3239719	3239719	3239719	428	1	G							U00096		intergenic		-1	output			SNP
										8.63671303e-02	yhaC/rnpB	intergenic (+354/+260)	uncharacterized protein YhaC/RNase P catalytic RNA component	>/<			rnpB		b3121/b3123			b3123	snp_intergenic		28	1	C		3269956	3269956	3269956	249	1	T							U00096		intergenic		-1	output			SNP
										6.22086525e-02	yhaC/rnpB	intergenic (+553/+61)	uncharacterized protein YhaC/RNase P catalytic RNA component	>/<			rnpB		b3121/b3123			b3123	snp_intergenic		25	1	G		3270155	3270155	3270155	283	1	T							U00096		intergenic		-1	output			SNP
K	71	Q		AAG	71	1		CAG		9.73401070e-02	obgE	211	GTPase ObgE	<		obgE			b3183		b3183		snp_nonsynonymous		57	1	T		3331544	3331544	3331544	434	1	G							U00096		nonsynonymous		-1	output	11		SNP
G	46	V		GGT	46	2		GTT		5.01394272e-02	rpsE	137	30S ribosomal subunit protein S5	<		rpsE			b3303		b3303		snp_nonsynonymous		40	1	C		3445093	3445093	3445093	534	1	A							U00096		nonsynonymous		-1	output	11		SNP
										1.02289677e-01	yhfG/ppiA	intergenic (-81/+24)	DUF2559 domain-containing protein YhfG/peptidyl-prolyl cis-trans isomerase A	</<			yhfG		b3362/b3363			b3362	snp_intergenic		52	1	A		3491701	3491701	3491701	307	1	C							U00096		intergenic		-1	output			SNP
*	178	S		TAA	178	2		TCA		8.46247673e-02	ppiA	533	peptidyl-prolyl cis-trans isomerase A	<		ppiA			b3363		b3363		snp_nonsense		47	1	T		3491765	3491765	3491765	405	1	G							U00096		nonsense		-1	output	11		SNP
										1	rtcR/glpG	intergenic (+589/+167)	DNA-binding transcriptional activator RtcR/rhomboid protease GlpG	>/<			glpG	1	b3422/b3424			b3424	small_indel		630	1	G		3560455	3560455	3560455	1	1	C							U00096				-1	output			INS
Y	182	D		TAC	182	1		GAC		9.30838585e-02	yihO	544	putative sulfoquinovose transporter	<		yihO			b3876		b3876		snp_nonsynonymous		55	1	A		4065223	4065223	4065223	424	1	C							U00096		nonsynonymous		-1	output	11		SNP
										8.74090195e-02	yiiG/frvR	intergenic (+26/+24)	DUF3829 domain-containing lipoprotein YiiG/putative DNA-binding transcriptional regulator FrvR	>/<			frvR		b3896/b3897			b3897	snp_intergenic		41	1	T		4088083	4088083	4088083	314	1	C							U00096		intergenic		-1	output			SNP
										5.55095673e-02	yiiG/frvR	intergenic (+29/+21)	DUF3829 domain-containing lipoprotein YiiG/putative DNA-binding transcriptional regulator FrvR	>/<			frvR		b3896/b3897			b3897	snp_intergenic		31	1	G		4088086	4088086	4088086	316	1	A							U00096		intergenic		-1	output			SNP
										5.88760376e-02	yiiG/frvR	intergenic (+30/+20)	DUF3829 domain-containing lipoprotein YiiG/putative DNA-binding transcriptional regulator FrvR	>/<			frvR		b3896/b3897			b3897	snp_intergenic		30	1	G		4088087	4088087	4088087	308	1	T							U00096		intergenic		-1	output			SNP
										6.80813789e-02	yiiG/frvR	intergenic (+42/+8)	DUF3829 domain-containing lipoprotein YiiG/putative DNA-binding transcriptional regulator FrvR	>/<			frvR		b3896/b3897			b3897	snp_intergenic		29	1	A		4088099	4088099	4088099	299	1	G							U00096		intergenic		-1	output			SNP
P	564	P		CCC	564	3		CCT		8.32285881e-02	rpoB	1692	RNA polymerase subunit beta	>		rpoB			b3987		b3987		snp_synonymous		91	1	C		4182936	4182936	4182936	656	1	T							U00096		synonymous		-1	output	11		SNP
G	471	V		GGG	471	2		GTG		1.42228603e-01	aceK	1412	isocitrate dehydrogenase kinase/phosphatase	>		aceK			b4016		b4016		snp_nonsynonymous		61	1	G		4220007	4220007	4220007	335	1	T							U00096		nonsynonymous		-1	output	11		SNP
										1.87876225e-01	gltP/yjcO	intergenic (+266/+376)	glutamate/aspartate : H(+) symporter GltP/Sel1 repeat-containing protein YjcO	>/<			yjcO		b4077/b4078			b4078	snp_intergenic		113	1	T		4296060	4296060	4296060	482	1	C							U00096		intergenic		-1	output			SNP
										1	gltP/yjcO	intergenic (+586/+56)	glutamate/aspartate : H(+) symporter GltP/Sel1 repeat-containing protein YjcO	>/<			yjcO	1	b4077/b4078			b4078	small_indel		804	2	CG		4296380	4296380	4296380	4	2	A							U00096				-1	output			INS
A	252	A		GCA	252	3		GCC		1	rsgA	756	ribosome small subunit-dependent GTPase A	<		rsgA			b4161		b4161		snp_synonymous		656	1	T		4390754	4390754	4390754	2	1	G							U00096		synonymous		-1	output	11		SNP
E	59	D		GAA	59	3		GAC		1.02296352e-01	rlmB	177	23S rRNA 2'-O-ribose G2251 methyltransferase	>		rlmB			b4180		b4180		snp_nonsynonymous		124	1	A		4409451	4409451	4409451	603	1	C							U00096		nonsynonymous		-1	output	11		SNP
