aa_new_seq	aa_position	aa_ref_seq	clone	codon_new_seq	codon_number	codon_position	codon_position_is_indeterminate	codon_ref_seq	duplication_size	frequency	gene_name	gene_position	gene_product	gene_strand	genes_inactivated	genes_overlapping	genes_promoter	insert_position	locus_tag	locus_tags_inactivated	locus_tags_overlapping	locus_tags_promoter	mutation_category	mutator_status	new_read_count	new_read_count_basis	new_seq	population	position	position_end	position_start	ref_read_count	ref_read_count_basis	ref_seq	repeat_name	repeat_size	seq_id	size	snp_type	strand	time	title	transl_table	treatment	type
										1	insB9–[crl]		insB9,insA9,[crl]		insB9,insA9,crl				[b4710]–[b0240]	b4710,b4709,b0240			large_deletion		482	1			257908	258683	257908	1	2	776-bp			U00096	776			-1	output			DEL
N	192	S		AAC	192	2		AGC		6.80575371e-02	yagL	575	resolvase-like catalytic domain-containing protein YagL	<		yagL			b0278		b0278		snp_nonsynonymous		35	1	T		293344	293344	293344	480	1	C			U00096		nonsynonymous		-1	output	11		SNP
									9	8.04621849e-01	yagN	coding (292-300/441 nt)	protein YagN	<	yagN				b0280	b0280			mobile_element_insertion		766	2			295280	295288	295280	186	2	GGCACTTTT	IS1	768	U00096			1	-1	output			MOB
										1.22197151e-01	sbmA	coding (947/1221 nt)	peptide antibiotic/peptide nucleic acid transporter	>	sbmA				b0377	b0377			small_indel		60	1			397585	397585	397585	429	1	A			U00096	1			-1	output			DEL
A	141	V		GCC	141	2		GTC		1.21617794e-01	sucA	422	subunit of E1(0) component of 2-oxoglutarate dehydrogenase	>		sucA			b0726		b0726		snp_nonsynonymous		70	1	C		759127	759127	759127	503	1	T			U00096		nonsynonymous		-1	output	11		SNP
I	54	L		ATT	54	1		CTT		1	ybhJ	160	putative hydratase YbhJ	>		ybhJ			b0771		b0771		snp_nonsynonymous		506	1	A		803662	803662	803662	1	1	C			U00096		nonsynonymous		-1	output	11		SNP
V	17	A		GTG	17	2		GCG		3.50301266e-01	glnH	50	L-glutamine ABC transporter periplasmic binding protein	<		glnH			b0811		b0811		snp_nonsynonymous		152	1	A		847955	847955	847955	294	1	G			U00096		nonsynonymous		-1	output	11		SNP
										6.93483353e-02	serS/dmsA	intergenic (+57/-182)	serine--tRNA ligase/dimethyl sulfoxide reductase subunit A	>/>			dmsA		b0893/b0894			b0894	snp_intergenic		42	1	T		940777	940777	940777	484	1	G			U00096		intergenic		-1	output			SNP
H	366	H		CAT	366	3		CAC		1	icd	1098	isocitrate dehydrogenase	>		icd			b1136		b1136		snp_synonymous		347	1	T		1196220	1196220	1196220	1	1	C			U00096		synonymous		-1	output	11		SNP
T	370	T		ACT	370	3		ACC		1	icd	1110	isocitrate dehydrogenase	>		icd			b1136		b1136		snp_synonymous		289	1	T		1196232	1196232	1196232	0	1	C			U00096		synonymous		-1	output	11		SNP
										7.71288872e-02	slyB/slyA	intergenic (+10/+37)	outer membrane lipoprotein SlyB/DNA-binding transcriptional dual regulator SlyA	>/<			slyA		b1641/b1642			b1642	snp_intergenic		27	1	T		1720353	1720353	1720353	282	1	C			U00096		intergenic		-1	output			SNP
D	25	G		GAT	25	2		GGT		1	mntP	74	Mn(2(+)) exporter	>		mntP			b1821		b1821		snp_nonsynonymous		469	1	A		1905761	1905761	1905761	0	1	G			U00096		nonsynonymous		-1	output	11		SNP
										1	insB5–insA5		insB5,insA5		insB5,insA5				[b1893]–[b1894]	b1893,b1894			large_deletion		434	1			1978503	1979278	1978503	0	2	776-bp			U00096	776			-1	output			DEL
										1	gatD/gatB	intergenic (-490/+918)	galactitol-1-phosphate 5-dehydrogenase/galactitol-specific PTS enzyme IIB component	</<					b2091/b2093				small_indel		946	2			2173363	2173364	2173363	4	2	CC			U00096	2			-1	output			DEL
L	83	S		TTG	83	2		TCG		1	gyrA	248	DNA gyrase subunit A	<		gyrA			b2231		b2231		snp_nonsynonymous		517	1	A		2339173	2339173	2339173	0	1	G			U00096		nonsynonymous		-1	output	11		SNP
										6.54683113e-02	ssrA	noncoding (332/363 nt)	tmRNA	>		ssrA			b2621		b2621		snp_noncoding		34	1	T		2755924	2755924	2755924	448	1	G			U00096		noncoding		-1	output			SNP
P	190	T		CCT	190	1		ACT		5.67049980e-02	ygfB	568	PF03695 family protein YgfB	<		ygfB			b2909		b2909		snp_nonsynonymous		30	1	G		3054877	3054877	3054877	468	1	T			U00096		nonsynonymous		-1	output	11		SNP
										5.17334938e-02	yhaC/rnpB	intergenic (+354/+260)	uncharacterized protein YhaC/RNase P catalytic RNA component	>/<			rnpB		b3121/b3123			b3123	snp_intergenic		23	1	C		3269956	3269956	3269956	318	1	T			U00096		intergenic		-1	output			SNP
										8.13536644e-02	yhaC/rnpB	intergenic (+454/+160)	uncharacterized protein YhaC/RNase P catalytic RNA component	>/<			rnpB		b3121/b3123			b3123	snp_intergenic		29	1	T		3270056	3270056	3270056	298	1	G			U00096		intergenic		-1	output			SNP
M	61	I		ATG	61	3		ATT		8.16521645e-02	fusA	183	elongation factor G	<		fusA			b3340		b3340		snp_nonsynonymous		58	1	C		3473332	3473332	3473332	646	1	A			U00096		nonsynonymous		-1	output	11		SNP
										1	rtcR/glpG	intergenic (+589/+167)	DNA-binding transcriptional activator RtcR/rhomboid protease GlpG	>/<			glpG	1	b3422/b3424			b3424	small_indel		685	1	G		3560455	3560455	3560455	0	1	C			U00096				-1	output			INS
										1	glvC	coding (1042/1107 nt)	putative PTS enzyme II component GlvC	<		glvC			b3683		b3683		small_indel		574	1			3862562	3862562	3862562	0	1	A			U00096	1			-1	output			DEL
Q	185	L		CAG	185	2		CTG		1	trkH	554	K(+) transporter TrkH	>		trkH			b3849		b3849		snp_nonsynonymous		722	1	A		4033698	4033698	4033698	0	1	T			U00096		nonsynonymous		-1	output	11		SNP
										1.80413447e-01	cpxA	coding (42-47/1374 nt)	sensor histidine kinase CpxA	<	cpxA				b3911	b3911			small_indel		112	1			4104929	4104934	4104929	1033	2	GTCAGC			U00096	6			-1	output			DEL
E	52	V		GAG	52	2		GTG		6.75244331e-01	glpF	155	glycerol facilitator	<		glpF			b3927		b3927		snp_nonsynonymous		432	1	T		4117936	4117936	4117936	208	1	A			U00096		nonsynonymous		-1	output	11		SNP
S	476	Y		TCC	476	2		TAC		8.77566338e-02	aceK	1427	isocitrate dehydrogenase kinase/phosphatase	>		aceK			b4016		b4016		snp_nonsynonymous		78	1	C		4220022	4220022	4220022	481	1	A			U00096		nonsynonymous		-1	output	11		SNP
T	482	M		ACG	482	2		ATG		6.42223358e-02	aceK	1445	isocitrate dehydrogenase kinase/phosphatase	>		aceK			b4016		b4016		snp_nonsynonymous		45	1	C		4220040	4220040	4220040	514	1	T			U00096		nonsynonymous		-1	output	11		SNP
										1.75597191e-01	gltP/yjcO	intergenic (+266/+376)	glutamate/aspartate : H(+) symporter GltP/Sel1 repeat-containing protein YjcO	>/<			yjcO		b4077/b4078			b4078	snp_intergenic		110	1	T		4296060	4296060	4296060	512	1	C			U00096		intergenic		-1	output			SNP
										1	gltP/yjcO	intergenic (+586/+56)	glutamate/aspartate : H(+) symporter GltP/Sel1 repeat-containing protein YjcO	>/<			yjcO	1	b4077/b4078			b4078	small_indel		899	2	CG		4296380	4296380	4296380	4	2	A			U00096				-1	output			INS
A	252	A		GCA	252	3		GCC		1	rsgA	756	ribosome small subunit-dependent GTPase A	<		rsgA			b4161		b4161		snp_synonymous		644	1	T		4390754	4390754	4390754	0	1	G			U00096		synonymous		-1	output	11		SNP
										9.81006622e-02	ppa/ytfQ	intergenic (-218/-92)	inorganic pyrophosphatase/galactofuranose ABC transporter periplasmic binding protein	</>					b4226/b4227				snp_intergenic		72	1	T		4449870	4449870	4449870	660	1	G			U00096		intergenic		-1	output			SNP
