Culture,day,after,before,survival_percent,antibiotic
1,1,55000.0,400000000.0,0.01375,Amikacin
1,2,35000.0,350000000.0,0.01,Amikacin
1,3,280000.0,550000000.0,0.05090909090909091,Amikacin
1,4,165000000.0,300000000.0,55.0,Amikacin
1,5,204999999.99999997,300000000.0,68.33333333333331,Amikacin
1,6,500000000.0,400000000.0,125.0,Amikacin
1,7,600000000.0,350000000.0,171.42857142857142,Amikacin
1,8,29999999.999999996,350000000.0,8.57142857142857,Amikacin
1,9,300000000.0,300000000.0,100.0,Amikacin
1,10,650000000.0,200000000.0,325.0,Amikacin
1,11,350000000.0,270000000.0,129.62962962962962,Amikacin
1,12,150000000.0,75000000.0,200.0,Amikacin
1,13,40000000.0,550000000.0,7.2727272727272725,Amikacin
1,14,44999999.99999999,24999999.999999996,180.0,Amikacin
2,1,10000.0,400000000.0,0.0025,Amikacin
2,2,899999.9999999999,200000000.0,0.4499999999999999,Amikacin
2,3,55000.0,350000000.0,0.015714285714285715,Amikacin
2,4,4499999.999999999,300000000.0,1.4999999999999996,Amikacin
2,5,114999999.99999999,200000000.0,57.49999999999999,Amikacin
2,6,124999999.99999999,250000000.0,49.99999999999999,Amikacin
2,7,29999999.999999996,200000000.0,14.999999999999998,Amikacin
2,8,350000000.0,450000000.0,77.77777777777777,Amikacin
2,9,75000000.0,160000000.0,46.875,Amikacin
2,10,650000000.0,200000000.0,325.0,Amikacin
2,11,300000000.0,300000000.0,100.0,Amikacin
2,12,4500000000.0,194999999.99999997,2307.692307692308,Amikacin
2,13,124999999.99999999,150000000.0,83.33333333333331,Amikacin
2,14,200000000.0,64999999.99999999,307.69230769230774,Amikacin
3,1,55000.0,150000000.0,0.03666666666666667,Amikacin
3,2,4499999.999999999,400000000.0,1.1249999999999998,Amikacin
3,3,90000.0,750000000.0,0.012,Amikacin
3,4,1300000.0,300000000.0,0.43333333333333335,Amikacin
3,5,350000000.0,285000000.0,122.80701754385964,Amikacin
3,6,70000000.0,44999999.99999999,155.55555555555557,Amikacin
3,7,59999999.99999999,500000000.0,11.999999999999998,Amikacin
3,8,194999999.99999997,150000000.0,129.99999999999997,Amikacin
3,9,1150000000.0,450000000.0,255.55555555555554,Amikacin
3,10,950000000.0,350000000.0,271.42857142857144,Amikacin
3,11,1550000000.0,200000000.0,775.0,Amikacin
3,12,500000000.0,300000000.0,166.66666666666666,Amikacin
3,13,400000000.0,250000000.0,160.0,Amikacin
3,14,400000000.0,350000000.0,114.28571428571429,Amikacin
4,1,30000.0,204999999.99999997,0.014634146341463417,Amikacin
4,2,499999.99999999994,400000000.0,0.12499999999999999,Amikacin
4,3,110000.0,450000000.0,0.024444444444444446,Amikacin
4,4,4499999.999999999,150000000.0,2.999999999999999,Amikacin
4,5,23999999.999999996,259999999.99999997,9.23076923076923,Amikacin
4,6,400000000.0,450000000.0,88.88888888888889,Amikacin
4,7,300000000.0,300000000.0,100.0,Amikacin
4,8,94999999.99999999,950000000.0,9.999999999999998,Amikacin
4,9,600000000.0,800000000.0,75.0,Amikacin
4,10,250000000.0,150000000.0,166.66666666666666,Amikacin
4,11,650000000.0,350000000.0,185.71428571428572,Amikacin
4,12,300000000.0,129999999.99999999,230.7692307692308,Amikacin
4,13,400000000.0,250000000.0,160.0,Amikacin
4,14,70000000.0,250000000.0,28.0,Amikacin
5,1,399999.99999999994,109999999.99999999,0.3636363636363636,Amikacin
5,2,25000.0,350000000.0,0.007142857142857143,Amikacin
5,3,130000.0,450000000.0,0.028888888888888888,Amikacin
5,4,650000.0,200000000.0,0.325,Amikacin
5,5,89999999.99999999,250000000.0,35.99999999999999,Amikacin
5,6,450000000.0,200000000.0,225.0,Amikacin
5,7,160000000.0,350000000.0,45.714285714285715,Amikacin
5,8,135000000.0,300000000.0,45.0,Amikacin
5,9,600000000.0,400000000.0,150.0,Amikacin
5,10,500000000.0,310000000.0,161.29032258064515,Amikacin
5,11,350000000.0,350000000.0,100.0,Amikacin
5,12,200000000.0,550000000.0,36.36363636363637,Amikacin
5,13,109999999.99999999,250000000.0,43.99999999999999,Amikacin
5,14,29999999.999999996,70000000.0,42.85714285714285,Amikacin
6,1,40000.0,350000000.0,0.011428571428571429,Amikacin
6,2,55000.0,454999999.99999994,0.01208791208791209,Amikacin
6,3,75000.0,450000000.0,0.016666666666666666,Amikacin
6,4,2600000.0,200000000.0,1.3,Amikacin
6,5,119999999.99999999,100000000.0,119.99999999999999,Amikacin
6,6,14499999.999999998,200000000.0,7.249999999999999,Amikacin
6,7,64999999.99999999,200000000.0,32.49999999999999,Amikacin
6,8,129999999.99999999,300000000.0,43.33333333333333,Amikacin
6,9,950000000.0,300000000.0,316.6666666666667,Amikacin
6,10,700000000.0,450000000.0,155.55555555555554,Amikacin
6,11,1050000000.0,450000000.0,233.33333333333334,Amikacin
6,12,1100000000.0,700000000.0,157.14285714285714,Amikacin
6,13,550000000.0,384999999.99999994,142.8571428571429,Amikacin
6,14,750000000.0,550000000.0,136.36363636363637,Amikacin
7,1,80000.0,100000000.0,0.08,Amikacin
7,2,15500.0,300000000.0,0.005166666666666667,Amikacin
7,3,1150000.0,200000000.0,0.575,Amikacin
7,4,70000000.0,350000000.0,20.0,Amikacin
7,5,450000000.0,350000000.0,128.57142857142858,Amikacin
7,6,379999999.99999994,450000000.0,84.44444444444443,Amikacin
7,7,400000000.0,49999999.99999999,800.0000000000001,Amikacin
7,8,59999999.99999999,200000000.0,29.999999999999996,Amikacin
7,9,150000000.0,450000000.0,33.333333333333336,Amikacin
7,10,450000000.0,250000000.0,180.0,Amikacin
7,11,200000000.0,300000000.0,66.66666666666667,Amikacin
7,12,94999999.99999999,200000000.0,47.49999999999999,Amikacin
7,13,140000000.0,114999999.99999999,121.73913043478262,Amikacin
7,14,119999999.99999999,40000000.0,299.99999999999994,Amikacin
8,1,45000.0,300000000.0,0.015,Amikacin
8,2,110000.0,450000000.0,0.024444444444444446,Amikacin
8,3,300000.0,350000000.0,0.08571428571428572,Amikacin
8,4,20000000.0,315000000.0,6.349206349206349,Amikacin
8,5,250000000.0,200000000.0,125.0,Amikacin
8,6,254999999.99999997,119999999.99999999,212.5,Amikacin
8,7,24999999.999999996,135000000.0,18.518518518518515,Amikacin
8,8,114999999.99999999,200000000.0,57.49999999999999,Amikacin
8,9,150000000.0,250000000.0,60.0,Amikacin
8,10,250000000.0,165000000.0,151.5151515151515,Amikacin
8,11,100000000.0,150000000.0,66.66666666666667,Amikacin
8,12,15499999.999999998,35000000.0,44.28571428571428,Amikacin
8,13,20000000.0,20000000.0,100.0,Amikacin
8,14,40000000.0,11499999.999999998,347.8260869565218,Amikacin
9,1,65000.0,200000000.0,0.0325,Amikacin
9,2,70000.0,300000000.0,0.023333333333333334,Amikacin
9,3,35000.0,400000000.0,0.00875,Amikacin
9,4,6999999.999999999,150000000.0,4.666666666666666,Amikacin
9,5,450000000.0,450000000.0,100.0,Amikacin
9,6,250000000.0,400000000.0,62.5,Amikacin
9,7,100000000.0,350000000.0,28.571428571428573,Amikacin
9,8,219999999.99999997,250000000.0,87.99999999999999,Amikacin
9,9,500000000.0,250000000.0,200.0,Amikacin
9,10,750000000.0,450000000.0,166.66666666666666,Amikacin
9,11,400000000.0,350000000.0,114.28571428571429,Amikacin
9,12,250000000.0,350000000.0,71.42857142857143,Amikacin
9,13,80000000.0,100000000.0,80.0,Amikacin
9,14,500000000.0,400000000.0,125.0,Amikacin
10,1,30000.0,300000000.0,0.01,Amikacin
10,2,140000.0,400000000.0,0.035,Amikacin
10,3,849999.9999999999,209999999.99999997,0.40476190476190477,Amikacin
10,4,20000000.0,550000000.0,3.6363636363636362,Amikacin
10,5,150000000.0,209999999.99999997,71.42857142857144,Amikacin
10,6,70000000.0,250000000.0,28.0,Amikacin
10,7,250000000.0,129999999.99999999,192.30769230769232,Amikacin
10,8,119999999.99999999,350000000.0,34.28571428571428,Amikacin
10,9,349999999.99999994,200000000.0,174.99999999999997,Amikacin
10,10,250000000.0,150000000.0,166.66666666666666,Amikacin
10,11,200000000.0,250000000.0,80.0,Amikacin
10,12,350000000.0,250000000.0,140.0,Amikacin
10,13,119999999.99999999,500000000.0,23.999999999999996,Amikacin
10,14,165000000.0,300000000.0,55.0,Amikacin
1,1,60000.0,200000000.0,0.03,Levofloxacin
1,2,14000.0,184999999.99999997,0.007567567567567569,Levofloxacin
1,3,115000.0,700000000.0,0.016428571428571428,Levofloxacin
1,4,300000.0,200000000.0,0.15,Levofloxacin
1,5,8999999.999999998,350000000.0,2.5714285714285707,Levofloxacin
1,6,44999999.99999999,800000000.0,5.624999999999999,Levofloxacin
1,7,59999999.99999999,400000000.0,14.999999999999998,Levofloxacin
1,8,85000000.0,250000000.0,34.0,Levofloxacin
1,9,59999999.99999999,400000000.0,14.999999999999998,Levofloxacin
1,10,99999999.99999999,300000000.0,33.33333333333333,Levofloxacin
1,11,204999999.99999997,300000000.0,68.33333333333331,Levofloxacin
1,12,140000000.0,135000000.0,103.70370370370371,Levofloxacin
1,13,300000000.0,450000000.0,66.66666666666667,Levofloxacin
1,14,114999999.99999999,140000000.0,82.14285714285712,Levofloxacin
1,15,350000000.0,250000000.0,140.0,Levofloxacin
1,16,250000000.0,150000000.0,166.66666666666666,Levofloxacin
2,1,35000.0,300000000.0,0.011666666666666667,Levofloxacin
2,2,9000.0,174999999.99999997,0.0051428571428571435,Levofloxacin
2,3,21000.0,700000000.0,0.003,Levofloxacin
2,4,4999999.999999999,300000000.0,1.6666666666666663,Levofloxacin
2,5,2499999.9999999995,850000000.0,0.2941176470588235,Levofloxacin
2,6,24999999.999999996,350000000.0,7.1428571428571415,Levofloxacin
2,7,140000000.0,350000000.0,40.0,Levofloxacin
2,8,35000000.0,325000000.0,10.76923076923077,Levofloxacin
2,9,94999999.99999999,500000000.0,18.999999999999996,Levofloxacin
2,10,64999999.99999999,350000000.0,18.57142857142857,Levofloxacin
2,11,49999999.99999999,350000000.0,14.285714285714283,Levofloxacin
2,12,40000000.0,174999999.99999997,22.85714285714286,Levofloxacin
2,13,109999999.99999999,300000000.0,36.66666666666666,Levofloxacin
2,14,94999999.99999999,224999999.99999997,42.22222222222222,Levofloxacin
2,15,194999999.99999997,500000000.0,38.99999999999999,Levofloxacin
2,16,244999999.99999997,250000000.0,97.99999999999999,Levofloxacin
3,1,90000.0,500000000.0,0.018,Levofloxacin
3,2,11500.0,234999999.99999997,0.004893617021276596,Levofloxacin
3,3,17000.0,200000000.0,0.0085,Levofloxacin
3,4,1499999.9999999998,300000000.0,0.4999999999999999,Levofloxacin
3,5,14499999.999999998,275000000.0,5.272727272727272,Levofloxacin
3,6,30499999.999999996,1050000000.0,2.904761904761904,Levofloxacin
3,7,80000000.0,700000000.0,11.428571428571429,Levofloxacin
3,8,49999999.99999999,219999999.99999997,22.727272727272727,Levofloxacin
3,9,104999999.99999999,400000000.0,26.249999999999996,Levofloxacin
3,10,54999999.99999999,550000000.0,9.999999999999998,Levofloxacin
3,11,49999999.99999999,550000000.0,9.09090909090909,Levofloxacin
3,12,25499999.999999996,124999999.99999999,20.4,Levofloxacin
3,13,145000000.0,450000000.0,32.22222222222222,Levofloxacin
3,14,170000000.0,219999999.99999997,77.27272727272728,Levofloxacin
3,15,400000000.0,300000000.0,133.33333333333334,Levofloxacin
3,16,650000000.0,600000000.0,108.33333333333333,Levofloxacin
4,1,115000.0,400000000.0,0.02875,Levofloxacin
4,2,13000.0,174999999.99999997,0.00742857142857143,Levofloxacin
4,3,60000.0,250000000.0,0.024,Levofloxacin
4,4,2100000.0,150000000.0,1.4,Levofloxacin
4,5,22499999.999999996,270000000.0,8.333333333333332,Levofloxacin
4,6,85000000.0,1350000000.0,6.296296296296297,Levofloxacin
4,7,75000000.0,300000000.0,25.0,Levofloxacin
4,8,109999999.99999999,550000000.0,19.999999999999996,Levofloxacin
4,9,170000000.0,900000000.0,18.88888888888889,Levofloxacin
4,10,59999999.99999999,550000000.0,10.909090909090907,Levofloxacin
4,11,94999999.99999999,350000000.0,27.14285714285714,Levofloxacin
4,12,40000000.0,140000000.0,28.571428571428573,Levofloxacin
4,13,270000000.0,600000000.0,45.0,Levofloxacin
4,14,224999999.99999997,250000000.0,89.99999999999999,Levofloxacin
4,15,550000000.0,350000000.0,157.14285714285714,Levofloxacin
4,16,850000000.0,500000000.0,170.0,Levofloxacin
5,1,45000.0,369999999.99999994,0.012162162162162165,Levofloxacin
5,2,11000.0,254999999.99999997,0.004313725490196079,Levofloxacin
5,3,30000.0,350000000.0,0.008571428571428572,Levofloxacin
5,4,175000.0,300000000.0,0.058333333333333334,Levofloxacin
5,5,4499999.999999999,214999999.99999997,2.093023255813953,Levofloxacin
5,6,124999999.99999999,850000000.0,14.705882352941174,Levofloxacin
5,7,114999999.99999999,700000000.0,16.428571428571427,Levofloxacin
5,8,179999999.99999997,400000000.0,44.99999999999999,Levofloxacin
5,9,280000000.0,950000000.0,29.473684210526315,Levofloxacin
5,10,85000000.0,450000000.0,18.88888888888889,Levofloxacin
5,11,109999999.99999999,700000000.0,15.714285714285712,Levofloxacin
5,12,35000000.0,209999999.99999997,16.666666666666668,Levofloxacin
5,13,99999999.99999999,800000000.0,12.499999999999998,Levofloxacin
5,14,40000000.0,275000000.0,14.545454545454545,Levofloxacin
5,15,160000000.0,500000000.0,32.0,Levofloxacin
5,16,219999999.99999997,500000000.0,43.99999999999999,Levofloxacin
6,1,140000.0,194999999.99999997,0.0717948717948718,Levofloxacin
6,2,20000.0,254999999.99999997,0.007843137254901962,Levofloxacin
6,3,40000.0,250000000.0,0.016,Levofloxacin
6,4,8499999.999999998,150000000.0,5.666666666666665,Levofloxacin
6,5,21499999.999999996,174999999.99999997,12.285714285714285,Levofloxacin
6,6,28499999.999999996,364999999.99999994,7.808219178082192,Levofloxacin
6,7,54999999.99999999,250000000.0,21.999999999999996,Levofloxacin
6,8,44999999.99999999,400000000.0,11.249999999999998,Levofloxacin
6,9,99999999.99999999,850000000.0,11.764705882352938,Levofloxacin
6,10,38499999.99999999,300000000.0,12.83333333333333,Levofloxacin
6,11,59999999.99999999,349999999.99999994,17.142857142857142,Levofloxacin
6,12,109999999.99999999,184999999.99999997,59.45945945945946,Levofloxacin
6,13,254999999.99999997,250000000.0,101.99999999999999,Levofloxacin
6,14,140000000.0,109999999.99999999,127.2727272727273,Levofloxacin
6,15,254999999.99999997,229999999.99999997,110.8695652173913,Levofloxacin
6,16,204999999.99999997,150000000.0,136.66666666666663,Levofloxacin
7,1,140000.0,219999999.99999997,0.06363636363636364,Levofloxacin
7,2,11500.0,204999999.99999997,0.005609756097560976,Levofloxacin
7,3,155000.0,350000000.0,0.04428571428571428,Levofloxacin
7,4,849999.9999999999,469999999.99999994,0.18085106382978722,Levofloxacin
7,5,399999.99999999994,124999999.99999999,0.31999999999999995,Levofloxacin
7,6,29999999.999999996,1100000000.0,2.7272727272727266,Levofloxacin
7,7,75000000.0,600000000.0,12.5,Levofloxacin
7,8,400000000.0,550000000.0,72.72727272727273,Levofloxacin
7,9,850000000.0,1200000000.0,70.83333333333333,Levofloxacin
7,10,254999999.99999997,1200000000.0,21.249999999999996,Levofloxacin
7,11,75000000.0,450000000.0,16.666666666666668,Levofloxacin
7,12,64999999.99999999,450000000.0,14.444444444444443,Levofloxacin
7,13,89999999.99999999,1250000000.0,7.199999999999998,Levofloxacin
7,14,15999999.999999998,340000000.0,4.705882352941176,Levofloxacin
7,15,150000000.0,900000000.0,16.666666666666668,Levofloxacin
7,16,85000000.0,950000000.0,8.947368421052632,Levofloxacin
8,1,12000.0,310000000.0,0.003870967741935484,Levofloxacin
8,2,11500.0,209999999.99999997,0.005476190476190477,Levofloxacin
8,3,14500.0,270000000.0,0.00537037037037037,Levofloxacin
8,4,1150000.0,250000000.0,0.46,Levofloxacin
8,5,1400000.0,204999999.99999997,0.6829268292682927,Levofloxacin
8,6,104999999.99999999,1100000000.0,9.545454545454543,Levofloxacin
8,7,40000000.0,500000000.0,8.0,Levofloxacin
8,8,89999999.99999999,600000000.0,14.999999999999996,Levofloxacin
8,9,179999999.99999997,950000000.0,18.947368421052627,Levofloxacin
8,10,54999999.99999999,500000000.0,10.999999999999998,Levofloxacin
8,11,70000000.0,500000000.0,14.0,Levofloxacin
8,12,10499999.999999998,150000000.0,6.999999999999998,Levofloxacin
8,13,229999999.99999997,700000000.0,32.857142857142854,Levofloxacin
8,14,145000000.0,285000000.0,50.87719298245614,Levofloxacin
8,15,350000000.0,450000000.0,77.77777777777777,Levofloxacin
8,16,750000000.0,900000000.0,83.33333333333333,Levofloxacin
9,1,45000.0,200000000.0,0.0225,Levofloxacin
9,2,60000.0,204999999.99999997,0.029268292682926834,Levofloxacin
9,3,8000.0,400000000.0,0.002,Levofloxacin
9,4,949999.9999999999,700000000.0,0.1357142857142857,Levofloxacin
9,5,11499999.999999998,145000000.0,7.931034482758619,Levofloxacin
9,6,80000000.0,550000000.0,14.545454545454545,Levofloxacin
9,7,44999999.99999999,369999999.99999994,12.162162162162161,Levofloxacin
9,8,85000000.0,250000000.0,34.0,Levofloxacin
9,9,54999999.99999999,400000000.0,13.749999999999998,Levofloxacin
9,10,80000000.0,250000000.0,32.0,Levofloxacin
9,11,80000000.0,250000000.0,32.0,Levofloxacin
9,12,94999999.99999999,165000000.0,57.575757575757564,Levofloxacin
9,13,204999999.99999997,400000000.0,51.24999999999999,Levofloxacin
9,14,174999999.99999997,254999999.99999997,68.62745098039215,Levofloxacin
9,15,500000000.0,300000000.0,166.66666666666666,Levofloxacin
9,16,290000000.0,500000000.0,58.0,Levofloxacin
10,1,110000.0,400000000.0,0.0275,Levofloxacin
10,2,10500.0,155000000.0,0.0067741935483870966,Levofloxacin
10,3,12500.0,2000000000.0,0.000625,Levofloxacin
10,4,1499999.9999999998,200000000.0,0.7499999999999999,Levofloxacin
10,5,22499999.999999996,170000000.0,13.235294117647056,Levofloxacin
10,6,70000000.0,750000000.0,9.333333333333334,Levofloxacin
10,7,129999999.99999999,550000000.0,23.636363636363633,Levofloxacin
10,8,179999999.99999997,350000000.0,51.428571428571416,Levofloxacin
10,9,600000000.0,800000000.0,75.0,Levofloxacin
10,10,155000000.0,750000000.0,20.666666666666668,Levofloxacin
10,11,64999999.99999999,350000000.0,18.57142857142857,Levofloxacin
10,12,80000000.0,140000000.0,57.142857142857146,Levofloxacin
10,13,280000000.0,450000000.0,62.22222222222222,Levofloxacin
10,14,155000000.0,254999999.99999997,60.7843137254902,Levofloxacin
10,15,290000000.0,250000000.0,116.0,Levofloxacin
10,16,194999999.99999997,200000000.0,97.49999999999999,Levofloxacin
1,1,135000.0,204999999.99999997,0.06585365853658537,Cefepime
1,2,899999.9999999999,349999999.99999994,0.2571428571428571,Cefepime
1,3,12500.0,209999999.99999997,0.005952380952380953,Cefepime
1,4,1849999.9999999998,254999999.99999997,0.7254901960784313,Cefepime
1,5,949999.9999999999,310000000.0,0.30645161290322576,Cefepime
1,6,35000.0,264999999.99999997,0.013207547169811323,Cefepime
1,7,21499999.999999996,244999999.99999997,8.775510204081632,Cefepime
1,8,160000.0,224999999.99999997,0.07111111111111112,Cefepime
1,9,1300000.0,204999999.99999997,0.6341463414634148,Cefepime
1,10,5499999.999999999,224999999.99999997,2.444444444444444,Cefepime
1,11,2350000.0,199999999.99999997,1.1750000000000003,Cefepime
1,12,600000.0,214999999.99999997,0.2790697674418605,Cefepime
1,13,3099999.9999999995,204999999.99999997,1.5121951219512195,Cefepime
1,14,3499999.9999999995,214999999.99999997,1.627906976744186,Cefepime
1,15,3399999.9999999995,204999999.99999997,1.6585365853658536,Cefepime
1,16,6999999.999999999,750000000.0,0.9333333333333331,Cefepime
1,17,11499999.999999998,244999999.99999997,4.693877551020408,Cefepime
1,18,1999999.9999999998,224999999.99999997,0.8888888888888888,Cefepime
1,19,4999999.999999999,174999999.99999997,2.8571428571428568,Cefepime
1,20,1400000.0,160000000.0,0.875,Cefepime
2,1,650000.0,199999999.99999997,0.32500000000000007,Cefepime
2,2,105000.0,275000000.0,0.038181818181818185,Cefepime
2,3,11000.0,229999999.99999997,0.004782608695652175,Cefepime
2,4,1250000.0,174999999.99999997,0.7142857142857144,Cefepime
2,5,1150000.0,325000000.0,0.35384615384615387,Cefepime
2,6,849999.9999999999,270000000.0,0.31481481481481477,Cefepime
2,7,1649999.9999999998,155000000.0,1.0645161290322578,Cefepime
2,8,15999999.999999998,150000000.0,10.666666666666664,Cefepime
2,9,25000.0,174999999.99999997,0.014285714285714289,Cefepime
2,10,10499999.999999998,179999999.99999997,5.833333333333333,Cefepime
2,11,2200000.0,229999999.99999997,0.9565217391304349,Cefepime
2,12,20499999.999999996,174999999.99999997,11.714285714285714,Cefepime
2,13,109999999.99999999,165000000.0,66.66666666666666,Cefepime
2,14,64999999.99999999,170000000.0,38.23529411764705,Cefepime
2,15,85000000.0,109999999.99999999,77.27272727272728,Cefepime
2,16,99999999.99999999,174999999.99999997,57.14285714285714,Cefepime
2,17,109999999.99999999,124999999.99999999,88.0,Cefepime
2,18,89999999.99999999,179999999.99999997,50.0,Cefepime
2,19,70000000.0,160000000.0,43.75,Cefepime
2,20,104999999.99999999,160000000.0,65.62499999999999,Cefepime
3,1,749999.9999999999,285000000.0,0.26315789473684204,Cefepime
3,2,250000.0,285000000.0,0.08771929824561403,Cefepime
3,3,170000.0,209999999.99999997,0.08095238095238097,Cefepime
3,4,999999.9999999999,224999999.99999997,0.4444444444444444,Cefepime
3,5,2700000.0,315000000.0,0.8571428571428571,Cefepime
3,6,125000.0,229999999.99999997,0.05434782608695653,Cefepime
3,7,125000.0,229999999.99999997,0.05434782608695653,Cefepime
3,8,255000.0,204999999.99999997,0.12439024390243904,Cefepime
3,9,1999999.9999999998,254999999.99999997,0.7843137254901961,Cefepime
3,10,2400000.0,239999999.99999997,1.0000000000000002,Cefepime
3,11,3449999.9999999995,199999999.99999997,1.7249999999999999,Cefepime
3,12,1649999.9999999998,325000000.0,0.5076923076923076,Cefepime
3,13,2750000.0,280000000.0,0.9821428571428571,Cefepime
3,14,5999999.999999999,80000000.0,7.499999999999998,Cefepime
3,15,10999999.999999998,160000000.0,6.874999999999998,Cefepime
3,16,15499999.999999998,1100000000.0,1.409090909090909,Cefepime
3,17,22499999.999999996,204999999.99999997,10.97560975609756,Cefepime
3,18,6999999.999999999,184999999.99999997,3.7837837837837838,Cefepime
3,19,40000000.0,199999999.99999997,20.000000000000004,Cefepime
3,20,12499999.999999998,209999999.99999997,5.952380952380952,Cefepime
4,1,150000.0,259999999.99999997,0.057692307692307696,Cefepime
4,2,1100000.0,99999999.99999999,1.1,Cefepime
4,3,75000.0,184999999.99999997,0.04054054054054055,Cefepime
4,4,21500.0,275000000.0,0.007818181818181818,Cefepime
4,5,1649999.9999999998,344999999.99999994,0.4782608695652174,Cefepime
4,6,11499999.999999998,204999999.99999997,5.609756097560975,Cefepime
4,7,899999.9999999999,155000000.0,0.5806451612903225,Cefepime
4,8,14499999.999999998,160000000.0,9.062499999999998,Cefepime
4,9,1449999.9999999998,174999999.99999997,0.8285714285714285,Cefepime
4,10,1050000.0,189999999.99999997,0.5526315789473685,Cefepime
4,11,1499999.9999999998,135000000.0,1.111111111111111,Cefepime
4,12,2250000.0,174999999.99999997,1.285714285714286,Cefepime
4,13,41999999.99999999,264999999.99999997,15.849056603773583,Cefepime
4,14,1599999.9999999998,64999999.99999999,2.4615384615384612,Cefepime
4,15,9499999.999999998,135000000.0,7.037037037037035,Cefepime
4,16,8499999.999999998,500000000.0,1.6999999999999995,Cefepime
4,17,8499999.999999998,94999999.99999999,8.94736842105263,Cefepime
4,18,23500.0,155000000.0,0.015161290322580645,Cefepime
4,19,64999999.99999999,170000000.0,38.23529411764705,Cefepime
4,20,20499999.999999996,234999999.99999997,8.723404255319148,Cefepime
5,1,235000.0,249999999.99999997,0.09400000000000001,Cefepime
5,2,125000.0,290000000.0,0.04310344827586207,Cefepime
5,3,1400000.0,155000000.0,0.9032258064516129,Cefepime
5,4,105000.0,204999999.99999997,0.05121951219512196,Cefepime
5,5,2899999.9999999995,330000000.0,0.8787878787878786,Cefepime
5,6,230000.0,244999999.99999997,0.09387755102040818,Cefepime
5,7,1300000.0,160000000.0,0.8125,Cefepime
5,8,449999.99999999994,184999999.99999997,0.24324324324324323,Cefepime
5,9,1499999.9999999998,275000000.0,0.5454545454545453,Cefepime
5,10,5499999.999999999,254999999.99999997,2.156862745098039,Cefepime
5,11,6499999.999999999,199999999.99999997,3.25,Cefepime
5,12,20999999.999999996,259999999.99999997,8.076923076923077,Cefepime
5,13,2750000.0,229999999.99999997,1.1956521739130437,Cefepime
5,14,80000000.0,170000000.0,47.05882352941177,Cefepime
5,15,99999999.99999999,165000000.0,60.606060606060595,Cefepime
5,16,99999999.99999999,170000000.0,58.823529411764696,Cefepime
5,17,170000000.0,114999999.99999999,147.82608695652175,Cefepime
5,18,75000000.0,160000000.0,46.875,Cefepime
5,19,99999999.99999999,189999999.99999997,52.63157894736842,Cefepime
5,20,165000000.0,214999999.99999997,76.74418604651164,Cefepime
6,1,999999.9999999999,170000000.0,0.588235294117647,Cefepime
6,2,1300000.0,229999999.99999997,0.5652173913043479,Cefepime
6,3,19500.0,254999999.99999997,0.007647058823529413,Cefepime
6,4,80000.0,224999999.99999997,0.03555555555555556,Cefepime
6,5,110000.0,500000000.0,0.022,Cefepime
6,6,2700000.0,204999999.99999997,1.3170731707317076,Cefepime
6,7,65000.0,194999999.99999997,0.03333333333333334,Cefepime
6,8,14999999.999999998,199999999.99999997,7.5,Cefepime
6,9,600000.0,59999999.99999999,1.0000000000000002,Cefepime
6,10,1649999.9999999998,109999999.99999999,1.5,Cefepime
6,11,1649999.9999999998,150000000.0,1.0999999999999999,Cefepime
6,12,2550000.0,165000000.0,1.5454545454545454,Cefepime
6,13,1949999.9999999998,239999999.99999997,0.8125,Cefepime
6,14,1250000.0,64999999.99999999,1.9230769230769234,Cefepime
6,15,17000.0,99999999.99999999,0.017,Cefepime
6,16,49999999.99999999,850000000.0,5.882352941176469,Cefepime
6,17,29999999.999999996,330000000.0,9.09090909090909,Cefepime
6,18,14999999.999999998,204999999.99999997,7.317073170731708,Cefepime
6,19,70000000.0,174999999.99999997,40.00000000000001,Cefepime
6,20,94999999.99999999,140000000.0,67.85714285714285,Cefepime
7,1,70000.0,209999999.99999997,0.03333333333333334,Cefepime
7,2,999999.9999999999,135000000.0,0.7407407407407406,Cefepime
7,3,199999.99999999997,275000000.0,0.07272727272727271,Cefepime
7,4,300000.0,249999999.99999997,0.12000000000000001,Cefepime
7,5,2899999.9999999995,310000000.0,0.9354838709677418,Cefepime
7,6,210000.0,155000000.0,0.13548387096774195,Cefepime
7,7,13999999.999999998,254999999.99999997,5.490196078431373,Cefepime
7,8,18499999.999999996,189999999.99999997,9.736842105263158,Cefepime
7,9,1499999.9999999998,290000000.0,0.5172413793103448,Cefepime
7,10,3099999.9999999995,280000000.0,1.107142857142857,Cefepime
7,11,3199999.9999999995,239999999.99999997,1.3333333333333333,Cefepime
7,12,2500000.0,150000000.0,1.6666666666666667,Cefepime
7,13,1749999.9999999998,234999999.99999997,0.7446808510638298,Cefepime
7,14,1100000.0,44999999.99999999,2.4444444444444446,Cefepime
7,15,2700000.0,119999999.99999999,2.2500000000000004,Cefepime
7,16,1400000.0,1500000000.0,0.09333333333333334,Cefepime
7,17,21499999.999999996,174999999.99999997,12.285714285714285,Cefepime
7,18,5499999.999999999,170000000.0,3.235294117647058,Cefepime
7,19,7999999.999999999,99999999.99999999,8.0,Cefepime
7,20,13499999.999999998,194999999.99999997,6.923076923076923,Cefepime
8,1,110000.0,214999999.99999997,0.051162790697674425,Cefepime
8,2,7500.0,155000000.0,0.004838709677419355,Cefepime
8,3,899999.9999999999,64999999.99999999,1.3846153846153846,Cefepime
8,4,19000.0,160000000.0,0.011875,Cefepime
8,5,24500.0,359999999.99999994,0.006805555555555557,Cefepime
8,6,2300000.0,209999999.99999997,1.0952380952380953,Cefepime
8,7,2500000.0,249999999.99999997,1.0000000000000002,Cefepime
8,8,5499999.999999999,199999999.99999997,2.75,Cefepime
8,9,8499999.999999998,80000000.0,10.624999999999996,Cefepime
8,10,24999999.999999996,174999999.99999997,14.285714285714285,Cefepime
8,11,9499999.999999998,300000000.0,3.166666666666666,Cefepime
8,12,40000000.0,184999999.99999997,21.621621621621625,Cefepime
8,13,145000000.0,135000000.0,107.4074074074074,Cefepime
8,14,14999999.999999998,200000000.0,7.499999999999999,Cefepime
8,15,550000.0,40000000.0,1.375,Cefepime
8,16,75000000.0,290000000.0,25.862068965517242,Cefepime
8,17,174999999.99999997,209999999.99999997,83.33333333333333,Cefepime
8,18,40000000.0,259999999.99999997,15.384615384615387,Cefepime
8,19,8499999.999999998,11999999.999999998,70.83333333333333,Cefepime
8,20,23499999.999999996,209999999.99999997,11.19047619047619,Cefepime
9,1,305000.0,194999999.99999997,0.15641025641025644,Cefepime
9,2,4500.0,85000000.0,0.005294117647058823,Cefepime
9,3,2150000.0,285000000.0,0.7543859649122807,Cefepime
9,4,33000.0,189999999.99999997,0.01736842105263158,Cefepime
9,5,39000.0,310000000.0,0.012580645161290323,Cefepime
9,6,80000.0,209999999.99999997,0.0380952380952381,Cefepime
9,7,2500000.0,254999999.99999997,0.9803921568627452,Cefepime
9,8,18499999.999999996,179999999.99999997,10.277777777777777,Cefepime
9,9,2999999.9999999995,160000000.0,1.8749999999999996,Cefepime
9,10,2400000.0,124999999.99999999,1.9200000000000002,Cefepime
9,11,550000.0,325000000.0,0.16923076923076924,Cefepime
9,12,3399999.9999999995,234999999.99999997,1.4468085106382977,Cefepime
9,13,1999999.9999999998,214999999.99999997,0.9302325581395349,Cefepime
9,14,5499999.999999999,70000000.0,7.857142857142856,Cefepime
9,15,35000000.0,155000000.0,22.580645161290324,Cefepime
9,16,75000000.0,280000000.0,26.785714285714285,Cefepime
9,17,89999999.99999999,325000000.0,27.692307692307686,Cefepime
9,18,44999999.99999999,194999999.99999997,23.076923076923077,Cefepime
9,19,49999999.99999999,194999999.99999997,25.64102564102564,Cefepime
9,20,85000000.0,170000000.0,50.0,Cefepime
10,1,550000.0,204999999.99999997,0.2682926829268293,Cefepime
10,2,700000.0,335000000.0,0.208955223880597,Cefepime
10,3,26000.0,275000000.0,0.009454545454545455,Cefepime
10,4,399999.99999999994,229999999.99999997,0.17391304347826086,Cefepime
10,5,1649999.9999999998,400000000.0,0.4124999999999999,Cefepime
10,6,1400000.0,219999999.99999997,0.6363636363636365,Cefepime
10,7,255000.0,165000000.0,0.15454545454545454,Cefepime
10,8,1949999.9999999998,204999999.99999997,0.9512195121951219,Cefepime
10,9,8999999.999999998,124999999.99999999,7.199999999999999,Cefepime
10,10,7499999.999999999,179999999.99999997,4.166666666666667,Cefepime
10,11,5499999.999999999,140000000.0,3.928571428571428,Cefepime
10,12,15999999.999999998,204999999.99999997,7.804878048780488,Cefepime
10,13,17499999.999999996,239999999.99999997,7.291666666666665,Cefepime
10,14,104999999.99999999,135000000.0,77.77777777777776,Cefepime
10,15,189999999.99999997,165000000.0,115.15151515151513,Cefepime
10,16,119999999.99999999,174999999.99999997,68.57142857142857,Cefepime
10,17,285000000.0,170000000.0,167.64705882352942,Cefepime
10,18,64999999.99999999,160000000.0,40.62499999999999,Cefepime
10,19,104999999.99999999,145000000.0,72.41379310344826,Cefepime
10,20,80000000.0,150000000.0,53.333333333333336,Cefepime
