culture,day,post_CFU_mL,pre_CFU_mL,survival_percent
1,1,135000.0,204999999.99999997,0.06585365853658537
1,2,899999.9999999999,349999999.99999994,0.2571428571428571
1,3,12500.0,209999999.99999997,0.005952380952380953
1,4,1849999.9999999998,254999999.99999997,0.7254901960784313
1,5,949999.9999999999,310000000.0,0.30645161290322576
1,6,35000.0,264999999.99999997,0.013207547169811323
1,7,21499999.999999996,244999999.99999997,8.775510204081632
1,8,160000.0,224999999.99999997,0.07111111111111112
1,9,1300000.0,204999999.99999997,0.6341463414634148
1,10,5499999.999999999,224999999.99999997,2.444444444444444
1,11,2350000.0,199999999.99999997,1.1750000000000003
1,12,600000.0,214999999.99999997,0.2790697674418605
1,13,3099999.9999999995,204999999.99999997,1.5121951219512195
1,14,3499999.9999999995,214999999.99999997,1.627906976744186
1,15,3399999.9999999995,204999999.99999997,1.6585365853658536
1,16,6999999.999999999,750000000.0,0.9333333333333331
1,17,11499999.999999998,244999999.99999997,4.693877551020408
1,18,1999999.9999999998,224999999.99999997,0.8888888888888888
1,19,4999999.999999999,174999999.99999997,2.8571428571428568
1,20,1400000.0,160000000.0,0.875
2,1,650000.0,199999999.99999997,0.32500000000000007
2,2,105000.0,275000000.0,0.038181818181818185
2,3,11000.0,229999999.99999997,0.004782608695652175
2,4,1250000.0,174999999.99999997,0.7142857142857144
2,5,1150000.0,325000000.0,0.35384615384615387
2,6,849999.9999999999,270000000.0,0.31481481481481477
2,7,1649999.9999999998,155000000.0,1.0645161290322578
2,8,15999999.999999998,150000000.0,10.666666666666664
2,9,25000.0,174999999.99999997,0.014285714285714289
2,10,10499999.999999998,179999999.99999997,5.833333333333333
2,11,2200000.0,229999999.99999997,0.9565217391304349
2,12,20499999.999999996,174999999.99999997,11.714285714285714
2,13,109999999.99999999,165000000.0,66.66666666666666
2,14,64999999.99999999,170000000.0,38.23529411764705
2,15,85000000.0,109999999.99999999,77.27272727272728
2,16,99999999.99999999,174999999.99999997,57.14285714285714
2,17,109999999.99999999,124999999.99999999,88.0
2,18,89999999.99999999,179999999.99999997,50.0
2,19,70000000.0,160000000.0,43.75
2,20,104999999.99999999,160000000.0,65.62499999999999
3,1,749999.9999999999,285000000.0,0.26315789473684204
3,2,250000.0,285000000.0,0.08771929824561403
3,3,170000.0,209999999.99999997,0.08095238095238097
3,4,999999.9999999999,224999999.99999997,0.4444444444444444
3,5,2700000.0,315000000.0,0.8571428571428571
3,6,125000.0,229999999.99999997,0.05434782608695653
3,7,125000.0,229999999.99999997,0.05434782608695653
3,8,255000.0,204999999.99999997,0.12439024390243904
3,9,1999999.9999999998,254999999.99999997,0.7843137254901961
3,10,2400000.0,239999999.99999997,1.0000000000000002
3,11,3449999.9999999995,199999999.99999997,1.7249999999999999
3,12,1649999.9999999998,325000000.0,0.5076923076923076
3,13,2750000.0,280000000.0,0.9821428571428571
3,14,5999999.999999999,80000000.0,7.499999999999998
3,15,10999999.999999998,160000000.0,6.874999999999998
3,16,15499999.999999998,1100000000.0,1.409090909090909
3,17,22499999.999999996,204999999.99999997,10.97560975609756
3,18,6999999.999999999,184999999.99999997,3.7837837837837838
3,19,40000000.0,199999999.99999997,20.000000000000004
3,20,12499999.999999998,209999999.99999997,5.952380952380952
4,1,150000.0,259999999.99999997,0.057692307692307696
4,2,1100000.0,99999999.99999999,1.1
4,3,75000.0,184999999.99999997,0.04054054054054055
4,4,21500.0,275000000.0,0.007818181818181818
4,5,1649999.9999999998,344999999.99999994,0.4782608695652174
4,6,11499999.999999998,204999999.99999997,5.609756097560975
4,7,899999.9999999999,155000000.0,0.5806451612903225
4,8,14499999.999999998,160000000.0,9.062499999999998
4,9,1449999.9999999998,174999999.99999997,0.8285714285714285
4,10,1050000.0,189999999.99999997,0.5526315789473685
4,11,1499999.9999999998,135000000.0,1.111111111111111
4,12,2250000.0,174999999.99999997,1.285714285714286
4,13,41999999.99999999,264999999.99999997,15.849056603773583
4,14,1599999.9999999998,64999999.99999999,2.4615384615384612
4,15,9499999.999999998,135000000.0,7.037037037037035
4,16,8499999.999999998,500000000.0,1.6999999999999995
4,17,8499999.999999998,94999999.99999999,8.94736842105263
4,18,23500.0,155000000.0,0.015161290322580645
4,19,64999999.99999999,170000000.0,38.23529411764705
4,20,20499999.999999996,234999999.99999997,8.723404255319148
5,1,235000.0,249999999.99999997,0.09400000000000001
5,2,125000.0,290000000.0,0.04310344827586207
5,3,1400000.0,155000000.0,0.9032258064516129
5,4,105000.0,204999999.99999997,0.05121951219512196
5,5,2899999.9999999995,330000000.0,0.8787878787878786
5,6,230000.0,244999999.99999997,0.09387755102040818
5,7,1300000.0,160000000.0,0.8125
5,8,449999.99999999994,184999999.99999997,0.24324324324324323
5,9,1499999.9999999998,275000000.0,0.5454545454545453
5,10,5499999.999999999,254999999.99999997,2.156862745098039
5,11,6499999.999999999,199999999.99999997,3.25
5,12,20999999.999999996,259999999.99999997,8.076923076923077
5,13,2750000.0,229999999.99999997,1.1956521739130437
5,14,80000000.0,170000000.0,47.05882352941177
5,15,99999999.99999999,165000000.0,60.606060606060595
5,16,99999999.99999999,170000000.0,58.823529411764696
5,17,170000000.0,114999999.99999999,147.82608695652175
5,18,75000000.0,160000000.0,46.875
5,19,99999999.99999999,189999999.99999997,52.63157894736842
5,20,165000000.0,214999999.99999997,76.74418604651164
6,1,999999.9999999999,170000000.0,0.588235294117647
6,2,1300000.0,229999999.99999997,0.5652173913043479
6,3,19500.0,254999999.99999997,0.007647058823529413
6,4,80000.0,224999999.99999997,0.03555555555555556
6,5,110000.0,500000000.0,0.022
6,6,2700000.0,204999999.99999997,1.3170731707317076
6,7,65000.0,194999999.99999997,0.03333333333333334
6,8,14999999.999999998,199999999.99999997,7.5
6,9,600000.0,59999999.99999999,1.0000000000000002
6,10,1649999.9999999998,109999999.99999999,1.5
6,11,1649999.9999999998,150000000.0,1.0999999999999999
6,12,2550000.0,165000000.0,1.5454545454545454
6,13,1949999.9999999998,239999999.99999997,0.8125
6,14,1250000.0,64999999.99999999,1.9230769230769234
6,15,17000.0,99999999.99999999,0.017
6,16,49999999.99999999,850000000.0,5.882352941176469
6,17,29999999.999999996,330000000.0,9.09090909090909
6,18,14999999.999999998,204999999.99999997,7.317073170731708
6,19,70000000.0,174999999.99999997,40.00000000000001
6,20,94999999.99999999,140000000.0,67.85714285714285
7,1,70000.0,209999999.99999997,0.03333333333333334
7,2,999999.9999999999,135000000.0,0.7407407407407406
7,3,199999.99999999997,275000000.0,0.07272727272727271
7,4,300000.0,249999999.99999997,0.12000000000000001
7,5,2899999.9999999995,310000000.0,0.9354838709677418
7,6,210000.0,155000000.0,0.13548387096774195
7,7,13999999.999999998,254999999.99999997,5.490196078431373
7,8,18499999.999999996,189999999.99999997,9.736842105263158
7,9,1499999.9999999998,290000000.0,0.5172413793103448
7,10,3099999.9999999995,280000000.0,1.107142857142857
7,11,3199999.9999999995,239999999.99999997,1.3333333333333333
7,12,2500000.0,150000000.0,1.6666666666666667
7,13,1749999.9999999998,234999999.99999997,0.7446808510638298
7,14,1100000.0,44999999.99999999,2.4444444444444446
7,15,2700000.0,119999999.99999999,2.2500000000000004
7,16,1400000.0,1500000000.0,0.09333333333333334
7,17,21499999.999999996,174999999.99999997,12.285714285714285
7,18,5499999.999999999,170000000.0,3.235294117647058
7,19,7999999.999999999,99999999.99999999,8.0
7,20,13499999.999999998,194999999.99999997,6.923076923076923
8,1,110000.0,214999999.99999997,0.051162790697674425
8,2,7500.0,155000000.0,0.004838709677419355
8,3,899999.9999999999,64999999.99999999,1.3846153846153846
8,4,19000.0,160000000.0,0.011875
8,5,24500.0,359999999.99999994,0.006805555555555557
8,6,2300000.0,209999999.99999997,1.0952380952380953
8,7,2500000.0,249999999.99999997,1.0000000000000002
8,8,5499999.999999999,199999999.99999997,2.75
8,9,8499999.999999998,80000000.0,10.624999999999996
8,10,24999999.999999996,174999999.99999997,14.285714285714285
8,11,9499999.999999998,300000000.0,3.166666666666666
8,12,40000000.0,184999999.99999997,21.621621621621625
8,13,145000000.0,135000000.0,107.4074074074074
8,14,14999999.999999998,200000000.0,7.499999999999999
8,15,550000.0,40000000.0,1.375
8,16,75000000.0,290000000.0,25.862068965517242
8,17,174999999.99999997,209999999.99999997,83.33333333333333
8,18,40000000.0,259999999.99999997,15.384615384615387
8,19,8499999.999999998,11999999.999999998,70.83333333333333
8,20,23499999.999999996,209999999.99999997,11.19047619047619
9,1,305000.0,194999999.99999997,0.15641025641025644
9,2,4500.0,85000000.0,0.005294117647058823
9,3,2150000.0,285000000.0,0.7543859649122807
9,4,33000.0,189999999.99999997,0.01736842105263158
9,5,39000.0,310000000.0,0.012580645161290323
9,6,80000.0,209999999.99999997,0.0380952380952381
9,7,2500000.0,254999999.99999997,0.9803921568627452
9,8,18499999.999999996,179999999.99999997,10.277777777777777
9,9,2999999.9999999995,160000000.0,1.8749999999999996
9,10,2400000.0,124999999.99999999,1.9200000000000002
9,11,550000.0,325000000.0,0.16923076923076924
9,12,3399999.9999999995,234999999.99999997,1.4468085106382977
9,13,1999999.9999999998,214999999.99999997,0.9302325581395349
9,14,5499999.999999999,70000000.0,7.857142857142856
9,15,35000000.0,155000000.0,22.580645161290324
9,16,75000000.0,280000000.0,26.785714285714285
9,17,89999999.99999999,325000000.0,27.692307692307686
9,18,44999999.99999999,194999999.99999997,23.076923076923077
9,19,49999999.99999999,194999999.99999997,25.64102564102564
9,20,85000000.0,170000000.0,50.0
10,1,550000.0,204999999.99999997,0.2682926829268293
10,2,700000.0,335000000.0,0.208955223880597
10,3,26000.0,275000000.0,0.009454545454545455
10,4,399999.99999999994,229999999.99999997,0.17391304347826086
10,5,1649999.9999999998,400000000.0,0.4124999999999999
10,6,1400000.0,219999999.99999997,0.6363636363636365
10,7,255000.0,165000000.0,0.15454545454545454
10,8,1949999.9999999998,204999999.99999997,0.9512195121951219
10,9,8999999.999999998,124999999.99999999,7.199999999999999
10,10,7499999.999999999,179999999.99999997,4.166666666666667
10,11,5499999.999999999,140000000.0,3.928571428571428
10,12,15999999.999999998,204999999.99999997,7.804878048780488
10,13,17499999.999999996,239999999.99999997,7.291666666666665
10,14,104999999.99999999,135000000.0,77.77777777777776
10,15,189999999.99999997,165000000.0,115.15151515151513
10,16,119999999.99999999,174999999.99999997,68.57142857142857
10,17,285000000.0,170000000.0,167.64705882352942
10,18,64999999.99999999,160000000.0,40.62499999999999
10,19,104999999.99999999,145000000.0,72.41379310344826
10,20,80000000.0,150000000.0,53.333333333333336
