Panel,also_shown_in,value,Antibiotic,contrast_id,Group1,Group2,n1,n2,n_pairs,geomean1,geomean2,ratio,ratio_lo,ratio_hi,test,interval_method,t,df,r_pairs,p,p_other_test,other_test,other_test_ids,p_raw_scale,p_exact,exact_test,fit_range_lo,fit_range_hi,fit_range_method,fit_resamples,fit_seed,p_excl_lineages_238,ratio_excl_lineages_238,p_holm,p_bh,p_bonferroni,p_holm_figure,p_holm_excl_238,k,p_other_test_holm,p_raw_scale_holm,p_exact_holm,sensitivity_family,significant
Figure 2b-d,Supplementary Figure 2,IC50,Levofloxacin,LEV:P-vs-PA,P,PA,10,10,10.0,0.03575255946166259,0.02794866858127771,0.7817249730399588,0.671313698806267,0.910295640564127,"paired t on log10, aligned on culture",paired log-ratio t interval,-3.658464601855699,9.0,0.4307980302606153,0.005248024438671064,0.012177452766033492,Welch,,0.012280309611983758,0.00390625,sign-flip,0.6696432666172834,0.9222585599929187,culture resampling and fit perturbation; empirical 2.5-97.5 percentiles,4000.0,20260915.0,,,0.010496048877342129,0.007872036658006598,0.015744073316013192,0.031488146632026384,,3.0,0.024354905532066984,0.024560619223967517,0.0078125,same panel and antibiotic as primary,True
Figure 2b-d,Supplementary Figure 2,MIC,Levofloxacin,LEV:P-vs-PA,P,PA,10,10,10.0,0.1038117356856237,0.06902878035462906,0.6649419730700882,0.40595118804531805,1.0891650044905965,descriptive,paired log-ratio t interval,,,,,,,,,,,,,,,,,,,,,,,,,,,,
Figure 2b-d,Supplementary Figure 2,IC50,Levofloxacin,LEV:P-vs-PC,P,PC,10,10,10.0,0.03575255946166259,0.040513731410078045,1.133170100829309,0.8369529150707313,1.53422546751628,"paired t on log10, aligned on culture",paired log-ratio t interval,0.9333555470522206,9.0,-0.08006760210148534,0.37499844064422516,0.3481541915323121,Welch,,0.3238288121508308,0.392578125,sign-flip,0.8974038148658299,1.5365519599434971,culture resampling and fit perturbation; empirical 2.5-97.5 percentiles,4000.0,20260915.0,,,0.37499844064422516,0.37499844064422516,1.0,0.8312799044356901,,3.0,0.3481541915323121,0.3238288121508308,0.392578125,same panel and antibiotic as primary,False
Figure 2b-d,Supplementary Figure 2,MIC,Levofloxacin,LEV:P-vs-PC,P,PC,10,10,10.0,0.1038117356856237,0.11402095108701452,1.0983435575367673,0.7217155970322835,1.671515172102564,descriptive,paired log-ratio t interval,,,,,,,,,,,,,,,,,,,,,,,,,,,,
Figure 2b-d,Supplementary Figure 2,IC50,Levofloxacin,LEV:P-vs-PL,P,PL,10,10,10.0,0.03575255946166259,1.2912166708199548,36.11536321489162,26.0505261501357,50.068833643759355,"paired t on log10, aligned on culture",paired log-ratio t interval,24.836877349989017,9.0,-0.12207688254518315,1.3343246319576062e-09,7.222852832390853e-14,Welch,,2.3572188039516992e-05,0.001953125,sign-flip,27.365282602825943,48.896178467167395,culture resampling and fit perturbation; empirical 2.5-97.5 percentiles,4000.0,20260915.0,,,4.002973895872818e-09,4.002973895872819e-09,4.002973895872818e-09,1.2008921687618456e-08,,3.0,2.166855849717256e-13,7.071656411855098e-05,0.005859375,same panel and antibiotic as primary,True
Figure 2b-d,Supplementary Figure 2,MIC,Levofloxacin,LEV:P-vs-PL,P,PL,10,10,10.0,0.1038117356856237,9.08071560918727,87.47291960021438,46.15258257503926,165.7872915550286,descriptive,paired log-ratio t interval,,,,,,,,,,,,,,,,,,,,,,,,,,,,
Figure 2b-d,Supplementary Figure 2,IC50,Amikacin,AMI:P-vs-PA,P,PA,10,10,10.0,2.988148518197365,36.403264398687924,12.18254855038082,8.033341835902716,18.474813124357517,"paired t on log10, aligned on culture",paired log-ratio t interval,13.581533316952708,9.0,-0.7826003419075808,2.664806180982352e-07,6.638327917887869e-12,Welch,,7.764031555138175e-05,0.001953125,sign-flip,8.72118453367364,17.721758021025845,culture resampling and fit perturbation; empirical 2.5-97.5 percentiles,4000.0,20260915.0,,,7.994418542947055e-07,7.994418542947055e-07,7.994418542947055e-07,2.1318449447858815e-06,,3.0,1.9914983753663607e-11,0.00023292094665414522,0.005859375,same panel and antibiotic as primary,True
Figure 2b-d,Supplementary Figure 2,MIC,Amikacin,AMI:P-vs-PA,P,PA,10,10,10.0,42.39528381723561,246.88649187118318,5.823442365323019,2.931022752162458,11.570186876652159,descriptive,paired log-ratio t interval,,,,,,,,,,,,,,,,,,,,,,,,,,,,
Figure 2b-d,Supplementary Figure 2,IC50,Amikacin,AMI:P-vs-PC,P,PC,10,10,10.0,2.988148518197365,3.2933033253798296,1.1021217002180848,0.9112887900199498,1.3329169143680681,"paired t on log10, aligned on culture",paired log-ratio t interval,1.1569069663471767,9.0,0.43527761762612266,0.27709330147856337,0.3960646891073232,Welch,,0.28768400347051004,0.26953125,sign-flip,0.9241547887570459,1.3470816548477849,culture resampling and fit perturbation; empirical 2.5-97.5 percentiles,4000.0,20260915.0,,,0.5541866029571267,0.41563995221784505,0.8312799044356901,0.8312799044356901,,3.0,0.7921293782146464,0.5753680069410201,0.5390625,same panel and antibiotic as primary,False
Figure 2b-d,Supplementary Figure 2,MIC,Amikacin,AMI:P-vs-PC,P,PC,10,10,10.0,42.39528381723561,29.604965119153363,0.6983079827175872,0.48541376510768813,1.004573981578222,descriptive,paired log-ratio t interval,,,,,,,,,,,,,,,,,,,,,,,,,,,,
Figure 2b-d,Supplementary Figure 2,IC50,Amikacin,AMI:P-vs-PL,P,PL,10,10,10.0,2.988148518197365,2.988545611188182,1.0001328893086805,0.7437785679342419,1.344843531933235,"paired t on log10, aligned on culture",paired log-ratio t interval,0.0010150322961826929,9.0,0.08392030203010735,0.9992122642211936,0.9992346978672255,Welch,,0.8299595038294432,1.0,sign-flip,0.7774912984276311,1.3107279363133817,culture resampling and fit perturbation; empirical 2.5-97.5 percentiles,4000.0,20260915.0,,,0.9992122642211936,0.9992122642211936,1.0,0.9992122642211936,,3.0,0.9992346978672255,0.8299595038294432,1.0,same panel and antibiotic as primary,False
Figure 2b-d,Supplementary Figure 2,MIC,Amikacin,AMI:P-vs-PL,P,PL,10,10,10.0,42.39528381723561,18.464675468349583,0.4355360739640302,0.22988792523527285,0.8251484784590846,descriptive,paired log-ratio t interval,,,,,,,,,,,,,,,,,,,,,,,,,,,,
Figure 2b-d,Supplementary Figure 2,IC50,Cefepime,CEF:P-vs-PA,P,PA,10,10,10.0,0.03818599205397341,0.030167229928766772,0.7900077569315828,0.6400582843126602,0.9750865996247304,"paired t on log10, aligned on culture",paired log-ratio t interval,-2.533304014330983,9.0,-0.07596321727370649,0.032061092126329294,0.01817259175508207,Welch,,0.037107073831911676,0.041015625,sign-flip,0.6705454573480653,1.0023545629373118,culture resampling and fit perturbation; empirical 2.5-97.5 percentiles,4000.0,20260915.0,,,0.032061092126329294,0.032061092126329294,0.09618327637898788,0.12824436850531717,,3.0,0.018701099145851097,0.037107073831911676,0.041015625,same panel and antibiotic as primary,True
Figure 2b-d,Supplementary Figure 2,MIC,Cefepime,CEF:P-vs-PA,P,PA,10,10,10.0,0.1522032837085734,0.07281814767311481,0.4784269162848098,0.30073775541305503,0.7611026886578145,descriptive,paired log-ratio t interval,,,,,,,,,,,,,,,,,,,,,,,,,,,,
Figure 2b-d,Supplementary Figure 2,IC50,Cefepime,CEF:P-vs-PC,P,PC,10,10,10.0,0.03818599205397341,0.061342635849863186,1.6064172370632503,1.1335979705229573,2.276447564865913,"paired t on log10, aligned on culture",paired log-ratio t interval,3.075866046932754,9.0,-0.04426475790078895,0.013228012324359141,0.009350549572925549,Welch,,0.01446653680334499,0.01953125,sign-flip,1.1984059301846928,2.168459380522606,culture resampling and fit perturbation; empirical 2.5-97.5 percentiles,4000.0,20260915.0,,,0.026456024648718282,0.01984201848653871,0.03968403697307742,0.0661400616217957,,3.0,0.018701099145851097,0.02893307360668998,0.0390625,same panel and antibiotic as primary,True
Figure 2b-d,Supplementary Figure 2,MIC,Cefepime,CEF:P-vs-PC,P,PC,10,10,10.0,0.1522032837085734,0.19997866443826315,1.3138919185289468,0.5576272903650288,3.0958168715982572,descriptive,paired log-ratio t interval,,,,,,,,,,,,,,,,,,,,,,,,,,,,
Figure 2b-d,Supplementary Figure 2,IC50,Cefepime,CEF:P-vs-PL,P,PL,10,10,10.0,0.03818599205397341,0.07940924848136299,2.0795387054269323,1.5881223620519105,2.7230151345399727,"paired t on log10, aligned on culture",paired log-ratio t interval,6.143428642029867,9.0,-0.38543204287365035,0.00017006461770322225,4.026405702776753e-06,Welch,,0.0007005646910829917,0.001953125,sign-flip,1.6782572308025225,2.72309197963208,culture resampling and fit perturbation; empirical 2.5-97.5 percentiles,4000.0,20260915.0,,,0.0005101938531096667,0.0005101938531096668,0.0005101938531096667,0.0011904523239225557,,3.0,1.2079217108330258e-05,0.002101694073248975,0.005859375,same panel and antibiotic as primary,True
Figure 2b-d,Supplementary Figure 2,MIC,Cefepime,CEF:P-vs-PL,P,PL,10,10,10.0,0.1522032837085734,0.5541861505315706,3.6410919464305485,2.4782746970816247,5.349508098506299,descriptive,paired log-ratio t interval,,,,,,,,,,,,,,,,,,,,,,,,,,,,
Figure 3b-d,Supplementary Figure 7,IC50,Levofloxacin,LEV:P-vs-PL,P,PL,10,10,10.0,0.03575255946166259,1.2912166708199548,36.11536321489162,26.0505261501357,50.068833643759355,"paired t on log10, aligned on culture",paired log-ratio t interval,24.836877349989017,9.0,-0.12207688254518315,1.3343246319576062e-09,7.222852832390853e-14,Welch,,2.3572188039516992e-05,0.001953125,sign-flip,27.57852980218559,48.97651720471461,culture resampling and fit perturbation; empirical 2.5-97.5 percentiles,4000.0,20260915.0,9.595860419936247e-07,37.795942978697745,8.005947791745636e-09,8.005947791745638e-09,8.005947791745636e-09,2.4017843375236912e-08,4.797930209968123e-06,6.0,4.333711699434512e-13,0.00014143312823710195,0.01171875,same panel and antibiotic as primary,True
Figure 3b-d,Supplementary Figure 7,MIC,Levofloxacin,LEV:P-vs-PL,P,PL,10,10,10.0,0.1038117356856237,9.08071560918727,87.47291960021438,46.15258257503926,165.7872915550286,descriptive,paired log-ratio t interval,,,,,,,,,,,,,,,,,,,,,,,,,,,,
Figure 3b-d,Supplementary Figure 7,IC50,Levofloxacin,LEV:P-vs-PLA,P,PLA,10,10,10.0,0.03575255946166259,0.5448327788598856,15.238986720492244,10.606149099288753,21.895479131338256,"paired t on log10, aligned on culture",paired log-ratio t interval,17.001654594124,9.0,-0.02750765867962252,3.784115636445701e-08,1.7583192120229552e-10,Welch,,0.0020238126271895592,0.001953125,sign-flip,11.681352329798774,21.971246001039294,culture resampling and fit perturbation; empirical 2.5-97.5 percentiles,4000.0,20260915.0,5.65757286236705e-08,13.817327527833307,1.8920578182228506e-07,1.1352346909337105e-07,2.270469381867421e-07,5.676173454668552e-07,3.39454371742023e-07,6.0,8.791596060114776e-10,0.010119063135947796,0.01171875,same panel and antibiotic as primary,True
Figure 3b-d,Supplementary Figure 7,MIC,Levofloxacin,LEV:P-vs-PLA,P,PLA,10,10,10.0,0.1038117356856237,0.9313668061039089,8.971690916761052,5.390467827503304,14.932143272465051,descriptive,paired log-ratio t interval,,,,,,,,,,,,,,,,,,,,,,,,,,,,
Figure 3b-d,Supplementary Figure 7,IC50,Levofloxacin,LEV:P-vs-PLAC,P,PLAC,10,10,10.0,0.03575255946166259,0.6198292152346802,17.336638958654753,10.660329272512937,28.19416199063573,"paired t on log10, aligned on culture",paired log-ratio t interval,13.270876741445688,9.0,-0.07741674554635655,3.2523329577052284e-07,2.2971859655262276e-08,Welch,,0.0028733149567086703,0.001953125,sign-flip,12.082664292035185,27.536954588216258,culture resampling and fit perturbation; empirical 2.5-97.5 percentiles,4000.0,20260915.0,2.5947479323647185e-06,13.40916058920721,1.3009331830820914e-06,6.504665915410457e-07,1.951399774623137e-06,4.553266140787319e-06,1.0378991729458874e-05,6.0,9.18874386210491e-08,0.011493259826834681,0.01171875,same panel and antibiotic as primary,True
Figure 3b-d,Supplementary Figure 7,MIC,Levofloxacin,LEV:P-vs-PLAC,P,PLAC,10,10,10.0,0.1038117356856237,2.5014355555461902,24.09588414089679,11.803575323358594,49.18947154787283,descriptive,paired log-ratio t interval,,,,,,,,,,,,,,,,,,,,,,,,,,,,
Figure 3b-d,Supplementary Figure 7,IC50,Levofloxacin,LEV:PL-vs-PLA,PL,PLA,10,10,10.0,1.2912166708199548,0.5448327788598856,0.42195302397536677,0.29445484061291577,0.6046575905200006,"paired t on log10, aligned on culture",paired log-ratio t interval,-5.425513086609374,9.0,0.2535514509216373,0.0004188150462841625,0.00019398739223635948,Welch,,0.005096774314126501,0.00390625,sign-flip,0.31912877946104434,0.5769686659791191,culture resampling and fit perturbation; empirical 2.5-97.5 percentiles,4000.0,20260915.0,0.00040511466448774487,0.3655770021565786,0.0012564451388524874,0.0006282225694262438,0.0025128902777049747,0.004606965509125788,0.0012153439934632347,6.0,0.0005819621767090785,0.015290322942379503,0.01171875,same panel and antibiotic as primary,True
Figure 3b-d,Supplementary Figure 7,MIC,Levofloxacin,LEV:PL-vs-PLA,PL,PLA,10,10,10.0,9.08071560918727,0.9313668061039089,0.10256535345756375,0.05119215065254284,0.20549345155031987,descriptive,paired log-ratio t interval,,,,,,,,,,,,,,,,,,,,,,,,,,,,
Figure 3b-d,Supplementary Figure 7,IC50,Levofloxacin,LEV:PL-vs-PLAC,PL,PLAC,10,10,10.0,1.2912166708199548,0.6198292152346802,0.4800350159985722,0.29679804980447627,0.7763986883894749,"paired t on log10, aligned on culture",paired log-ratio t interval,-3.4529202489203557,9.0,0.1608108978571442,0.007241255459417303,0.006120838698632655,Welch,,0.027913837918148242,0.009765625,sign-flip,0.3223298521972866,0.7202957442877141,culture resampling and fit perturbation; empirical 2.5-97.5 percentiles,4000.0,20260915.0,0.0017029250834999213,0.3547777759312626,0.014482510918834606,0.008689506551300763,0.043447532756503815,0.04385385840083654,0.0034058501669998425,6.0,0.01224167739726531,0.055827675836296484,0.01953125,same panel and antibiotic as primary,True
Figure 3b-d,Supplementary Figure 7,MIC,Levofloxacin,LEV:PL-vs-PLAC,PL,PLAC,10,10,10.0,9.08071560918727,2.5014355555461902,0.2754667873328619,0.10093359082317523,0.7518007662724016,descriptive,paired log-ratio t interval,,,,,,,,,,,,,,,,,,,,,,,,,,,,
Figure 3b-d,Supplementary Figure 7,IC50,Levofloxacin,LEV:PLA-vs-PLAC,PLA,PLAC,10,10,10.0,0.5448327788598856,0.6198292152346802,1.1376503750962481,0.8242016427104694,1.5703055040030847,"paired t on log10, aligned on culture",paired log-ratio t interval,0.9051647372628981,9.0,0.6920004505104707,0.38896643591759306,0.6023022229387562,Welch,,0.28844843224746025,0.443359375,sign-flip,0.8815762453708713,1.5140922619493231,culture resampling and fit perturbation; empirical 2.5-97.5 percentiles,4000.0,20260915.0,0.8040331009042108,0.9704597768415132,0.38896643591759306,0.38896643591759306,1.0,1.0,0.8040331009042108,6.0,0.6023022229387562,0.28844843224746025,0.443359375,same panel and antibiotic as primary,False
Figure 3b-d,Supplementary Figure 7,MIC,Levofloxacin,LEV:PLA-vs-PLAC,PLA,PLAC,10,10,10.0,0.9313668061039089,2.5014355555461902,2.68576842029639,1.375048399091804,5.245889535397926,descriptive,paired log-ratio t interval,,,,,,,,,,,,,,,,,,,,,,,,,,,,
Figure 3b-d,Supplementary Figure 7,IC50,Amikacin,AMI:P-vs-PL,P,PL,10,10,10.0,2.988148518197365,2.988545611188182,1.0001328893086805,0.7437785679342419,1.344843531933235,"paired t on log10, aligned on culture",paired log-ratio t interval,0.0010150322961826929,9.0,0.08392030203010735,0.9992122642211936,0.9992346978672255,Welch,,0.8299595038294432,1.0,sign-flip,0.7728874831471556,1.3076003063096822,culture resampling and fit perturbation; empirical 2.5-97.5 percentiles,4000.0,20260915.0,0.8097318604116143,1.036206867334822,0.9992122642211936,0.9992122642211936,1.0,1.0,0.8097318604116143,6.0,0.9992346978672255,0.8299595038294432,1.0,same panel and antibiotic as primary,False
Figure 3b-d,Supplementary Figure 7,MIC,Amikacin,AMI:P-vs-PL,P,PL,10,10,10.0,42.39528381723561,18.464675468349583,0.4355360739640302,0.22988792523527285,0.8251484784590846,descriptive,paired log-ratio t interval,,,,,,,,,,,,,,,,,,,,,,,,,,,,
Figure 3b-d,Supplementary Figure 7,IC50,Amikacin,AMI:P-vs-PLA,P,PLA,10,10,10.0,2.988148518197365,25.181628059639174,8.427167493947147,6.625150075345227,10.719327285176837,"paired t on log10, aligned on culture",paired log-ratio t interval,20.041337771062945,9.0,0.26948649800688856,8.915664414779588e-09,2.511750226268815e-12,Welch,,4.8608544177787405e-06,0.001953125,sign-flip,6.7266475777122965,10.474344073688943,culture resampling and fit perturbation; empirical 2.5-97.5 percentiles,4000.0,20260915.0,3.981209214711485e-06,8.28467643790998,5.3493986488677525e-08,5.3493986488677525e-08,5.3493986488677525e-08,1.51566295051253e-07,2.3887255288268908e-05,6.0,1.507050135761289e-11,2.4304272088893703e-05,0.01171875,same panel and antibiotic as primary,True
Figure 3b-d,Supplementary Figure 7,MIC,Amikacin,AMI:P-vs-PLA,P,PLA,10,10,10.0,42.39528381723561,160.07504671310184,3.775774857486014,2.2725303661696077,6.273392860511292,descriptive,paired log-ratio t interval,,,,,,,,,,,,,,,,,,,,,,,,,,,,
Figure 3b-d,Supplementary Figure 7,IC50,Amikacin,AMI:P-vs-PLAC,P,PLAC,10,10,10.0,2.988148518197365,7.799428830329953,2.6101208768013477,1.579117326731452,4.314265239312912,"paired t on log10, aligned on culture",paired log-ratio t interval,4.318754296175871,9.0,-0.009452426312724372,0.0019367025756196368,0.0010660118393464534,Welch,,0.010206533799515152,0.001953125,sign-flip,1.699435613742343,4.0010254657521305,culture resampling and fit perturbation; empirical 2.5-97.5 percentiles,4000.0,20260915.0,0.030583292569336985,2.0829921320871025,0.00581010772685891,0.0029050538634294554,0.01162021545371782,0.01936702575619637,0.09174987770801096,6.0,0.0031980355180393602,0.02718406989433885,0.01171875,same panel and antibiotic as primary,True
Figure 3b-d,Supplementary Figure 7,MIC,Amikacin,AMI:P-vs-PLAC,P,PLAC,10,10,10.0,42.39528381723561,65.53414607616617,1.5457885919264343,0.6478232145337389,3.688448202106632,descriptive,paired log-ratio t interval,,,,,,,,,,,,,,,,,,,,,,,,,,,,
Figure 3b-d,Supplementary Figure 7,IC50,Amikacin,AMI:PL-vs-PLA,PL,PLA,10,10,10.0,2.988545611188182,25.181628059639174,8.42604776228511,6.470962152604986,10.971827561026368,"paired t on log10, aligned on culture",paired log-ratio t interval,18.262663948969674,9.0,0.37468607892115013,2.020589248619626e-08,3.194651769020561e-11,Welch,,3.851861819644275e-06,0.001953125,sign-flip,6.66030758026122,10.404863599641198,culture resampling and fit perturbation; empirical 2.5-97.5 percentiles,4000.0,20260915.0,9.199456532589454e-06,7.995195456693506,1.010294624309813e-07,6.061767745858879e-08,1.2123535491717757e-07,3.232942797791402e-07,4.599728266294727e-05,6.0,1.5973258845102806e-10,2.3111170917865652e-05,0.01171875,same panel and antibiotic as primary,True
Figure 3b-d,Supplementary Figure 7,MIC,Amikacin,AMI:PL-vs-PLA,PL,PLA,10,10,10.0,18.464675468349583,160.07504671310184,8.669258606114555,4.486492277445874,16.751626912969307,descriptive,paired log-ratio t interval,,,,,,,,,,,,,,,,,,,,,,,,,,,,
Figure 3b-d,Supplementary Figure 7,IC50,Amikacin,AMI:PL-vs-PLAC,PL,PLAC,10,10,10.0,2.988545611188182,7.799428830329953,2.6097740657299404,1.4862074429639465,4.5827523650221735,"paired t on log10, aligned on culture",paired log-ratio t interval,3.8541135708657825,9.0,-0.14388093292652515,0.003881827128899778,0.0011566355368905653,Welch,,0.009061356631446284,0.009765625,sign-flip,1.6342610099638437,4.077580592564979,culture resampling and fit perturbation; empirical 2.5-97.5 percentiles,4000.0,20260915.0,0.061180603085391395,2.0102087698421327,0.007763654257799556,0.004658192554679734,0.02329096277339867,0.031054617031198224,0.12236120617078279,6.0,0.0031980355180393602,0.02718406989433885,0.01953125,same panel and antibiotic as primary,True
Figure 3b-d,Supplementary Figure 7,MIC,Amikacin,AMI:PL-vs-PLAC,PL,PLAC,10,10,10.0,18.464675468349583,65.53414607616617,3.549163167719827,1.363427518403271,9.238891705699944,descriptive,paired log-ratio t interval,,,,,,,,,,,,,,,,,,,,,,,,,,,,
Figure 3b-d,Supplementary Figure 7,IC50,Amikacin,AMI:PLA-vs-PLAC,PLA,PLAC,10,10,10.0,25.181628059639174,7.799428830329953,0.309726949022442,0.19438114737267,0.49351896646041843,"paired t on log10, aligned on culture",paired log-ratio t interval,-5.691270722926343,9.0,0.2431261230540179,0.00029758168178066783,0.00020619701552625512,Welch,,6.991898052316447e-05,0.001953125,sign-flip,0.2130318071295838,0.4511427952690516,culture resampling and fit perturbation; empirical 2.5-97.5 percentiles,4000.0,20260915.0,0.0013707397263328768,0.25142709527622664,0.0011903267271226713,0.0005951633635613357,0.001785490090684007,0.003570980181368014,0.005482958905331507,6.0,0.0008247880621050205,0.0002796759220926579,0.01171875,same panel and antibiotic as primary,True
Figure 3b-d,Supplementary Figure 7,MIC,Amikacin,AMI:PLA-vs-PLAC,PLA,PLAC,10,10,10.0,160.07504671310184,65.53414607616617,0.4093963888926499,0.18905306086779763,0.8865521799488141,descriptive,paired log-ratio t interval,,,,,,,,,,,,,,,,,,,,,,,,,,,,
Figure 3b-d,Supplementary Figure 7,IC50,Cefepime,CEF:P-vs-PL,P,PL,10,10,10.0,0.03818599205397341,0.07940924848136299,2.0795387054269323,1.5881223620519105,2.7230151345399727,"paired t on log10, aligned on culture",paired log-ratio t interval,6.143428642029867,9.0,-0.38543204287365035,0.00017006461770322225,4.026405702776753e-06,Welch,,0.0007005646910829917,0.001953125,sign-flip,1.680729958156399,2.7226041792976257,culture resampling and fit perturbation; empirical 2.5-97.5 percentiles,4000.0,20260915.0,0.0005052943549745593,1.792509233368138,0.0010203877062193334,0.0010203877062193337,0.0010203877062193334,0.0022108400301418894,0.003031766129847356,6.0,2.4158434216660517e-05,0.00420338814649795,0.01171875,same panel and antibiotic as primary,True
Figure 3b-d,Supplementary Figure 7,MIC,Cefepime,CEF:P-vs-PL,P,PL,10,10,10.0,0.1522032837085734,0.5541861505315706,3.6410919464305485,2.4782746970816247,5.349508098506299,descriptive,paired log-ratio t interval,,,,,,,,,,,,,,,,,,,,,,,,,,,,
Figure 3b-d,Supplementary Figure 7,IC50,Cefepime,CEF:P-vs-PLA,P,PLA,10,10,10.0,0.03818599205397341,0.04747903728341877,1.2433626764576453,0.90176158073555,1.7143674982770019,"paired t on log10, aligned on culture",paired log-ratio t interval,1.533948362727553,9.0,0.03452676135872453,0.1594108210437383,0.1560409894659334,Welch,,0.15822900441326151,0.150390625,sign-flip,0.9753844562789789,1.6906924752709824,culture resampling and fit perturbation; empirical 2.5-97.5 percentiles,4000.0,20260915.0,0.09424054597373216,1.222841043831619,0.3188216420874766,0.19129298525248595,0.9564649262624298,0.6376432841749532,0.2827216379211965,6.0,0.3120819789318668,0.31645800882652303,0.30078125,same panel and antibiotic as primary,False
Figure 3b-d,Supplementary Figure 7,MIC,Cefepime,CEF:P-vs-PLA,P,PLA,10,10,10.0,0.1522032837085734,0.10029852136234149,0.658977381554954,0.3478292623758309,1.2484607719169218,descriptive,paired log-ratio t interval,,,,,,,,,,,,,,,,,,,,,,,,,,,,
Figure 3b-d,Supplementary Figure 7,IC50,Cefepime,CEF:P-vs-PLAC,P,PLAC,10,10,10.0,0.03818599205397341,0.0529445114644519,1.386490401758275,1.0031664576723074,1.916287789992851,"paired t on log10, aligned on culture",paired log-ratio t interval,2.284256650126726,9.0,-0.11532393053218802,0.04822558520021172,0.03501160195692472,Welch,,0.050195962438007245,0.044921875,sign-flip,1.0685766377442223,1.8693357216975175,culture resampling and fit perturbation; empirical 2.5-97.5 percentiles,4000.0,20260915.0,0.4028067469739008,1.1022142530267254,0.14467675560063514,0.07233837780031759,0.2893535112012703,0.2411279260010586,0.8056134939478016,6.0,0.10503480587077417,0.15058788731402173,0.134765625,same panel and antibiotic as primary,False
Figure 3b-d,Supplementary Figure 7,MIC,Cefepime,CEF:P-vs-PLAC,P,PLAC,10,10,10.0,0.1522032837085734,0.4733149723335541,3.1097553272228957,1.2536380721264604,7.714011252695635,descriptive,paired log-ratio t interval,,,,,,,,,,,,,,,,,,,,,,,,,,,,
Figure 3b-d,Supplementary Figure 7,IC50,Cefepime,CEF:PL-vs-PLA,PL,PLA,10,10,10.0,0.07940924848136299,0.04747903728341877,0.597903118231397,0.4306187548473791,0.8301731746856442,"paired t on log10, aligned on culture",paired log-ratio t interval,-3.5449959182559714,9.0,0.1963002161062365,0.00626483691440522,0.005615755349777862,Welch,,0.008042192505541878,0.005859375,sign-flip,0.45627410084299813,0.7848696188336972,culture resampling and fit perturbation; empirical 2.5-97.5 percentiles,4000.0,20260915.0,0.013684732542841638,0.6821951156892462,0.02505934765762088,0.01252967382881044,0.03758902148643132,0.04385385840083654,0.05473893017136655,6.0,0.02807877674888931,0.03216877002216751,0.0234375,same panel and antibiotic as primary,True
Figure 3b-d,Supplementary Figure 7,MIC,Cefepime,CEF:PL-vs-PLA,PL,PLA,10,10,10.0,0.5541861505315706,0.10029852136234149,0.18098344981399483,0.08958421246289093,0.3656337227962251,descriptive,paired log-ratio t interval,,,,,,,,,,,,,,,,,,,,,,,,,,,,
Figure 3b-d,Supplementary Figure 7,IC50,Cefepime,CEF:PL-vs-PLAC,PL,PLAC,10,10,10.0,0.07940924848136299,0.0529445114644519,0.666729788745926,0.5373375078503572,0.8272800701732954,"paired t on log10, aligned on culture",paired log-ratio t interval,-4.250177162612448,9.0,0.661423692290807,0.0021419122014998634,0.018569049613740323,Welch,,0.0016462737349267678,0.00390625,sign-flip,0.545296936052701,0.8024196347891834,culture resampling and fit perturbation; empirical 2.5-97.5 percentiles,4000.0,20260915.0,0.004107246368319717,0.6149001815492222,0.010709561007499317,0.006425736604499591,0.012851473208999181,0.01936702575619637,0.020536231841598585,6.0,0.07427619845496129,0.00823136867463384,0.01953125,same panel and antibiotic as primary,True
Figure 3b-d,Supplementary Figure 7,MIC,Cefepime,CEF:PL-vs-PLAC,PL,PLAC,10,10,10.0,0.5541861505315706,0.4733149723335541,0.8540721775157216,0.384595868571529,1.8966383781389518,descriptive,paired log-ratio t interval,,,,,,,,,,,,,,,,,,,,,,,,,,,,
Figure 3b-d,Supplementary Figure 7,IC50,Cefepime,CEF:PLA-vs-PLAC,PLA,PLAC,10,10,10.0,0.04747903728341877,0.0529445114644519,1.1151134162305743,0.766772623453095,1.6217036094188195,"paired t on log10, aligned on culture",paired log-ratio t interval,0.6581094381260991,9.0,0.1941931950464989,0.5269413837589554,0.5619824374943196,Welch,,0.5452441531766671,0.533203125,sign-flip,0.8188795886554672,1.531008388863369,culture resampling and fit perturbation; empirical 2.5-97.5 percentiles,4000.0,20260915.0,0.43697065237386773,0.9013552976379295,0.5269413837589554,0.5269413837589554,1.0,1.0,0.8056134939478016,6.0,0.5619824374943196,0.5452441531766671,0.533203125,same panel and antibiotic as primary,False
Figure 3b-d,Supplementary Figure 7,MIC,Cefepime,CEF:PLA-vs-PLAC,PLA,PLAC,10,10,10.0,0.10029852136234149,0.4733149723335541,4.719062314225372,2.495862321420681,8.92258716933792,descriptive,paired log-ratio t interval,,,,,,,,,,,,,,,,,,,,,,,,,,,,
Supplementary Figure 3b-d,,IC50,Levofloxacin,LEV:P-vs-PCr,P,PCr,6,6,6.0,0.03220195831418328,0.12871179274453223,3.997017556781365,2.0441915082512887,7.815387787656611,"paired t on log10, aligned on culture",paired log-ratio t interval,5.311589575479274,5.0,0.06036014226192594,0.0031618670363619426,0.002593651103235388,Welch,,0.005989253539007852,0.03125,sign-flip,2.4204436264180456,6.185915276933904,culture resampling and fit perturbation; empirical 2.5-97.5 percentiles,4000.0,20260915.0,,,0.0031618670363619426,0.0031618670363619426,0.0031618670363619426,0.007183933061393193,,1.0,0.002593651103235388,0.005989253539007852,0.03125,same panel and antibiotic as primary,True
Supplementary Figure 3b-d,,MIC,Levofloxacin,LEV:P-vs-PCr,P,PCr,6,6,6.0,0.09107823603581396,0.45142743610503444,4.956479788733757,3.702192731075161,6.635713935128323,descriptive,paired log-ratio t interval,,,,,,,,,,,,,,,,,,,,,,,,,,,,
Supplementary Figure 3b-d,,IC50,Amikacin,AMI:P-vs-PCr,P,PCr,6,6,6.0,2.8117167808240233,4.985654106677105,1.7731708046412735,0.9959343900778708,3.1569697098082394,"paired t on log10, aligned on culture",paired log-ratio t interval,2.5524273621689795,5.0,0.7076832486587723,0.05111493054652427,0.09809533155119912,Welch,,0.06126314397501062,0.09375,sign-flip,1.127759388440603,2.6867476342313066,culture resampling and fit perturbation; empirical 2.5-97.5 percentiles,4000.0,20260915.0,,,0.05111493054652427,0.05111493054652427,0.05111493054652427,0.05111493054652427,,1.0,0.09809533155119912,0.06126314397501062,0.09375,same panel and antibiotic as primary,False
Supplementary Figure 3b-d,,MIC,Amikacin,AMI:P-vs-PCr,P,PCr,6,6,6.0,37.541413886088,32.00509748644479,0.8525277599708403,0.45994050967423006,1.5802121496879764,descriptive,paired log-ratio t interval,,,,,,,,,,,,,,,,,,,,,,,,,,,,
Supplementary Figure 3b-d,,IC50,Cefepime,CEF:P-vs-PCr,P,PCr,6,6,6.0,0.035788067367880524,3.9108798343142697,109.2788776245639,12.958504608542817,921.5471580734563,"paired t on log10, aligned on culture",paired log-ratio t interval,5.65910345765405,5.0,-0.3171968293427894,0.0023946443537977307,0.002093567862521718,Welch,,0.04942242813951614,0.03125,sign-flip,21.59101337967051,372.5833679893258,culture resampling and fit perturbation; empirical 2.5-97.5 percentiles,4000.0,20260915.0,,,0.0023946443537977307,0.0023946443537977307,0.0023946443537977307,0.007183933061393193,,1.0,0.002093567862521718,0.04942242813951614,0.03125,same panel and antibiotic as primary,True
Supplementary Figure 3b-d,,MIC,Cefepime,CEF:P-vs-PCr,P,PCr,6,6,6.0,0.19932355910783653,81.24221596731563,407.58963130576365,145.69697663925197,1140.2385374084129,descriptive,paired log-ratio t interval,,,,,,,,,,,,,,,,,,,,,,,,,,,,
Supplementary Figure 4b-d,,IC50,Levofloxacin,LEV:ATEC-vs-ATEC-C,ATEC,ATEC-C,6,6,,0.024982466697307484,0.02723057196820457,1.0899873218339715,0.9883844387901115,1.202034669033359,Welch t on log10,Welch log-ratio t interval,2.077174842563336,7.085893966740888,,0.07591993362298537,0.12138092504132218,paired on shared numeric IDs; matching unconfirmed,"1,2,3,4,5,6",0.07932423769843276,0.06277056277056277,permutation,0.9991759410676071,1.2010126084548014,culture resampling and fit perturbation; empirical 2.5-97.5 percentiles,4000.0,20260915.0,,,0.07591993362298537,0.07591993362298537,0.07591993362298537,0.22775980086895609,,1.0,0.12138092504132218,0.07932423769843276,0.06277056277056277,same panel and antibiotic as primary,False
Supplementary Figure 4b-d,,MIC,Levofloxacin,LEV:ATEC-vs-ATEC-C,ATEC,ATEC-C,6,6,,0.08211063111676516,0.0884574793508053,1.077296303142703,0.8448792085121035,1.37364881638972,descriptive,Welch log-ratio t interval,,,,,,,,,,,,,,,,,,,,,,,,,,,,
Supplementary Figure 4b-d,,IC50,Amikacin,AMI:ATEC-vs-ATEC-C,ATEC,ATEC-C,6,6,,8.320536868972816,6.381005254430059,0.7668982608832314,0.5019285863121593,1.171746257504356,Welch t on log10,Welch log-ratio t interval,-1.40418493837157,9.541084219902155,,0.19196860087017606,0.3409684526202278,paired on shared numeric IDs; matching unconfirmed,"1,2,3,4,5,6",0.20387183539159623,0.22077922077922077,permutation,0.5118939701183703,1.081113707610764,culture resampling and fit perturbation; empirical 2.5-97.5 percentiles,4000.0,20260915.0,,,0.19196860087017606,0.19196860087017606,0.19196860087017606,0.31751865364566684,,1.0,0.3409684526202278,0.20387183539159623,0.22077922077922077,same panel and antibiotic as primary,False
Supplementary Figure 4b-d,,MIC,Amikacin,AMI:ATEC-vs-ATEC-C,ATEC,ATEC-C,6,6,,59.96208362631648,36.90445450946187,0.615463177354715,0.40350233709383027,0.9387676051836017,descriptive,Welch log-ratio t interval,,,,,,,,,,,,,,,,,,,,,,,,,,,,
Supplementary Figure 4b-d,,IC50,Cefepime,CEF:ATEC-vs-ATEC-C,ATEC,ATEC-C,6,6,,0.04361536331174151,0.03538395268889473,0.8112726801330843,0.5967619370790741,1.1028909865662353,Welch t on log10,Welch log-ratio t interval,-1.530735447157063,9.401911561543034,,0.15875932682283342,0.2931759616493121,paired on shared numeric IDs; matching unconfirmed,"1,2,3,4,5,6",0.1627162268709469,0.15367965367965367,permutation,0.6367996040739033,1.0529632394871749,culture resampling and fit perturbation; empirical 2.5-97.5 percentiles,4000.0,20260915.0,,,0.15875932682283342,0.15875932682283342,0.15875932682283342,0.31751865364566684,,1.0,0.2931759616493121,0.1627162268709469,0.15367965367965367,same panel and antibiotic as primary,False
Supplementary Figure 4b-d,,MIC,Cefepime,CEF:ATEC-vs-ATEC-C,ATEC,ATEC-C,6,6,,0.24565523477008128,0.24001161582017236,0.9770262622117903,0.5662724901597322,1.6857261011960465,descriptive,Welch log-ratio t interval,,,,,,,,,,,,,,,,,,,,,,,,,,,,
Supplementary Figure 6a-c,,IC50,Levofloxacin,LEV:P-vs-P-unt,P,P-unt,4,4,4.0,0.024698748496561035,0.030222781181963955,1.223656380248257,1.1302529390305647,1.3247786271686706,"paired t on log10, aligned on culture",paired log-ratio t interval,8.089923679718133,3.0,0.8126698724993516,0.003946843234391711,0.011601896931030756,Welch,,0.0032742860126348484,0.125,sign-flip,1.0989950426332695,1.3890607162913633,culture resampling and fit perturbation; empirical 2.5-97.5 percentiles,4000.0,20260915.0,,,0.003946843234391711,0.003946843234391711,0.003946843234391711,0.011840529703175133,,1.0,0.011601896931030756,0.0032742860126348484,0.125,same panel and antibiotic as primary,True
Supplementary Figure 6a-c,,MIC,Levofloxacin,LEV:P-vs-P-unt,P,P-unt,4,4,4.0,0.07754849370986454,0.09836907958518586,1.2684847232909282,0.805584049483749,1.9973750650271807,descriptive,paired log-ratio t interval,,,,,,,,,,,,,,,,,,,,,,,,,,,,
Supplementary Figure 6a-c,,IC50,Amikacin,AMI:P-vs-P-unt,P,P-unt,4,4,4.0,3.4569659181567536,2.4562684236652848,0.710527231629452,0.5661744013544925,0.891684515723835,"paired t on log10, aligned on culture",paired log-ratio t interval,-4.788948414815543,3.0,0.6822231214879697,0.01731637960062372,0.03317190224895669,Welch,,0.01491242400051013,0.125,sign-flip,0.6088299325202116,0.8488148958911997,culture resampling and fit perturbation; empirical 2.5-97.5 percentiles,4000.0,20260915.0,,,0.01731637960062372,0.01731637960062372,0.01731637960062372,0.03463275920124744,,1.0,0.03317190224895669,0.01491242400051013,0.125,same panel and antibiotic as primary,True
Supplementary Figure 6a-c,,MIC,Amikacin,AMI:P-vs-P-unt,P,P-unt,4,4,4.0,56.65617731547618,21.662220850756086,0.38234526007879527,0.20097396035592777,0.7273972092992582,descriptive,paired log-ratio t interval,,,,,,,,,,,,,,,,,,,,,,,,,,,,
Supplementary Figure 6a-c,,IC50,Cefepime,CEF:P-vs-P-unt,P,P-unt,4,4,4.0,0.0387308851493465,0.026208602553138886,0.6766848331009834,0.517136223140152,0.8854579177773187,"paired t on log10, aligned on culture",paired log-ratio t interval,-4.622188589679845,3.0,0.247126983645261,0.019063061538381408,0.014681566876603566,Welch,,0.013933015879917429,0.125,sign-flip,0.5152955334693613,0.8394975831846951,culture resampling and fit perturbation; empirical 2.5-97.5 percentiles,4000.0,20260915.0,,,0.019063061538381408,0.019063061538381408,0.019063061538381408,0.03463275920124744,,1.0,0.014681566876603566,0.013933015879917429,0.125,same panel and antibiotic as primary,True
Supplementary Figure 6a-c,,MIC,Cefepime,CEF:P-vs-P-unt,P,P-unt,4,4,4.0,0.16479650076553556,0.09445187007040076,0.5731424492124519,0.21312217952841575,1.5413330879785316,descriptive,paired log-ratio t interval,,,,,,,,,,,,,,,,,,,,,,,,,,,,
