source_excel_row,strain,Name,Replicate,Time,Count,Dilution,Factor,cfu_per_plated_volume,cfu_time_zero,fraction,fraction_lower,fraction_upper,fraction_plot,below_detection,censoring,detection_limit,fraction_workbook,workbook_to_recomputed,normalization_assumption,concentration_assumption
2,MG,wt,1,0,56,5,1e-05,5600000.0,5600000.0,1.0,1.0,1.0,1.0,False,measured,0.017857142857142856,1.0,1.0,equal plated volumes across time; awaiting Adam confirmation,"Factor follows recorded dilution, including concentration when Factor > 1"
3,MG,wt,2,0,69,5,1e-05,6899999.999999999,6899999.999999999,1.0,1.0,1.0,1.0,False,measured,0.014492753623188406,1.0,1.0,equal plated volumes across time; awaiting Adam confirmation,"Factor follows recorded dilution, including concentration when Factor > 1"
4,MG,wt,3,0,50,5,1e-05,5000000.0,5000000.0,1.0,1.0,1.0,1.0,False,measured,0.019999999999999997,1.0,1.0,equal plated volumes across time; awaiting Adam confirmation,"Factor follows recorded dilution, including concentration when Factor > 1"
5,MG,wt,4,0,55,5,1e-05,5500000.0,5500000.0,1.0,1.0,1.0,1.0,False,measured,0.018181818181818177,1.0,1.0,equal plated volumes across time; awaiting Adam confirmation,"Factor follows recorded dilution, including concentration when Factor > 1"
6,MG hipA,hipA,1,0,48,5,1e-05,4800000.0,4800000.0,1.0,1.0,1.0,1.0,False,measured,0.02083333333333333,1.0,1.0,equal plated volumes across time; awaiting Adam confirmation,"Factor follows recorded dilution, including concentration when Factor > 1"
7,MG hipA,hipA,2,0,46,5,1e-05,4600000.0,4600000.0,1.0,1.0,1.0,1.0,False,measured,0.021739130434782605,1.0,1.0,equal plated volumes across time; awaiting Adam confirmation,"Factor follows recorded dilution, including concentration when Factor > 1"
8,MG hipA,hipA,3,0,47,5,1e-05,4700000.0,4700000.0,1.0,1.0,1.0,1.0,False,measured,0.021276595744680847,1.0,1.0,equal plated volumes across time; awaiting Adam confirmation,"Factor follows recorded dilution, including concentration when Factor > 1"
9,MG hipA,hipA,4,0,55,5,1e-05,5500000.0,5500000.0,1.0,1.0,1.0,1.0,False,measured,0.018181818181818177,1.0,1.0,equal plated volumes across time; awaiting Adam confirmation,"Factor follows recorded dilution, including concentration when Factor > 1"
10,MG hipA+selB,hipA_selB,1,0,56,5,1e-05,5600000.0,5600000.0,1.0,1.0,1.0,1.0,False,measured,0.017857142857142856,1.0,1.0,equal plated volumes across time; awaiting Adam confirmation,"Factor follows recorded dilution, including concentration when Factor > 1"
11,MG hipA+selB,hipA_selB,2,0,39,5,1e-05,3899999.9999999995,3899999.9999999995,1.0,1.0,1.0,1.0,False,measured,0.02564102564102564,1.0,1.0,equal plated volumes across time; awaiting Adam confirmation,"Factor follows recorded dilution, including concentration when Factor > 1"
12,MG hipA+selB,hipA_selB,3,0,39,5,1e-05,3899999.9999999995,3899999.9999999995,1.0,1.0,1.0,1.0,False,measured,0.02564102564102564,1.0,1.0,equal plated volumes across time; awaiting Adam confirmation,"Factor follows recorded dilution, including concentration when Factor > 1"
13,MG hipA+selB,hipA_selB,4,0,34,5,1e-05,3399999.9999999995,3399999.9999999995,1.0,1.0,1.0,1.0,False,measured,0.029411764705882353,1.0,1.0,equal plated volumes across time; awaiting Adam confirmation,"Factor follows recorded dilution, including concentration when Factor > 1"
14,MG hipA+ftsH,hipA_ftsH,1,0,22,5,1e-05,2200000.0,2200000.0,1.0,1.0,1.0,1.0,False,measured,0.04545454545454545,1.0,1.0,equal plated volumes across time; awaiting Adam confirmation,"Factor follows recorded dilution, including concentration when Factor > 1"
15,MG hipA+ftsH,hipA_ftsH,2,0,30,5,1e-05,2999999.9999999995,2999999.9999999995,1.0,1.0,1.0,1.0,False,measured,0.03333333333333333,1.0,1.0,equal plated volumes across time; awaiting Adam confirmation,"Factor follows recorded dilution, including concentration when Factor > 1"
16,MG hipA+ftsH,hipA_ftsH,3,0,24,5,1e-05,2400000.0,2400000.0,1.0,1.0,1.0,1.0,False,measured,0.04166666666666666,1.0,1.0,equal plated volumes across time; awaiting Adam confirmation,"Factor follows recorded dilution, including concentration when Factor > 1"
17,MG hipA+ftsH,hipA_ftsH,4,0,27,5,1e-05,2700000.0,2700000.0,1.0,1.0,1.0,1.0,False,measured,0.037037037037037035,1.0,1.0,equal plated volumes across time; awaiting Adam confirmation,"Factor follows recorded dilution, including concentration when Factor > 1"
18,MG hipA+rpoZ,hipA_rpoZ,1,0,49,5,1e-05,4900000.0,4900000.0,1.0,1.0,1.0,1.0,False,measured,0.02040816326530612,1.0,1.0,equal plated volumes across time; awaiting Adam confirmation,"Factor follows recorded dilution, including concentration when Factor > 1"
19,MG hipA+rpoZ,hipA_rpoZ,2,0,50,5,1e-05,5000000.0,5000000.0,1.0,1.0,1.0,1.0,False,measured,0.019999999999999997,1.0,1.0,equal plated volumes across time; awaiting Adam confirmation,"Factor follows recorded dilution, including concentration when Factor > 1"
20,MG hipA+rpoZ,hipA_rpoZ,3,0,45,5,1e-05,4500000.0,4500000.0,1.0,1.0,1.0,1.0,False,measured,0.02222222222222222,1.0,1.0,equal plated volumes across time; awaiting Adam confirmation,"Factor follows recorded dilution, including concentration when Factor > 1"
21,MG hipA+rpoZ,hipA_rpoZ,4,0,57,5,1e-05,5699999.999999999,5699999.999999999,1.0,1.0,1.0,1.0,False,measured,0.017543859649122806,1.0,1.0,equal plated volumes across time; awaiting Adam confirmation,"Factor follows recorded dilution, including concentration when Factor > 1"
22,MG,wt,1,3,72,0,1.0,72.0,5600000.0,1.2857142857142857e-05,1.2857142857142857e-05,1.2857142857142857e-05,1.2857142857142857e-05,False,measured,1.7857142857142858e-07,1.2857142857142858e-07,0.01,equal plated volumes across time; awaiting Adam confirmation,"Factor follows recorded dilution, including concentration when Factor > 1"
23,MG,wt,2,3,43,0,1.0,43.0,6899999.999999999,6.231884057971015e-06,6.231884057971015e-06,6.231884057971015e-06,6.231884057971015e-06,False,measured,1.4492753623188408e-07,6.231884057971016e-08,0.010000000000000002,equal plated volumes across time; awaiting Adam confirmation,"Factor follows recorded dilution, including concentration when Factor > 1"
24,MG,wt,3,3,95,0,1.0,95.0,5000000.0,1.9e-05,1.9e-05,1.9e-05,1.9e-05,False,measured,2e-07,1.9000000000000003e-07,0.010000000000000002,equal plated volumes across time; awaiting Adam confirmation,"Factor follows recorded dilution, including concentration when Factor > 1"
25,MG,wt,4,3,157,0,1.0,157.0,5500000.0,2.8545454545454544e-05,2.8545454545454544e-05,2.8545454545454544e-05,2.8545454545454544e-05,False,measured,1.8181818181818183e-07,2.8545454545454544e-07,0.01,equal plated volumes across time; awaiting Adam confirmation,"Factor follows recorded dilution, including concentration when Factor > 1"
26,MG hipA,hipA,1,3,59,1,0.1,590.0,4800000.0,0.00012291666666666665,0.00012291666666666665,0.00012291666666666665,0.00012291666666666665,False,measured,2.0833333333333334e-06,1.2291666666666668e-06,0.010000000000000002,equal plated volumes across time; awaiting Adam confirmation,"Factor follows recorded dilution, including concentration when Factor > 1"
27,MG hipA,hipA,2,3,151,1,0.1,1510.0,4600000.0,0.0003282608695652174,0.0003282608695652174,0.0003282608695652174,0.0003282608695652174,False,measured,2.1739130434782607e-06,3.2826086956521743e-06,0.010000000000000002,equal plated volumes across time; awaiting Adam confirmation,"Factor follows recorded dilution, including concentration when Factor > 1"
28,MG hipA,hipA,3,3,65,1,0.1,650.0,4700000.0,0.00013829787234042554,0.00013829787234042554,0.00013829787234042554,0.00013829787234042554,False,measured,2.1276595744680853e-06,1.3829787234042555e-06,0.01,equal plated volumes across time; awaiting Adam confirmation,"Factor follows recorded dilution, including concentration when Factor > 1"
29,MG hipA,hipA,4,3,62,1,0.1,620.0,5500000.0,0.00011272727272727272,0.00011272727272727272,0.00011272727272727272,0.00011272727272727272,False,measured,1.818181818181818e-06,1.1272727272727273e-06,0.01,equal plated volumes across time; awaiting Adam confirmation,"Factor follows recorded dilution, including concentration when Factor > 1"
30,MG hipA+selB,hipA_selB,1,3,33,2,0.01,3300.0,5600000.0,0.0005892857142857143,0.0005892857142857143,0.0005892857142857143,0.0005892857142857143,False,measured,1.785714285714286e-05,5.892857142857143e-06,0.01,equal plated volumes across time; awaiting Adam confirmation,"Factor follows recorded dilution, including concentration when Factor > 1"
31,MG hipA+selB,hipA_selB,2,3,64,1,0.1,640.0,3899999.9999999995,0.00016410256410256412,0.00016410256410256412,0.00016410256410256412,0.00016410256410256412,False,measured,2.5641025641025644e-06,1.6410256410256414e-06,0.01,equal plated volumes across time; awaiting Adam confirmation,"Factor follows recorded dilution, including concentration when Factor > 1"
32,MG hipA+selB,hipA_selB,3,3,53,1,0.1,530.0,3899999.9999999995,0.0001358974358974359,0.0001358974358974359,0.0001358974358974359,0.0001358974358974359,False,measured,2.5641025641025644e-06,1.3589743589743591e-06,0.01,equal plated volumes across time; awaiting Adam confirmation,"Factor follows recorded dilution, including concentration when Factor > 1"
33,MG hipA+selB,hipA_selB,4,3,50,1,0.1,500.0,3399999.9999999995,0.00014705882352941178,0.00014705882352941178,0.00014705882352941178,0.00014705882352941178,False,measured,2.941176470588236e-06,1.4705882352941177e-06,0.01,equal plated volumes across time; awaiting Adam confirmation,"Factor follows recorded dilution, including concentration when Factor > 1"
34,MG hipA+ftsH,hipA_ftsH,1,3,112,1,0.1,1120.0,2200000.0,0.0005090909090909091,0.0005090909090909091,0.0005090909090909091,0.0005090909090909091,False,measured,4.5454545454545455e-06,5.090909090909091e-06,0.01,equal plated volumes across time; awaiting Adam confirmation,"Factor follows recorded dilution, including concentration when Factor > 1"
35,MG hipA+ftsH,hipA_ftsH,2,3,93,1,0.1,930.0,2999999.9999999995,0.00031000000000000005,0.00031000000000000005,0.00031000000000000005,0.00031000000000000005,False,measured,3.3333333333333337e-06,3.1e-06,0.009999999999999998,equal plated volumes across time; awaiting Adam confirmation,"Factor follows recorded dilution, including concentration when Factor > 1"
36,MG hipA+ftsH,hipA_ftsH,3,3,125,1,0.1,1250.0,2400000.0,0.0005208333333333333,0.0005208333333333333,0.0005208333333333333,0.0005208333333333333,False,measured,4.166666666666667e-06,5.208333333333334e-06,0.010000000000000002,equal plated volumes across time; awaiting Adam confirmation,"Factor follows recorded dilution, including concentration when Factor > 1"
37,MG hipA+ftsH,hipA_ftsH,4,3,95,1,0.1,950.0,2700000.0,0.00035185185185185184,0.00035185185185185184,0.00035185185185185184,0.00035185185185185184,False,measured,3.7037037037037037e-06,3.5185185185185183e-06,0.01,equal plated volumes across time; awaiting Adam confirmation,"Factor follows recorded dilution, including concentration when Factor > 1"
38,MG hipA+rpoZ,hipA_rpoZ,1,3,35,2,0.01,3500.0,4900000.0,0.0007142857142857143,0.0007142857142857143,0.0007142857142857143,0.0007142857142857143,False,measured,2.0408163265306123e-05,7.1428571428571436e-06,0.01,equal plated volumes across time; awaiting Adam confirmation,"Factor follows recorded dilution, including concentration when Factor > 1"
39,MG hipA+rpoZ,hipA_rpoZ,2,3,33,2,0.01,3300.0,5000000.0,0.00066,0.00066,0.00066,0.00066,False,measured,2e-05,6.600000000000001e-06,0.010000000000000002,equal plated volumes across time; awaiting Adam confirmation,"Factor follows recorded dilution, including concentration when Factor > 1"
40,MG hipA+rpoZ,hipA_rpoZ,3,3,45,2,0.01,4500.0,4500000.0,0.001,0.001,0.001,0.001,False,measured,2.2222222222222223e-05,1e-05,0.01,equal plated volumes across time; awaiting Adam confirmation,"Factor follows recorded dilution, including concentration when Factor > 1"
41,MG hipA+rpoZ,hipA_rpoZ,4,3,51,2,0.01,5100.0,5699999.999999999,0.0008947368421052633,0.0008947368421052633,0.0008947368421052633,0.0008947368421052633,False,measured,1.754385964912281e-05,8.947368421052632e-06,0.009999999999999998,equal plated volumes across time; awaiting Adam confirmation,"Factor follows recorded dilution, including concentration when Factor > 1"
42,MG,wt,1,7,0,-1,10.0,0.0,5600000.0,,0.0,1.785714285714286e-08,1.785714285714286e-08,True,below one-colony detection limit,1.785714285714286e-08,0.0,,equal plated volumes across time; awaiting Adam confirmation,"Factor follows recorded dilution, including concentration when Factor > 1"
43,MG,wt,2,7,8,-1,10.0,0.8,6899999.999999999,1.1594202898550727e-07,1.1594202898550727e-07,1.1594202898550727e-07,1.1594202898550727e-07,False,measured,1.4492753623188409e-08,1.1594202898550727e-09,0.01,equal plated volumes across time; awaiting Adam confirmation,"Factor follows recorded dilution, including concentration when Factor > 1"
44,MG,wt,3,7,3,-1,10.0,0.3,5000000.0,6e-08,6e-08,6e-08,6e-08,False,measured,2e-08,6.000000000000001e-10,0.010000000000000002,equal plated volumes across time; awaiting Adam confirmation,"Factor follows recorded dilution, including concentration when Factor > 1"
45,MG,wt,4,7,36,-1,10.0,3.6,5500000.0,6.545454545454546e-07,6.545454545454546e-07,6.545454545454546e-07,6.545454545454546e-07,False,measured,1.818181818181818e-08,6.545454545454546e-09,0.01,equal plated volumes across time; awaiting Adam confirmation,"Factor follows recorded dilution, including concentration when Factor > 1"
46,MG hipA,hipA,1,7,44,0,1.0,44.0,4800000.0,9.166666666666666e-06,9.166666666666666e-06,9.166666666666666e-06,9.166666666666666e-06,False,measured,2.0833333333333333e-07,9.166666666666668e-08,0.010000000000000002,equal plated volumes across time; awaiting Adam confirmation,"Factor follows recorded dilution, including concentration when Factor > 1"
47,MG hipA,hipA,2,7,64,0,1.0,64.0,4600000.0,1.391304347826087e-05,1.391304347826087e-05,1.391304347826087e-05,1.391304347826087e-05,False,measured,2.173913043478261e-07,1.3913043478260872e-07,0.010000000000000002,equal plated volumes across time; awaiting Adam confirmation,"Factor follows recorded dilution, including concentration when Factor > 1"
48,MG hipA,hipA,3,7,46,0,1.0,46.0,4700000.0,9.787234042553192e-06,9.787234042553192e-06,9.787234042553192e-06,9.787234042553192e-06,False,measured,2.1276595744680852e-07,9.787234042553193e-08,0.010000000000000002,equal plated volumes across time; awaiting Adam confirmation,"Factor follows recorded dilution, including concentration when Factor > 1"
49,MG hipA,hipA,4,7,66,0,1.0,66.0,5500000.0,1.2e-05,1.2e-05,1.2e-05,1.2e-05,False,measured,1.8181818181818183e-07,1.2e-07,0.009999999999999998,equal plated volumes across time; awaiting Adam confirmation,"Factor follows recorded dilution, including concentration when Factor > 1"
50,MG hipA+selB,hipA_selB,1,7,19,0,1.0,19.0,5600000.0,3.392857142857143e-06,3.392857142857143e-06,3.392857142857143e-06,3.392857142857143e-06,False,measured,1.7857142857142858e-07,3.392857142857143e-08,0.01,equal plated volumes across time; awaiting Adam confirmation,"Factor follows recorded dilution, including concentration when Factor > 1"
51,MG hipA+selB,hipA_selB,2,7,36,0,1.0,36.0,3899999.9999999995,9.230769230769232e-06,9.230769230769232e-06,9.230769230769232e-06,9.230769230769232e-06,False,measured,2.564102564102564e-07,9.230769230769232e-08,0.01,equal plated volumes across time; awaiting Adam confirmation,"Factor follows recorded dilution, including concentration when Factor > 1"
52,MG hipA+selB,hipA_selB,3,7,60,-1,10.0,6.0,3899999.9999999995,1.5384615384615387e-06,1.5384615384615387e-06,1.5384615384615387e-06,1.5384615384615387e-06,False,measured,2.5641025641025646e-08,1.538461538461539e-08,0.01,equal plated volumes across time; awaiting Adam confirmation,"Factor follows recorded dilution, including concentration when Factor > 1"
53,MG hipA+selB,hipA_selB,4,7,32,0,1.0,32.0,3399999.9999999995,9.411764705882354e-06,9.411764705882354e-06,9.411764705882354e-06,9.411764705882354e-06,False,measured,2.9411764705882356e-07,9.411764705882353e-08,0.009999999999999998,equal plated volumes across time; awaiting Adam confirmation,"Factor follows recorded dilution, including concentration when Factor > 1"
54,MG hipA+ftsH,hipA_ftsH,1,7,67,0,1.0,67.0,2200000.0,3.0454545454545453e-05,3.0454545454545453e-05,3.0454545454545453e-05,3.0454545454545453e-05,False,measured,4.545454545454545e-07,3.045454545454546e-07,0.010000000000000002,equal plated volumes across time; awaiting Adam confirmation,"Factor follows recorded dilution, including concentration when Factor > 1"
55,MG hipA+ftsH,hipA_ftsH,2,7,44,1,0.1,440.0,2999999.9999999995,0.0001466666666666667,0.0001466666666666667,0.0001466666666666667,0.0001466666666666667,False,measured,3.3333333333333337e-06,1.4666666666666667e-06,0.009999999999999998,equal plated volumes across time; awaiting Adam confirmation,"Factor follows recorded dilution, including concentration when Factor > 1"
56,MG hipA+ftsH,hipA_ftsH,3,7,89,0,1.0,89.0,2400000.0,3.708333333333333e-05,3.708333333333333e-05,3.708333333333333e-05,3.708333333333333e-05,False,measured,4.1666666666666667e-07,3.7083333333333337e-07,0.010000000000000002,equal plated volumes across time; awaiting Adam confirmation,"Factor follows recorded dilution, including concentration when Factor > 1"
57,MG hipA+ftsH,hipA_ftsH,4,7,71,0,1.0,71.0,2700000.0,2.6296296296296296e-05,2.6296296296296296e-05,2.6296296296296296e-05,2.6296296296296296e-05,False,measured,3.7037037037037036e-07,2.62962962962963e-07,0.01,equal plated volumes across time; awaiting Adam confirmation,"Factor follows recorded dilution, including concentration when Factor > 1"
58,MG hipA+rpoZ,hipA_rpoZ,1,7,110,0,1.0,110.0,4900000.0,2.2448979591836734e-05,2.2448979591836734e-05,2.2448979591836734e-05,2.2448979591836734e-05,False,measured,2.0408163265306121e-07,2.2448979591836738e-07,0.010000000000000002,equal plated volumes across time; awaiting Adam confirmation,"Factor follows recorded dilution, including concentration when Factor > 1"
59,MG hipA+rpoZ,hipA_rpoZ,2,7,103,0,1.0,103.0,5000000.0,2.06e-05,2.06e-05,2.06e-05,2.06e-05,False,measured,2e-07,2.0600000000000002e-07,0.010000000000000002,equal plated volumes across time; awaiting Adam confirmation,"Factor follows recorded dilution, including concentration when Factor > 1"
60,MG hipA+rpoZ,hipA_rpoZ,3,7,156,0,1.0,156.0,4500000.0,3.4666666666666665e-05,3.4666666666666665e-05,3.4666666666666665e-05,3.4666666666666665e-05,False,measured,2.2222222222222222e-07,3.466666666666667e-07,0.010000000000000002,equal plated volumes across time; awaiting Adam confirmation,"Factor follows recorded dilution, including concentration when Factor > 1"
61,MG hipA+rpoZ,hipA_rpoZ,4,7,166,0,1.0,166.0,5699999.999999999,2.9122807017543866e-05,2.9122807017543866e-05,2.9122807017543866e-05,2.9122807017543866e-05,False,measured,1.754385964912281e-07,2.912280701754386e-07,0.009999999999999998,equal plated volumes across time; awaiting Adam confirmation,"Factor follows recorded dilution, including concentration when Factor > 1"
