Day,Tube,Strain,Culture,Name,Replicate,Time,Count,Dilution,Factor,CFU,TimeZero,Fraction,source_excel_row,count_effective,dilution_effective,factor_effective,clarification,possible_handling_failure,count_status,fraction_workbook,fraction_observed,included_in_original_panel,replicate_original,cfu_formula,formula_volume_mL,below_detection,detection_limit,fraction_lower,fraction_upper,fraction_plot,record_note,source_workbook,figure
1,1,wt,1,wt,1,0,27,5,1e-05,135000000.0,135000000.0,1.0,2,27,5,1e-05,,False,measured,1.0,1.0,True,1,=H2/(J2*0.02),0.02,False,0.037037037037037035,1.0,1.0,1.0,,working/figures/Supplemental Figure 10 - mutant prs and other/D - prs_hipA mdk/MDK_prs_mutant.xlsx,Supplementary Figure 10
1,2,wt,2,wt,2,0,25,5,1e-05,124999999.99999999,124999999.99999999,1.0,3,25,5,1e-05,,False,measured,1.0,1.0,True,2,=H3/(J3*0.02),0.020000000000000004,False,0.039999999999999994,1.0,1.0,1.0,,working/figures/Supplemental Figure 10 - mutant prs and other/D - prs_hipA mdk/MDK_prs_mutant.xlsx,Supplementary Figure 10
1,3,wt,3,wt,3,0,28,5,1e-05,140000000.0,140000000.0,1.0,4,28,5,1e-05,,False,measured,1.0,1.0,True,3,=H4/(J4*0.02),0.02,False,0.03571428571428571,1.0,1.0,1.0,,working/figures/Supplemental Figure 10 - mutant prs and other/D - prs_hipA mdk/MDK_prs_mutant.xlsx,Supplementary Figure 10
1,4,prs,1,prs,1,0,11,5,1e-05,54999999.99999999,54999999.99999999,1.0,5,11,5,1e-05,,False,measured,1.0,1.0,True,1,=H5/(J5*0.02),0.020000000000000004,False,0.0909090909090909,1.0,1.0,1.0,,working/figures/Supplemental Figure 10 - mutant prs and other/D - prs_hipA mdk/MDK_prs_mutant.xlsx,Supplementary Figure 10
1,5,prs,2,prs,2,0,20,5,1e-05,99999999.99999999,99999999.99999999,1.0,6,20,5,1e-05,,False,measured,1.0,1.0,True,2,=H6/(J6*0.02),0.02,False,0.05,1.0,1.0,1.0,,working/figures/Supplemental Figure 10 - mutant prs and other/D - prs_hipA mdk/MDK_prs_mutant.xlsx,Supplementary Figure 10
1,6,prs,3,prs,3,0,17,5,1e-05,85000000.0,85000000.0,1.0,7,17,5,1e-05,,False,measured,1.0,1.0,True,3,=H7/(J7*0.02),0.019999999999999997,False,0.058823529411764705,1.0,1.0,1.0,,working/figures/Supplemental Figure 10 - mutant prs and other/D - prs_hipA mdk/MDK_prs_mutant.xlsx,Supplementary Figure 10
1,7,hipa,1,hipa,1,0,35,5,1e-05,174999999.99999997,174999999.99999997,1.0,8,35,5,1e-05,,False,measured,1.0,1.0,True,1,=H8/(J8*0.02),0.02,False,0.02857142857142857,1.0,1.0,1.0,,working/figures/Supplemental Figure 10 - mutant prs and other/D - prs_hipA mdk/MDK_prs_mutant.xlsx,Supplementary Figure 10
1,8,hipa,2,hipa,2,0,29,5,1e-05,145000000.0,145000000.0,1.0,9,29,5,1e-05,,False,measured,1.0,1.0,True,2,=H9/(J9*0.02),0.019999999999999997,False,0.034482758620689655,1.0,1.0,1.0,,working/figures/Supplemental Figure 10 - mutant prs and other/D - prs_hipA mdk/MDK_prs_mutant.xlsx,Supplementary Figure 10
1,9,hipa,3,hipa,3,0,37,5,1e-05,184999999.99999997,184999999.99999997,1.0,10,37,5,1e-05,,False,measured,1.0,1.0,True,3,=H10/(J10*0.02),0.02,False,0.02702702702702703,1.0,1.0,1.0,,working/figures/Supplemental Figure 10 - mutant prs and other/D - prs_hipA mdk/MDK_prs_mutant.xlsx,Supplementary Figure 10
1,10,pc,1,pc,1,0,23,5,1e-05,114999999.99999999,114999999.99999999,1.0,11,23,5,1e-05,,False,measured,1.0,1.0,True,1,=H11/(J11*0.02),0.020000000000000004,False,0.04347826086956521,1.0,1.0,1.0,,working/figures/Supplemental Figure 10 - mutant prs and other/D - prs_hipA mdk/MDK_prs_mutant.xlsx,Supplementary Figure 10
1,11,pc,2,pc,2,0,17,5,1e-05,85000000.0,85000000.0,1.0,12,17,5,1e-05,,False,measured,1.0,1.0,True,2,=H12/(J12*0.02),0.019999999999999997,False,0.058823529411764705,1.0,1.0,1.0,,working/figures/Supplemental Figure 10 - mutant prs and other/D - prs_hipA mdk/MDK_prs_mutant.xlsx,Supplementary Figure 10
1,12,pc,3,pc,3,0,20,5,1e-05,99999999.99999999,99999999.99999999,1.0,13,20,5,1e-05,,False,measured,1.0,1.0,True,3,=H13/(J13*0.02),0.02,False,0.05,1.0,1.0,1.0,,working/figures/Supplemental Figure 10 - mutant prs and other/D - prs_hipA mdk/MDK_prs_mutant.xlsx,Supplementary Figure 10
1,13,plac,1,plac,1,0,20,5,1e-05,99999999.99999999,99999999.99999999,1.0,14,20,5,1e-05,,False,measured,1.0,1.0,True,1,=H14/(J14*0.02),0.02,False,0.05,1.0,1.0,1.0,,working/figures/Supplemental Figure 10 - mutant prs and other/D - prs_hipA mdk/MDK_prs_mutant.xlsx,Supplementary Figure 10
1,14,plac,2,plac,2,0,24,5,1e-05,119999999.99999999,119999999.99999999,1.0,15,24,5,1e-05,,False,measured,1.0,1.0,True,2,=H15/(J15*0.02),0.020000000000000004,False,0.04166666666666666,1.0,1.0,1.0,,working/figures/Supplemental Figure 10 - mutant prs and other/D - prs_hipA mdk/MDK_prs_mutant.xlsx,Supplementary Figure 10
1,15,plac,3,plac,3,0,28,5,1e-05,140000000.0,140000000.0,1.0,16,28,5,1e-05,,False,measured,1.0,1.0,True,3,=H16/(J16*0.02),0.02,False,0.03571428571428571,1.0,1.0,1.0,,working/figures/Supplemental Figure 10 - mutant prs and other/D - prs_hipA mdk/MDK_prs_mutant.xlsx,Supplementary Figure 10
1,1,wt,1,wt,1,1,41,0,1.0,2050.0,135000000.0,1.5185185185185186e-05,17,41,0,1.0,,False,measured,1.5185185185185186e-05,1.5185185185185186e-05,True,1,=H17/(J17*0.02),0.02,False,3.7037037037037036e-07,1.5185185185185186e-05,1.5185185185185186e-05,1.5185185185185186e-05,,working/figures/Supplemental Figure 10 - mutant prs and other/D - prs_hipA mdk/MDK_prs_mutant.xlsx,Supplementary Figure 10
1,2,wt,2,wt,2,1,33,0,1.0,1650.0,124999999.99999999,1.3200000000000002e-05,18,33,0,1.0,,False,measured,1.3200000000000002e-05,1.3200000000000002e-05,True,2,=H18/(J18*0.02),0.02,False,4.000000000000001e-07,1.3200000000000002e-05,1.3200000000000002e-05,1.3200000000000002e-05,,working/figures/Supplemental Figure 10 - mutant prs and other/D - prs_hipA mdk/MDK_prs_mutant.xlsx,Supplementary Figure 10
1,3,wt,3,wt,3,1,52,0,1.0,2600.0,140000000.0,1.8571428571428572e-05,19,52,0,1.0,,False,measured,1.8571428571428572e-05,1.8571428571428572e-05,True,3,=H19/(J19*0.02),0.02,False,3.5714285714285716e-07,1.8571428571428572e-05,1.8571428571428572e-05,1.8571428571428572e-05,,working/figures/Supplemental Figure 10 - mutant prs and other/D - prs_hipA mdk/MDK_prs_mutant.xlsx,Supplementary Figure 10
1,4,prs,1,prs,1,1,47,3,0.001,2350000.0,54999999.99999999,0.04272727272727273,20,47,3,0.001,,False,measured,0.04272727272727273,0.04272727272727273,True,1,=H20/(J20*0.02),0.02,False,0.0009090909090909091,0.04272727272727273,0.04272727272727273,0.04272727272727273,,working/figures/Supplemental Figure 10 - mutant prs and other/D - prs_hipA mdk/MDK_prs_mutant.xlsx,Supplementary Figure 10
1,5,prs,2,prs,2,1,61,3,0.001,3049999.9999999995,99999999.99999999,0.0305,21,61,3,0.001,,False,measured,0.0305,0.0305,True,2,=H21/(J21*0.02),0.020000000000000004,False,0.0004999999999999999,0.0305,0.0305,0.0305,,working/figures/Supplemental Figure 10 - mutant prs and other/D - prs_hipA mdk/MDK_prs_mutant.xlsx,Supplementary Figure 10
1,6,prs,3,prs,3,1,65,3,0.001,3249999.9999999995,85000000.0,0.038235294117647055,22,65,3,0.001,,False,measured,0.038235294117647055,0.038235294117647055,True,3,=H22/(J22*0.02),0.020000000000000004,False,0.0005882352941176469,0.038235294117647055,0.038235294117647055,0.038235294117647055,,working/figures/Supplemental Figure 10 - mutant prs and other/D - prs_hipA mdk/MDK_prs_mutant.xlsx,Supplementary Figure 10
1,7,hipa,1,hipa,1,1,68,1,0.1,34000.0,174999999.99999997,0.00019428571428571433,23,68,1,0.1,,False,measured,0.00019428571428571433,0.00019428571428571433,True,1,=H23/(J23*0.02),0.02,False,2.8571428571428577e-06,0.00019428571428571433,0.00019428571428571433,0.00019428571428571433,,working/figures/Supplemental Figure 10 - mutant prs and other/D - prs_hipA mdk/MDK_prs_mutant.xlsx,Supplementary Figure 10
1,8,hipa,2,hipa,2,1,68,1,0.1,34000.0,145000000.0,0.00023448275862068965,24,68,1,0.1,,False,measured,0.00023448275862068965,0.00023448275862068965,True,2,=H24/(J24*0.02),0.02,False,3.4482758620689654e-06,0.00023448275862068965,0.00023448275862068965,0.00023448275862068965,,working/figures/Supplemental Figure 10 - mutant prs and other/D - prs_hipA mdk/MDK_prs_mutant.xlsx,Supplementary Figure 10
1,9,hipa,3,hipa,3,1,68,1,0.1,34000.0,184999999.99999997,0.0001837837837837838,25,68,1,0.1,,False,measured,0.0001837837837837838,0.0001837837837837838,True,3,=H25/(J25*0.02),0.02,False,2.702702702702703e-06,0.0001837837837837838,0.0001837837837837838,0.0001837837837837838,,working/figures/Supplemental Figure 10 - mutant prs and other/D - prs_hipA mdk/MDK_prs_mutant.xlsx,Supplementary Figure 10
1,10,pc,1,pc,1,1,40,4,0.0001,19999999.999999996,114999999.99999999,0.17391304347826086,26,40,4,0.0001,,False,measured,0.17391304347826086,0.17391304347826086,True,1,=H26/(J26*0.02),0.020000000000000004,False,0.004347826086956522,0.17391304347826086,0.17391304347826086,0.17391304347826086,,working/figures/Supplemental Figure 10 - mutant prs and other/D - prs_hipA mdk/MDK_prs_mutant.xlsx,Supplementary Figure 10
1,11,pc,2,pc,2,1,49,4,0.0001,24499999.999999996,85000000.0,0.28823529411764703,27,49,4,0.0001,,False,measured,0.28823529411764703,0.28823529411764703,True,2,=H27/(J27*0.02),0.020000000000000004,False,0.00588235294117647,0.28823529411764703,0.28823529411764703,0.28823529411764703,,working/figures/Supplemental Figure 10 - mutant prs and other/D - prs_hipA mdk/MDK_prs_mutant.xlsx,Supplementary Figure 10
1,12,pc,3,pc,3,1,43,4,0.0001,21499999.999999996,99999999.99999999,0.215,28,43,4,0.0001,,False,measured,0.215,0.215,True,3,=H28/(J28*0.02),0.020000000000000004,False,0.005,0.215,0.215,0.215,,working/figures/Supplemental Figure 10 - mutant prs and other/D - prs_hipA mdk/MDK_prs_mutant.xlsx,Supplementary Figure 10
1,13,plac,1,plac,1,1,88,1,0.1,44000.0,99999999.99999999,0.00044000000000000007,29,88,1,0.1,,False,measured,0.00044000000000000007,0.00044000000000000007,True,1,=H29/(J29*0.02),0.02,False,5e-06,0.00044000000000000007,0.00044000000000000007,0.00044000000000000007,,working/figures/Supplemental Figure 10 - mutant prs and other/D - prs_hipA mdk/MDK_prs_mutant.xlsx,Supplementary Figure 10
1,14,plac,2,plac,2,1,120,1,0.1,60000.0,119999999.99999999,0.0005,30,120,1,0.1,,False,measured,0.0005,0.0005,True,2,=H30/(J30*0.02),0.02,False,4.166666666666667e-06,0.0005,0.0005,0.0005,,working/figures/Supplemental Figure 10 - mutant prs and other/D - prs_hipA mdk/MDK_prs_mutant.xlsx,Supplementary Figure 10
1,15,plac,3,plac,3,1,101,1,0.1,50500.0,140000000.0,0.0003607142857142857,31,101,1,0.1,,False,measured,0.0003607142857142857,0.0003607142857142857,True,3,=H31/(J31*0.02),0.02,False,3.5714285714285714e-06,0.0003607142857142857,0.0003607142857142857,0.0003607142857142857,,working/figures/Supplemental Figure 10 - mutant prs and other/D - prs_hipA mdk/MDK_prs_mutant.xlsx,Supplementary Figure 10
1,1,wt,1,wt,1,2,31,-1,10.0,155.0,135000000.0,1.1481481481481482e-06,32,31,-1,10.0,,False,measured,1.1481481481481482e-06,1.1481481481481482e-06,True,1,=H32/(J32*0.02),0.02,False,3.7037037037037036e-08,1.1481481481481482e-06,1.1481481481481482e-06,1.1481481481481482e-06,,working/figures/Supplemental Figure 10 - mutant prs and other/D - prs_hipA mdk/MDK_prs_mutant.xlsx,Supplementary Figure 10
1,2,wt,2,wt,2,2,22,-1,10.0,110.0,124999999.99999999,8.800000000000002e-07,33,22,-1,10.0,,False,measured,8.800000000000002e-07,8.800000000000002e-07,True,2,=H33/(J33*0.02),0.02,False,4e-08,8.800000000000002e-07,8.800000000000002e-07,8.800000000000002e-07,,working/figures/Supplemental Figure 10 - mutant prs and other/D - prs_hipA mdk/MDK_prs_mutant.xlsx,Supplementary Figure 10
1,3,wt,3,wt,3,2,30,-1,10.0,150.0,140000000.0,1.0714285714285714e-06,34,30,-1,10.0,,False,measured,1.0714285714285714e-06,1.0714285714285714e-06,True,3,=H34/(J34*0.02),0.02,False,3.571428571428571e-08,1.0714285714285714e-06,1.0714285714285714e-06,1.0714285714285714e-06,,working/figures/Supplemental Figure 10 - mutant prs and other/D - prs_hipA mdk/MDK_prs_mutant.xlsx,Supplementary Figure 10
1,4,prs,1,prs,1,2,48,2,0.01,240000.0,54999999.99999999,0.004363636363636364,35,48,2,0.01,,False,measured,0.004363636363636364,0.004363636363636364,True,1,=H35/(J35*0.02),0.02,False,9.090909090909093e-05,0.004363636363636364,0.004363636363636364,0.004363636363636364,,working/figures/Supplemental Figure 10 - mutant prs and other/D - prs_hipA mdk/MDK_prs_mutant.xlsx,Supplementary Figure 10
1,5,prs,2,prs,2,2,82,2,0.01,410000.0,99999999.99999999,0.0041,36,82,2,0.01,,False,measured,0.0041,0.0041,True,2,=H36/(J36*0.02),0.02,False,5.000000000000001e-05,0.0041,0.0041,0.0041,,working/figures/Supplemental Figure 10 - mutant prs and other/D - prs_hipA mdk/MDK_prs_mutant.xlsx,Supplementary Figure 10
1,6,prs,3,prs,3,2,88,2,0.01,440000.0,85000000.0,0.0051764705882352945,37,88,2,0.01,,False,measured,0.0051764705882352945,0.0051764705882352945,True,3,=H37/(J37*0.02),0.02,False,5.882352941176471e-05,0.0051764705882352945,0.0051764705882352945,0.0051764705882352945,,working/figures/Supplemental Figure 10 - mutant prs and other/D - prs_hipA mdk/MDK_prs_mutant.xlsx,Supplementary Figure 10
1,7,hipa,1,hipa,1,2,66,0,1.0,3300.0,174999999.99999997,1.885714285714286e-05,38,66,0,1.0,,False,measured,1.885714285714286e-05,1.885714285714286e-05,True,1,=H38/(J38*0.02),0.02,False,2.8571428571428575e-07,1.885714285714286e-05,1.885714285714286e-05,1.885714285714286e-05,,working/figures/Supplemental Figure 10 - mutant prs and other/D - prs_hipA mdk/MDK_prs_mutant.xlsx,Supplementary Figure 10
1,8,hipa,2,hipa,2,2,58,0,1.0,2900.0,145000000.0,2e-05,39,58,0,1.0,,False,measured,2e-05,2e-05,True,2,=H39/(J39*0.02),0.02,False,3.4482758620689656e-07,2e-05,2e-05,2e-05,,working/figures/Supplemental Figure 10 - mutant prs and other/D - prs_hipA mdk/MDK_prs_mutant.xlsx,Supplementary Figure 10
1,9,hipa,3,hipa,3,2,61,0,1.0,3050.0,184999999.99999997,1.648648648648649e-05,40,61,0,1.0,,False,measured,1.648648648648649e-05,1.648648648648649e-05,True,3,=H40/(J40*0.02),0.02,False,2.702702702702703e-07,1.648648648648649e-05,1.648648648648649e-05,1.648648648648649e-05,,working/figures/Supplemental Figure 10 - mutant prs and other/D - prs_hipA mdk/MDK_prs_mutant.xlsx,Supplementary Figure 10
1,10,pc,1,pc,1,2,96,3,0.001,4800000.0,114999999.99999999,0.04173913043478261,41,96,3,0.001,,False,measured,0.04173913043478261,0.04173913043478261,True,1,=H41/(J41*0.02),0.02,False,0.0004347826086956522,0.04173913043478261,0.04173913043478261,0.04173913043478261,,working/figures/Supplemental Figure 10 - mutant prs and other/D - prs_hipA mdk/MDK_prs_mutant.xlsx,Supplementary Figure 10
1,11,pc,2,pc,2,2,106,3,0.001,5300000.0,85000000.0,0.06235294117647059,42,106,3,0.001,,False,measured,0.06235294117647059,0.06235294117647059,True,2,=H42/(J42*0.02),0.02,False,0.000588235294117647,0.06235294117647059,0.06235294117647059,0.06235294117647059,,working/figures/Supplemental Figure 10 - mutant prs and other/D - prs_hipA mdk/MDK_prs_mutant.xlsx,Supplementary Figure 10
1,12,pc,3,pc,3,2,117,3,0.001,5849999.999999999,99999999.99999999,0.058499999999999996,43,117,3,0.001,,False,measured,0.058499999999999996,0.058499999999999996,True,3,=H43/(J43*0.02),0.020000000000000004,False,0.0004999999999999999,0.058499999999999996,0.058499999999999996,0.058499999999999996,,working/figures/Supplemental Figure 10 - mutant prs and other/D - prs_hipA mdk/MDK_prs_mutant.xlsx,Supplementary Figure 10
1,13,plac,1,plac,1,2,103,1,0.1,51500.0,99999999.99999999,0.000515,44,103,1,0.1,,False,measured,0.000515,0.000515,True,1,=H44/(J44*0.02),0.02,False,5e-06,0.000515,0.000515,0.000515,,working/figures/Supplemental Figure 10 - mutant prs and other/D - prs_hipA mdk/MDK_prs_mutant.xlsx,Supplementary Figure 10
1,14,plac,2,plac,2,2,95,1,0.1,47500.0,119999999.99999999,0.0003958333333333334,45,95,1,0.1,,False,measured,0.0003958333333333334,0.0003958333333333334,True,2,=H45/(J45*0.02),0.02,False,4.166666666666667e-06,0.0003958333333333334,0.0003958333333333334,0.0003958333333333334,,working/figures/Supplemental Figure 10 - mutant prs and other/D - prs_hipA mdk/MDK_prs_mutant.xlsx,Supplementary Figure 10
1,15,plac,3,plac,3,2,107,1,0.1,53500.0,140000000.0,0.00038214285714285715,46,107,1,0.1,,False,measured,0.00038214285714285715,0.00038214285714285715,True,3,=H46/(J46*0.02),0.02,False,3.5714285714285714e-06,0.00038214285714285715,0.00038214285714285715,0.00038214285714285715,,working/figures/Supplemental Figure 10 - mutant prs and other/D - prs_hipA mdk/MDK_prs_mutant.xlsx,Supplementary Figure 10
1,1,wt,1,wt,1,3,14,-1,10.0,70.0,135000000.0,5.185185185185186e-07,47,14,-1,10.0,,False,measured,5.185185185185186e-07,5.185185185185186e-07,True,1,=H47/(J47*0.02),0.02,False,3.7037037037037036e-08,5.185185185185186e-07,5.185185185185186e-07,5.185185185185186e-07,,working/figures/Supplemental Figure 10 - mutant prs and other/D - prs_hipA mdk/MDK_prs_mutant.xlsx,Supplementary Figure 10
1,2,wt,2,wt,2,3,6,-1,10.0,30.0,124999999.99999999,2.4000000000000003e-07,48,6,-1,10.0,,False,measured,2.4000000000000003e-07,2.4000000000000003e-07,True,2,=H48/(J48*0.02),0.02,False,4e-08,2.4000000000000003e-07,2.4000000000000003e-07,2.4000000000000003e-07,,working/figures/Supplemental Figure 10 - mutant prs and other/D - prs_hipA mdk/MDK_prs_mutant.xlsx,Supplementary Figure 10
1,3,wt,3,wt,3,3,9,-1,10.0,45.0,140000000.0,3.2142857142857145e-07,49,9,-1,10.0,,False,measured,3.2142857142857145e-07,3.2142857142857145e-07,True,3,=H49/(J49*0.02),0.02,False,3.571428571428571e-08,3.2142857142857145e-07,3.2142857142857145e-07,3.2142857142857145e-07,,working/figures/Supplemental Figure 10 - mutant prs and other/D - prs_hipA mdk/MDK_prs_mutant.xlsx,Supplementary Figure 10
1,4,prs,1,prs,1,3,26,2,0.01,130000.0,54999999.99999999,0.0023636363636363638,50,26,2,0.01,,False,measured,0.0023636363636363638,0.0023636363636363638,True,1,=H50/(J50*0.02),0.02,False,9.090909090909093e-05,0.0023636363636363638,0.0023636363636363638,0.0023636363636363638,,working/figures/Supplemental Figure 10 - mutant prs and other/D - prs_hipA mdk/MDK_prs_mutant.xlsx,Supplementary Figure 10
1,5,prs,2,prs,2,3,32,2,0.01,160000.0,99999999.99999999,0.0016000000000000003,51,32,2,0.01,,False,measured,0.0016000000000000003,0.0016000000000000003,True,2,=H51/(J51*0.02),0.02,False,5.000000000000001e-05,0.0016000000000000003,0.0016000000000000003,0.0016000000000000003,,working/figures/Supplemental Figure 10 - mutant prs and other/D - prs_hipA mdk/MDK_prs_mutant.xlsx,Supplementary Figure 10
1,6,prs,3,prs,3,3,33,2,0.01,165000.0,85000000.0,0.0019411764705882352,52,33,2,0.01,,False,measured,0.0019411764705882352,0.0019411764705882352,True,3,=H52/(J52*0.02),0.02,False,5.882352941176471e-05,0.0019411764705882352,0.0019411764705882352,0.0019411764705882352,,working/figures/Supplemental Figure 10 - mutant prs and other/D - prs_hipA mdk/MDK_prs_mutant.xlsx,Supplementary Figure 10
1,7,hipa,1,hipa,1,3,19,0,1.0,950.0,174999999.99999997,5.42857142857143e-06,53,19,0,1.0,,False,measured,5.42857142857143e-06,5.42857142857143e-06,True,1,=H53/(J53*0.02),0.02,False,2.8571428571428575e-07,5.42857142857143e-06,5.42857142857143e-06,5.42857142857143e-06,,working/figures/Supplemental Figure 10 - mutant prs and other/D - prs_hipA mdk/MDK_prs_mutant.xlsx,Supplementary Figure 10
1,8,hipa,2,hipa,2,3,22,0,1.0,1100.0,145000000.0,7.586206896551724e-06,54,22,0,1.0,,False,measured,7.586206896551724e-06,7.586206896551724e-06,True,2,=H54/(J54*0.02),0.02,False,3.4482758620689656e-07,7.586206896551724e-06,7.586206896551724e-06,7.586206896551724e-06,,working/figures/Supplemental Figure 10 - mutant prs and other/D - prs_hipA mdk/MDK_prs_mutant.xlsx,Supplementary Figure 10
1,9,hipa,3,hipa,3,3,29,0,1.0,1450.0,184999999.99999997,7.83783783783784e-06,55,29,0,1.0,,False,measured,7.83783783783784e-06,7.83783783783784e-06,True,3,=H55/(J55*0.02),0.02,False,2.702702702702703e-07,7.83783783783784e-06,7.83783783783784e-06,7.83783783783784e-06,,working/figures/Supplemental Figure 10 - mutant prs and other/D - prs_hipA mdk/MDK_prs_mutant.xlsx,Supplementary Figure 10
1,10,pc,1,pc,1,3,99,3,0.001,4950000.0,114999999.99999999,0.04304347826086957,56,99,3,0.001,,False,measured,0.04304347826086957,0.04304347826086957,True,1,=H56/(J56*0.02),0.02,False,0.0004347826086956522,0.04304347826086957,0.04304347826086957,0.04304347826086957,,working/figures/Supplemental Figure 10 - mutant prs and other/D - prs_hipA mdk/MDK_prs_mutant.xlsx,Supplementary Figure 10
1,11,pc,2,pc,2,3,95,3,0.001,4750000.0,85000000.0,0.05588235294117647,57,95,3,0.001,,False,measured,0.05588235294117647,0.05588235294117647,True,2,=H57/(J57*0.02),0.02,False,0.000588235294117647,0.05588235294117647,0.05588235294117647,0.05588235294117647,,working/figures/Supplemental Figure 10 - mutant prs and other/D - prs_hipA mdk/MDK_prs_mutant.xlsx,Supplementary Figure 10
1,12,pc,3,pc,3,3,96,3,0.001,4800000.0,99999999.99999999,0.04800000000000001,58,96,3,0.001,,False,measured,0.04800000000000001,0.04800000000000001,True,3,=H58/(J58*0.02),0.02,False,0.0005,0.04800000000000001,0.04800000000000001,0.04800000000000001,,working/figures/Supplemental Figure 10 - mutant prs and other/D - prs_hipA mdk/MDK_prs_mutant.xlsx,Supplementary Figure 10
1,13,plac,1,plac,1,3,62,1,0.1,31000.0,99999999.99999999,0.00031000000000000005,59,62,1,0.1,,False,measured,0.00031000000000000005,0.00031000000000000005,True,1,=H59/(J59*0.02),0.02,False,5e-06,0.00031000000000000005,0.00031000000000000005,0.00031000000000000005,,working/figures/Supplemental Figure 10 - mutant prs and other/D - prs_hipA mdk/MDK_prs_mutant.xlsx,Supplementary Figure 10
1,14,plac,2,plac,2,3,56,1,0.1,28000.0,119999999.99999999,0.00023333333333333336,60,56,1,0.1,,False,measured,0.00023333333333333336,0.00023333333333333336,True,2,=H60/(J60*0.02),0.02,False,4.166666666666667e-06,0.00023333333333333336,0.00023333333333333336,0.00023333333333333336,,working/figures/Supplemental Figure 10 - mutant prs and other/D - prs_hipA mdk/MDK_prs_mutant.xlsx,Supplementary Figure 10
1,15,plac,3,plac,3,3,89,1,0.1,44500.0,140000000.0,0.00031785714285714284,61,89,1,0.1,,False,measured,0.00031785714285714284,0.00031785714285714284,True,3,=H61/(J61*0.02),0.02,False,3.5714285714285714e-06,0.00031785714285714284,0.00031785714285714284,0.00031785714285714284,,working/figures/Supplemental Figure 10 - mutant prs and other/D - prs_hipA mdk/MDK_prs_mutant.xlsx,Supplementary Figure 10
1,1,wt,1,wt,1,5,1,-1,10.0,5.0,135000000.0,3.7037037037037036e-08,62,1,-1,10.0,,False,measured,3.7037037037037036e-08,3.7037037037037036e-08,True,1,=H62/(J62*0.02),0.02,False,3.7037037037037036e-08,3.7037037037037036e-08,3.7037037037037036e-08,3.7037037037037036e-08,,working/figures/Supplemental Figure 10 - mutant prs and other/D - prs_hipA mdk/MDK_prs_mutant.xlsx,Supplementary Figure 10
1,2,wt,2,wt,2,5,2,-1,10.0,10.0,124999999.99999999,8.000000000000001e-08,63,2,-1,10.0,,False,measured,8.000000000000001e-08,8.000000000000001e-08,True,2,=H63/(J63*0.02),0.02,False,4e-08,8.000000000000001e-08,8.000000000000001e-08,8.000000000000001e-08,,working/figures/Supplemental Figure 10 - mutant prs and other/D - prs_hipA mdk/MDK_prs_mutant.xlsx,Supplementary Figure 10
1,3,wt,3,wt,3,5,5,-1,10.0,25.0,140000000.0,1.7857142857142858e-07,64,5,-1,10.0,,False,measured,1.7857142857142858e-07,1.7857142857142858e-07,True,3,=H64/(J64*0.02),0.02,False,3.571428571428571e-08,1.7857142857142858e-07,1.7857142857142858e-07,1.7857142857142858e-07,,working/figures/Supplemental Figure 10 - mutant prs and other/D - prs_hipA mdk/MDK_prs_mutant.xlsx,Supplementary Figure 10
1,4,prs,1,prs,1,5,40,1,0.1,20000.0,54999999.99999999,0.00036363636363636367,65,40,1,0.1,,False,measured,0.00036363636363636367,0.00036363636363636367,True,1,=H65/(J65*0.02),0.02,False,9.090909090909093e-06,0.00036363636363636367,0.00036363636363636367,0.00036363636363636367,,working/figures/Supplemental Figure 10 - mutant prs and other/D - prs_hipA mdk/MDK_prs_mutant.xlsx,Supplementary Figure 10
1,5,prs,2,prs,2,5,21,1,0.1,10500.0,99999999.99999999,0.00010500000000000002,66,21,1,0.1,,False,measured,0.00010500000000000002,0.00010500000000000002,True,2,=H66/(J66*0.02),0.02,False,5e-06,0.00010500000000000002,0.00010500000000000002,0.00010500000000000002,,working/figures/Supplemental Figure 10 - mutant prs and other/D - prs_hipA mdk/MDK_prs_mutant.xlsx,Supplementary Figure 10
1,6,prs,3,prs,3,5,29,1,0.1,14500.0,85000000.0,0.00017058823529411766,67,29,1,0.1,,False,measured,0.00017058823529411766,0.00017058823529411766,True,3,=H67/(J67*0.02),0.02,False,5.882352941176471e-06,0.00017058823529411766,0.00017058823529411766,0.00017058823529411766,,working/figures/Supplemental Figure 10 - mutant prs and other/D - prs_hipA mdk/MDK_prs_mutant.xlsx,Supplementary Figure 10
1,7,hipa,1,hipa,1,5,31,-1,10.0,155.0,174999999.99999997,8.857142857142858e-07,68,31,-1,10.0,,False,measured,8.857142857142858e-07,8.857142857142858e-07,True,1,=H68/(J68*0.02),0.02,False,2.857142857142858e-08,8.857142857142858e-07,8.857142857142858e-07,8.857142857142858e-07,,working/figures/Supplemental Figure 10 - mutant prs and other/D - prs_hipA mdk/MDK_prs_mutant.xlsx,Supplementary Figure 10
1,8,hipa,2,hipa,2,5,41,-1,10.0,205.0,145000000.0,1.4137931034482759e-06,69,41,-1,10.0,,False,measured,1.4137931034482759e-06,1.4137931034482759e-06,True,2,=H69/(J69*0.02),0.019999999999999997,False,3.4482758620689664e-08,1.4137931034482759e-06,1.4137931034482759e-06,1.4137931034482759e-06,,working/figures/Supplemental Figure 10 - mutant prs and other/D - prs_hipA mdk/MDK_prs_mutant.xlsx,Supplementary Figure 10
1,9,hipa,3,hipa,3,5,37,-1,10.0,185.0,184999999.99999997,1.0000000000000002e-06,70,37,-1,10.0,,False,measured,1.0000000000000002e-06,1.0000000000000002e-06,True,3,=H70/(J70*0.02),0.02,False,2.702702702702703e-08,1.0000000000000002e-06,1.0000000000000002e-06,1.0000000000000002e-06,,working/figures/Supplemental Figure 10 - mutant prs and other/D - prs_hipA mdk/MDK_prs_mutant.xlsx,Supplementary Figure 10
1,10,pc,1,pc,1,5,30,3,0.001,1499999.9999999998,114999999.99999999,0.013043478260869565,71,30,3,0.001,,False,measured,0.013043478260869565,0.013043478260869565,True,1,=H71/(J71*0.02),0.020000000000000004,False,0.0004347826086956521,0.013043478260869565,0.013043478260869565,0.013043478260869565,,working/figures/Supplemental Figure 10 - mutant prs and other/D - prs_hipA mdk/MDK_prs_mutant.xlsx,Supplementary Figure 10
1,11,pc,2,pc,2,5,19,3,0.001,949999.9999999999,85000000.0,0.011176470588235293,72,19,3,0.001,,False,measured,0.011176470588235293,0.011176470588235293,True,2,=H72/(J72*0.02),0.020000000000000004,False,0.0005882352941176469,0.011176470588235293,0.011176470588235293,0.011176470588235293,,working/figures/Supplemental Figure 10 - mutant prs and other/D - prs_hipA mdk/MDK_prs_mutant.xlsx,Supplementary Figure 10
1,12,pc,3,pc,3,5,25,3,0.001,1250000.0,99999999.99999999,0.012500000000000002,73,25,3,0.001,,False,measured,0.012500000000000002,0.012500000000000002,True,3,=H73/(J73*0.02),0.02,False,0.0005,0.012500000000000002,0.012500000000000002,0.012500000000000002,,working/figures/Supplemental Figure 10 - mutant prs and other/D - prs_hipA mdk/MDK_prs_mutant.xlsx,Supplementary Figure 10
1,13,plac,1,plac,1,5,17,1,0.1,8500.0,99999999.99999999,8.5e-05,74,17,1,0.1,,False,measured,8.5e-05,8.5e-05,True,1,=H74/(J74*0.02),0.02,False,5e-06,8.5e-05,8.5e-05,8.5e-05,,working/figures/Supplemental Figure 10 - mutant prs and other/D - prs_hipA mdk/MDK_prs_mutant.xlsx,Supplementary Figure 10
1,14,plac,2,plac,2,5,15,1,0.1,7500.0,119999999.99999999,6.25e-05,75,15,1,0.1,,False,measured,6.25e-05,6.25e-05,True,2,=H75/(J75*0.02),0.02,False,4.166666666666667e-06,6.25e-05,6.25e-05,6.25e-05,,working/figures/Supplemental Figure 10 - mutant prs and other/D - prs_hipA mdk/MDK_prs_mutant.xlsx,Supplementary Figure 10
1,15,plac,3,plac,3,5,23,1,0.1,11500.0,140000000.0,8.214285714285714e-05,76,23,1,0.1,,False,measured,8.214285714285714e-05,8.214285714285714e-05,True,3,=H76/(J76*0.02),0.02,False,3.5714285714285714e-06,8.214285714285714e-05,8.214285714285714e-05,8.214285714285714e-05,,working/figures/Supplemental Figure 10 - mutant prs and other/D - prs_hipA mdk/MDK_prs_mutant.xlsx,Supplementary Figure 10
1,1,wt,1,wt,1,7,4,-1,10.0,20.0,135000000.0,1.4814814814814815e-07,77,4,-1,10.0,,False,measured,1.4814814814814815e-07,1.4814814814814815e-07,True,1,=H77/(J77*0.02),0.02,False,3.7037037037037036e-08,1.4814814814814815e-07,1.4814814814814815e-07,1.4814814814814815e-07,,working/figures/Supplemental Figure 10 - mutant prs and other/D - prs_hipA mdk/MDK_prs_mutant.xlsx,Supplementary Figure 10
1,2,wt,2,wt,2,7,1,-1,10.0,5.0,124999999.99999999,4.000000000000001e-08,78,1,-1,10.0,,False,measured,4.000000000000001e-08,4.000000000000001e-08,True,2,=H78/(J78*0.02),0.02,False,4e-08,4.000000000000001e-08,4.000000000000001e-08,4.000000000000001e-08,,working/figures/Supplemental Figure 10 - mutant prs and other/D - prs_hipA mdk/MDK_prs_mutant.xlsx,Supplementary Figure 10
1,3,wt,3,wt,3,7,1,-1,10.0,5.0,140000000.0,3.571428571428571e-08,79,1,-1,10.0,,False,measured,3.571428571428571e-08,3.571428571428571e-08,True,3,=H79/(J79*0.02),0.02,False,3.571428571428571e-08,3.571428571428571e-08,3.571428571428571e-08,3.571428571428571e-08,,working/figures/Supplemental Figure 10 - mutant prs and other/D - prs_hipA mdk/MDK_prs_mutant.xlsx,Supplementary Figure 10
1,4,prs,1,prs,1,7,54,0,1.0,2700.0,54999999.99999999,4.90909090909091e-05,80,54,0,1.0,,False,measured,4.90909090909091e-05,4.90909090909091e-05,True,1,=H80/(J80*0.02),0.02,False,9.090909090909093e-07,4.90909090909091e-05,4.90909090909091e-05,4.90909090909091e-05,,working/figures/Supplemental Figure 10 - mutant prs and other/D - prs_hipA mdk/MDK_prs_mutant.xlsx,Supplementary Figure 10
1,5,prs,2,prs,2,7,40,0,1.0,2000.0,99999999.99999999,2e-05,81,40,0,1.0,,False,measured,2e-05,2e-05,True,2,=H81/(J81*0.02),0.02,False,5.000000000000001e-07,2e-05,2e-05,2e-05,,working/figures/Supplemental Figure 10 - mutant prs and other/D - prs_hipA mdk/MDK_prs_mutant.xlsx,Supplementary Figure 10
1,6,prs,3,prs,3,7,45,0,1.0,2250.0,85000000.0,2.647058823529412e-05,82,45,0,1.0,,False,measured,2.647058823529412e-05,2.647058823529412e-05,True,3,=H82/(J82*0.02),0.02,False,5.88235294117647e-07,2.647058823529412e-05,2.647058823529412e-05,2.647058823529412e-05,,working/figures/Supplemental Figure 10 - mutant prs and other/D - prs_hipA mdk/MDK_prs_mutant.xlsx,Supplementary Figure 10
1,7,hipa,1,hipa,1,7,13,-1,10.0,65.0,174999999.99999997,3.714285714285715e-07,83,13,-1,10.0,,False,measured,3.714285714285715e-07,3.714285714285715e-07,True,1,=H83/(J83*0.02),0.02,False,2.857142857142858e-08,3.714285714285715e-07,3.714285714285715e-07,3.714285714285715e-07,,working/figures/Supplemental Figure 10 - mutant prs and other/D - prs_hipA mdk/MDK_prs_mutant.xlsx,Supplementary Figure 10
1,8,hipa,2,hipa,2,7,20,-1,10.0,100.0,145000000.0,6.896551724137931e-07,84,20,-1,10.0,,False,measured,6.896551724137931e-07,6.896551724137931e-07,True,2,=H84/(J84*0.02),0.02,False,3.448275862068966e-08,6.896551724137931e-07,6.896551724137931e-07,6.896551724137931e-07,,working/figures/Supplemental Figure 10 - mutant prs and other/D - prs_hipA mdk/MDK_prs_mutant.xlsx,Supplementary Figure 10
1,9,hipa,3,hipa,3,7,10,-1,10.0,50.0,184999999.99999997,2.702702702702703e-07,85,10,-1,10.0,,False,measured,2.702702702702703e-07,2.702702702702703e-07,True,3,=H85/(J85*0.02),0.02,False,2.702702702702703e-08,2.702702702702703e-07,2.702702702702703e-07,2.702702702702703e-07,,working/figures/Supplemental Figure 10 - mutant prs and other/D - prs_hipA mdk/MDK_prs_mutant.xlsx,Supplementary Figure 10
1,10,pc,1,pc,1,7,90,2,0.01,450000.0,114999999.99999999,0.00391304347826087,86,90,2,0.01,,False,measured,0.00391304347826087,0.00391304347826087,True,1,=H86/(J86*0.02),0.02,False,4.347826086956523e-05,0.00391304347826087,0.00391304347826087,0.00391304347826087,,working/figures/Supplemental Figure 10 - mutant prs and other/D - prs_hipA mdk/MDK_prs_mutant.xlsx,Supplementary Figure 10
1,11,pc,2,pc,2,7,90,2,0.01,450000.0,85000000.0,0.005294117647058823,87,90,2,0.01,,False,measured,0.005294117647058823,0.005294117647058823,True,2,=H87/(J87*0.02),0.02,False,5.882352941176471e-05,0.005294117647058823,0.005294117647058823,0.005294117647058823,,working/figures/Supplemental Figure 10 - mutant prs and other/D - prs_hipA mdk/MDK_prs_mutant.xlsx,Supplementary Figure 10
1,12,pc,3,pc,3,7,73,2,0.01,365000.0,99999999.99999999,0.0036500000000000005,88,73,2,0.01,,False,measured,0.0036500000000000005,0.0036500000000000005,True,3,=H88/(J88*0.02),0.02,False,5.000000000000001e-05,0.0036500000000000005,0.0036500000000000005,0.0036500000000000005,,working/figures/Supplemental Figure 10 - mutant prs and other/D - prs_hipA mdk/MDK_prs_mutant.xlsx,Supplementary Figure 10
1,13,plac,1,plac,1,7,56,-1,10.0,280.0,99999999.99999999,2.8000000000000003e-06,89,56,-1,10.0,,False,measured,2.8000000000000003e-06,2.8000000000000003e-06,True,1,=H89/(J89*0.02),0.02,False,5.000000000000001e-08,2.8000000000000003e-06,2.8000000000000003e-06,2.8000000000000003e-06,,working/figures/Supplemental Figure 10 - mutant prs and other/D - prs_hipA mdk/MDK_prs_mutant.xlsx,Supplementary Figure 10
1,14,plac,2,plac,2,7,52,-1,10.0,260.0,119999999.99999999,2.166666666666667e-06,90,52,-1,10.0,,False,measured,2.166666666666667e-06,2.166666666666667e-06,True,2,=H90/(J90*0.02),0.02,False,4.166666666666667e-08,2.166666666666667e-06,2.166666666666667e-06,2.166666666666667e-06,,working/figures/Supplemental Figure 10 - mutant prs and other/D - prs_hipA mdk/MDK_prs_mutant.xlsx,Supplementary Figure 10
1,15,plac,3,plac,3,7,47,-1,10.0,235.0,140000000.0,1.6785714285714286e-06,91,47,-1,10.0,,False,measured,1.6785714285714286e-06,1.6785714285714286e-06,True,3,=H91/(J91*0.02),0.02,False,3.571428571428571e-08,1.6785714285714286e-06,1.6785714285714286e-06,1.6785714285714286e-06,,working/figures/Supplemental Figure 10 - mutant prs and other/D - prs_hipA mdk/MDK_prs_mutant.xlsx,Supplementary Figure 10
