Panel,contrast_id,disposition,test_17aug,q_bh_17aug,call_17aug,test_now,p_holm_now,call_now,changed
Figure 2b-d,LEV:P-vs-PA,matched,unpaired Welch,0.0182661791490502,True,"paired t on log10, aligned on culture",0.010496048877342129,True,False
Figure 2b-d,LEV:P-vs-PC,matched,unpaired Welch,0.3481541915323121,False,"paired t on log10, aligned on culture",0.37499844064422516,False,False
Figure 2b-d,LEV:P-vs-PL,matched,unpaired Welch,2.166855849717256e-13,True,"paired t on log10, aligned on culture",4.002973895872818e-09,True,False
Figure 2b-d,AMI:P-vs-PA,matched,unpaired Welch,1.9914983753663607e-11,True,"paired t on log10, aligned on culture",7.994418542947055e-07,True,False
Figure 2b-d,AMI:P-vs-PC,matched,unpaired Welch,0.5940970336609848,False,"paired t on log10, aligned on culture",0.5541866029571267,False,False
Figure 2b-d,AMI:P-vs-PL,matched,unpaired Welch,0.9992346978672256,False,"paired t on log10, aligned on culture",0.9992122642211936,False,False
Figure 2b-d,CEF:P-vs-PA,matched,unpaired Welch,0.018172591755082,True,"paired t on log10, aligned on culture",0.032061092126329294,True,False
Figure 2b-d,CEF:P-vs-PC,matched,unpaired Welch,0.0140258243593883,True,"paired t on log10, aligned on culture",0.026456024648718282,True,False
Figure 2b-d,CEF:P-vs-PL,matched,unpaired Welch,1.2079217108330258e-05,True,"paired t on log10, aligned on culture",0.0005101938531096667,True,False
Figure 3b-d,LEV:P-vs-PL,matched,unpaired Welch,4.333711699434512e-13,True,"paired t on log10, aligned on culture",8.005947791745636e-09,True,False
Figure 3b-d,LEV:P-vs-PLA,matched,unpaired Welch,5.274957636068864e-10,True,"paired t on log10, aligned on culture",1.8920578182228506e-07,True,False
Figure 3b-d,LEV:P-vs-PLAC,matched,unpaired Welch,4.594371931052455e-08,True,"paired t on log10, aligned on culture",1.3009331830820914e-06,True,False
Figure 3b-d,LEV:PL-vs-PLA,matched,paired,0.0006282225694262,True,"paired t on log10, aligned on culture",0.0012564451388524874,True,False
Figure 3b-d,LEV:PL-vs-PLAC,matched,paired,0.0086895065513007,True,"paired t on log10, aligned on culture",0.014482510918834606,True,False
Figure 3b-d,LEV:PLA-vs-PLAC,matched,paired,0.388966435917593,False,"paired t on log10, aligned on culture",0.38896643591759306,False,False
Figure 3b-d,AMI:P-vs-PL,matched,unpaired Welch,0.9992346978672256,False,"paired t on log10, aligned on culture",0.9992122642211936,False,False
Figure 3b-d,AMI:P-vs-PLA,matched,unpaired Welch,1.5070501357612892e-11,True,"paired t on log10, aligned on culture",5.3493986488677525e-08,True,False
Figure 3b-d,AMI:P-vs-PLAC,matched,unpaired Welch,0.0015990177590196,True,"paired t on log10, aligned on culture",0.00581010772685891,True,False
Figure 3b-d,AMI:PL-vs-PLA,matched,paired,6.06176774585888e-08,True,"paired t on log10, aligned on culture",1.010294624309813e-07,True,False
Figure 3b-d,AMI:PL-vs-PLAC,matched,paired,0.0046581925546797,True,"paired t on log10, aligned on culture",0.007763654257799556,True,False
Figure 3b-d,AMI:PLA-vs-PLAC,matched,paired,0.0005951633635613,True,"paired t on log10, aligned on culture",0.0011903267271226713,True,False
Figure 3b-d,CEF:P-vs-PL,matched,unpaired Welch,2.4158434216660517e-05,True,"paired t on log10, aligned on culture",0.0010203877062193334,True,False
Figure 3b-d,CEF:P-vs-PLA,matched,unpaired Welch,0.18724918735912,False,"paired t on log10, aligned on culture",0.3188216420874766,False,False
Figure 3b-d,CEF:P-vs-PLAC,matched,unpaired Welch,0.052517402935387,False,"paired t on log10, aligned on culture",0.14467675560063514,False,False
Figure 3b-d,CEF:PL-vs-PLA,matched,paired,0.0125296738288104,True,"paired t on log10, aligned on culture",0.02505934765762088,True,False
Figure 3b-d,CEF:PL-vs-PLAC,matched,paired,0.0064257366044995,True,"paired t on log10, aligned on culture",0.010709561007499317,True,False
Figure 3b-d,CEF:PLA-vs-PLAC,matched,paired,0.5269413837589554,False,"paired t on log10, aligned on culture",0.5269413837589554,False,False
Supplementary Figure 3b-d,LEV:P-vs-PCr,matched,unpaired Welch,0.0034018276110309,True,"paired t on log10, aligned on culture",0.0031618670363619426,True,False
Supplementary Figure 3b-d,AMI:P-vs-PCr,matched,unpaired Welch,0.1292536713275595,False,"paired t on log10, aligned on culture",0.05111493054652427,False,False
Supplementary Figure 3b-d,CEF:P-vs-PCr,matched,unpaired Welch,0.0022378719963348,True,"paired t on log10, aligned on culture",0.0023946443537977307,True,False
Supplementary Figure 4b-d,LEV:ATEC-vs-ATEC-C,matched,unpaired Welch,0.0759199336229853,False,Welch t on log10,0.07591993362298537,False,False
Supplementary Figure 4b-d,AMI:ATEC-vs-ATEC-C,matched,unpaired Welch,0.191968600870176,False,Welch t on log10,0.19196860087017606,False,False
Supplementary Figure 4b-d,CEF:ATEC-vs-ATEC-C,matched,unpaired Welch,0.1587593268228334,False,Welch t on log10,0.15875932682283342,False,False
Supplementary Figure 6a-c,LEV:P-vs-P-unt,matched,unpaired Welch,0.0116018969310307,True,"paired t on log10, aligned on culture",0.003946843234391711,True,False
Supplementary Figure 6a-c,AMI:P-vs-P-unt,matched,unpaired Welch,0.0331719022489566,True,"paired t on log10, aligned on culture",0.01731637960062372,True,False
Supplementary Figure 6a-c,CEF:P-vs-P-unt,matched,unpaired Welch,0.0146815668766035,True,"paired t on log10, aligned on culture",0.019063061538381408,True,False
Figure 5b-d,AMI:MG-vs-gata,"retired: biological n=1, descriptive reporting","Dunnett (log10, pooled SD)",0.9581877679893402,False,descriptive,,,False
Figure 5b-d,AMI:MG-vs-glvc,"retired: biological n=1, descriptive reporting","Dunnett (log10, pooled SD)",0.997910812113126,False,descriptive,,,False
Figure 5b-d,AMI:MG-vs-hipa,"retired: biological n=1, descriptive reporting","Dunnett (log10, pooled SD)",0.5774059693154884,False,descriptive,,,False
Figure 5b-d,AMI:MG-vs-selb,"retired: biological n=1, descriptive reporting","Dunnett (log10, pooled SD)",2.949549324116063e-06,True,descriptive,,,False
Figure 5b-d,AMI:MG-vs-rpoz,"retired: biological n=1, descriptive reporting","Dunnett (log10, pooled SD)",0.1760706485921179,False,descriptive,,,False
Figure 5b-d,AMI:MG-vs-ftsh,"retired: biological n=1, descriptive reporting","Dunnett (log10, pooled SD)",0.0010881414033865,True,descriptive,,,False
Figure 5b-d,AMI:MG-vs-fime,"retired: biological n=1, descriptive reporting","Dunnett (log10, pooled SD)",0.9277050876253188,False,descriptive,,,False
Figure 5b-d,CEF:MG-vs-gata,"retired: biological n=1, descriptive reporting","Dunnett (log10, pooled SD)",0.9998652135566573,False,descriptive,,,False
Figure 5b-d,CEF:MG-vs-glvc,"retired: biological n=1, descriptive reporting","Dunnett (log10, pooled SD)",0.969625261658957,False,descriptive,,,False
Figure 5b-d,CEF:MG-vs-hipa,"retired: biological n=1, descriptive reporting","Dunnett (log10, pooled SD)",0.562398913226801,False,descriptive,,,False
Figure 5b-d,CEF:MG-vs-selb,"retired: biological n=1, descriptive reporting","Dunnett (log10, pooled SD)",0.934866576218652,False,descriptive,,,False
Figure 5b-d,CEF:MG-vs-rpoz,"retired: biological n=1, descriptive reporting","Dunnett (log10, pooled SD)",0.4402214915810455,False,descriptive,,,False
Figure 5b-d,CEF:MG-vs-ftsh,"retired: biological n=1, descriptive reporting","Dunnett (log10, pooled SD)",0.3089110322554393,False,descriptive,,,False
Figure 5b-d,CEF:MG-vs-fime,"retired: biological n=1, descriptive reporting","Dunnett (log10, pooled SD)",0.6022005843925726,False,descriptive,,,False
Figure 5b-d,LEV:MG-vs-gata,"retired: biological n=1, descriptive reporting","Dunnett (log10, pooled SD)",0.9999999997513648,False,descriptive,,,False
Figure 5b-d,LEV:MG-vs-glvc,"retired: biological n=1, descriptive reporting","Dunnett (log10, pooled SD)",0.160933121407102,False,descriptive,,,False
Figure 5b-d,LEV:MG-vs-hipa,"retired: biological n=1, descriptive reporting","Dunnett (log10, pooled SD)",0.0876689757509657,False,descriptive,,,False
Figure 5b-d,LEV:MG-vs-selb,"retired: biological n=1, descriptive reporting","Dunnett (log10, pooled SD)",0.0002758299346152,True,descriptive,,,False
Figure 5b-d,LEV:MG-vs-rpoz,"retired: biological n=1, descriptive reporting","Dunnett (log10, pooled SD)",0.999622228122971,False,descriptive,,,False
Figure 5b-d,LEV:MG-vs-ftsh,"retired: biological n=1, descriptive reporting","Dunnett (log10, pooled SD)",0.8288171998174085,False,descriptive,,,False
Figure 5b-d,LEV:MG-vs-fime,"retired: biological n=1, descriptive reporting","Dunnett (log10, pooled SD)",0.0656148820494111,False,descriptive,,,False
